2023-02-11 02:20:22 +0000  Initial pipeline context: <IDEDistributionProcessingPipelineContext: 0x7fc9559a9b00; archive(resolved)="<IDEArchive: 0x7fc91f5541e0>", distributionTask(resolved)="2", distributionDestination(resolved)="1", distributionMethod(resolved)="<IDEDistributionMethodDevelopmentSigned: 0x7fc9572e9210>", team(resolved)="<IDEProvisioningDisambiguatableBasicTeam: 0x7fc94a168290; teamID='GMM38QJ4GA', teamName='Retriever Tech Corp.', teamType='Company', username='retriever.it@retriever.ph', isFreeProvisioningTeam='0'>">
	Chain (14, self inclusive):
	<IDEDistributionProcessingPipelineContext: 0x7fc9559a9b00; archive = "<IDEArchive: 0x7fc91f5541e0>", distributionMethod="<IDEDistributionMethodDevelopmentSigned: 0x7fc9572e9210>", team="<IDEProvisioningDisambiguatableBasicTeam: 0x7fc94a168290; teamID='GMM38QJ4GA', teamName='Retriever Tech Corp.', teamType='Company', username='retriever.it@retriever.ph', isFreeProvisioningTeam='0'>">
	<IDEDistributionProcessingPipelineContext: 0x7fc93157bbe0; archive = "<IDEArchive: 0x7fc91f5541e0>", distributionMethod="<IDEDistributionMethodDevelopmentSigned: 0x7fc9572e9210>", team="<IDEProvisioningDisambiguatableBasicTeam: 0x7fc94a168290; teamID='GMM38QJ4GA', teamName='Retriever Tech Corp.', teamType='Company', username='retriever.it@retriever.ph', isFreeProvisioningTeam='0'>">
	<IDEDistributionContext: 0x7fc90d9a55a0; archive = "<IDEArchive: 0x7fc91f5541e0>", distributionMethod="<IDEDistributionMethodDevelopmentSigned: 0x7fc9572e9210>", team="<IDEProvisioningDisambiguatableBasicTeam: 0x7fc94a168290; teamID='GMM38QJ4GA', teamName='Retriever Tech Corp.', teamType='Company', username='retriever.it@retriever.ph', isFreeProvisioningTeam='0'>">
	<IDEDistributionContext: 0x7fc9212d5e40; archive = "<IDEArchive: 0x7fc91f5541e0>", distributionMethod="<IDEDistributionMethodDevelopmentSigned: 0x7fc9572e9210>", team="<IDEProvisioningDisambiguatableBasicTeam: 0x7fc94a168290; teamID='GMM38QJ4GA', teamName='Retriever Tech Corp.', teamType='Company', username='retriever.it@retriever.ph', isFreeProvisioningTeam='0'>">
	<IDEDistributionContext: 0x7fc922351b40; archive = "<IDEArchive: 0x7fc91f5541e0>", distributionMethod="<IDEDistributionMethodDevelopmentSigned: 0x7fc9572e9210>", team="<IDEProvisioningDisambiguatableBasicTeam: 0x7fc94a168290; teamID='GMM38QJ4GA', teamName='Retriever Tech Corp.', teamType='Company', username='retriever.it@retriever.ph', isFreeProvisioningTeam='0'>">
	<IDEDistributionContext: 0x7fc93d07a8b0; archive = "<IDEArchive: 0x7fc91f5541e0>", distributionMethod="<IDEDistributionMethodDevelopmentSigned: 0x7fc9572e9210>", team="<IDEProvisioningDisambiguatableBasicTeam: 0x7fc94a168290; teamID='GMM38QJ4GA', teamName='Retriever Tech Corp.', teamType='Company', username='retriever.it@retriever.ph', isFreeProvisioningTeam='0'>">
	<IDEDistributionContext: 0x7fc9222f0b80; archive = "<IDEArchive: 0x7fc91f5541e0>", distributionMethod="<IDEDistributionMethodDevelopmentSigned: 0x7fc9572e9210>", team="<IDEProvisioningDisambiguatableBasicTeam: 0x7fc94a168290; teamID='GMM38QJ4GA', teamName='Retriever Tech Corp.', teamType='Company', username='retriever.it@retriever.ph', isFreeProvisioningTeam='0'>">
	<IDEDistributionContext: 0x7fc9224809d0; archive = "<IDEArchive: 0x7fc91f5541e0>", distributionMethod="<IDEDistributionMethodDevelopmentSigned: 0x7fc9572e9210>", team="<IDEProvisioningDisambiguatableBasicTeam: 0x7fc94a168290; teamID='GMM38QJ4GA', teamName='Retriever Tech Corp.', teamType='Company', username='retriever.it@retriever.ph', isFreeProvisioningTeam='0'>">
	<IDEDistributionContext: 0x7fc9223724a0; archive = "<IDEArchive: 0x7fc91f5541e0>", distributionMethod="<IDEDistributionMethodDevelopmentSigned: 0x7fc9572e9210>", team="<IDEProvisioningDisambiguatableBasicTeam: 0x7fc94a168290; teamID='GMM38QJ4GA', teamName='Retriever Tech Corp.', teamType='Company', username='retriever.it@retriever.ph', isFreeProvisioningTeam='0'>">
	<IDEDistributionContext: 0x7fc92237fd30; archive = "<IDEArchive: 0x7fc91f5541e0>", distributionMethod="<IDEDistributionMethodDevelopmentSigned: 0x7fc9572e9210>", team="(null)">
	<IDEDistributionContext: 0x7fc91f5ee170; archive = "<IDEArchive: 0x7fc91f5541e0>", distributionMethod="<IDEDistributionMethodDevelopmentSigned: 0x7fc9572e9210>", team="(null)">
	<IDEDistributionContext: 0x7fc91f5c3b80; archive = "<IDEArchive: 0x7fc91f5541e0>", distributionMethod="<IDEDistributionMethodDevelopmentSigned: 0x7fc9572e9210>", team="(null)">
	<IDEDistributionContext: 0x7fc92ce98900; archive = "<IDEArchive: 0x7fc91f5541e0>", distributionMethod="<IDEDistributionMethodDevelopmentSigned: 0x7fc9572e9210>", team="(null)">
	<IDEDistributionContext: 0x7fc91f6b9980; archive = "<IDEArchive: 0x7fc91f5541e0>", distributionMethod="(null)", team="(null)">
</IDEDistributionProcessingPipelineContext: 0x7fc9559a9b00>
2023-02-11 02:20:22 +0000  Processing step: IDEDistributionCreateDestRootStep
2023-02-11 02:20:22 +0000  Processing step: IDEDistributionCopyItemStep
2023-02-11 02:20:22 +0000  Running /usr/bin/ditto '-V' '/Users/retrievertechcorp/Library/Developer/Xcode/Archives/2023-02-11/retrieverBuyer 2-11-23, 10.09 AM.xcarchive/Products/Applications/retrieverBuyer.app' '/var/folders/qq/kn3mb_ls71z640nps5cfm5yw0000gn/T/XcodeDistPipeline.~~~TYVn0t/Root/Payload/retrieverBuyer.app'
2023-02-11 02:20:22 +0000  >>> Copying /Users/retrievertechcorp/Library/Developer/Xcode/Archives/2023-02-11/retrieverBuyer 2-11-23, 10.09 AM.xcarchive/Products/Applications/retrieverBuyer.app 
2023-02-11 02:20:22 +0000  copying file ./HKGrotesk-SemiBoldLegacy.ttf ... 
2023-02-11 02:20:22 +0000  86340 bytes for ./HKGrotesk-SemiBoldLegacy.ttf
2023-02-11 02:20:22 +0000  copying file ./_CodeSignature/CodeResources ... 
2023-02-11 02:20:22 +0000  130702 bytes for ./_CodeSignature/CodeResources
2023-02-11 02:20:22 +0000  copying file ./Fontisto.ttf ... 
2023-02-11 02:20:22 +0000  313528 bytes for ./Fontisto.ttf
2023-02-11 02:20:22 +0000  copying file ./Octicons.ttf ... 
2023-02-11 02:20:22 +0000  49404 bytes for ./Octicons.ttf
2023-02-11 02:20:22 +0000  copying file ./Feather.ttf ... 
2023-02-11 02:20:22 +0000  56228 bytes for ./Feather.ttf
copying file ./HKGrotesk-MediumItalic.ttf ... 
2023-02-11 02:20:22 +0000  87908 bytes for ./HKGrotesk-MediumItalic.ttf
2023-02-11 02:20:22 +0000  copying file ./Entypo.ttf ... 
2023-02-11 02:20:22 +0000  66200 bytes for ./Entypo.ttf
2023-02-11 02:20:22 +0000  copying file ./HKGrotesk-LegacyItalic.ttf ... 
2023-02-11 02:20:22 +0000  88948 bytes for ./HKGrotesk-LegacyItalic.ttf
2023-02-11 02:20:22 +0000  copying file ./GoogleMaps.bundle/bubble_left@3x.png ... 
2023-02-11 02:20:22 +0000  2386 bytes for ./GoogleMaps.bundle/bubble_left@3x.png
2023-02-11 02:20:22 +0000  copying file ./GoogleMaps.bundle/bubble_left.png ... 
2023-02-11 02:20:22 +0000  451 bytes for ./GoogleMaps.bundle/bubble_left.png
copying file ./GoogleMaps.bundle/bubble_left@2x.png ... 
2023-02-11 02:20:22 +0000  1055 bytes for ./GoogleMaps.bundle/bubble_left@2x.png
copying file ./GoogleMaps.bundle/bubble_right@3x.png ... 
2023-02-11 02:20:22 +0000  2374 bytes for ./GoogleMaps.bundle/bubble_right@3x.png
copying file ./GoogleMaps.bundle/ic_error.png ... 
2023-02-11 02:20:22 +0000  236 bytes for ./GoogleMaps.bundle/ic_error.png
2023-02-11 02:20:22 +0000  copying file ./GoogleMaps.bundle/bubble_right@2x.png ... 
2023-02-11 02:20:22 +0000  1051 bytes for ./GoogleMaps.bundle/bubble_right@2x.png
2023-02-11 02:20:22 +0000  copying file ./GoogleMaps.bundle/GMSCoreResources.bundle/de.lproj/GMSCore.strings ... 
2023-02-11 02:20:22 +0000  4308 bytes for ./GoogleMaps.bundle/GMSCoreResources.bundle/de.lproj/GMSCore.strings
2023-02-11 02:20:22 +0000  copying file ./GoogleMaps.bundle/GMSCoreResources.bundle/he.lproj/GMSCore.strings ... 
2023-02-11 02:20:22 +0000  4436 bytes for ./GoogleMaps.bundle/GMSCoreResources.bundle/he.lproj/GMSCore.strings
2023-02-11 02:20:22 +0000  copying file ./GoogleMaps.bundle/GMSCoreResources.bundle/en_AU.lproj/GMSCore.strings ... 
2023-02-11 02:20:22 +0000  4078 bytes for ./GoogleMaps.bundle/GMSCoreResources.bundle/en_AU.lproj/GMSCore.strings
2023-02-11 02:20:22 +0000  copying file ./GoogleMaps.bundle/GMSCoreResources.bundle/ic_covid_medical_waypoint_alert_32pt@2x.png ... 
2023-02-11 02:20:22 +0000  943 bytes for ./GoogleMaps.bundle/GMSCoreResources.bundle/ic_covid_medical_waypoint_alert_32pt@2x.png
2023-02-11 02:20:22 +0000  copying file ./GoogleMaps.bundle/GMSCoreResources.bundle/ar.lproj/GMSCore.strings ... 
2023-02-11 02:20:22 +0000  5230 bytes for ./GoogleMaps.bundle/GMSCoreResources.bundle/ar.lproj/GMSCore.strings
2023-02-11 02:20:22 +0000  copying file ./GoogleMaps.bundle/GMSCoreResources.bundle/el.lproj/GMSCore.strings ... 
2023-02-11 02:20:22 +0000  4694 bytes for ./GoogleMaps.bundle/GMSCoreResources.bundle/el.lproj/GMSCore.strings
2023-02-11 02:20:22 +0000  copying file ./GoogleMaps.bundle/GMSCoreResources.bundle/ja.lproj/GMSCore.strings ... 
2023-02-11 02:20:22 +0000  3880 bytes for ./GoogleMaps.bundle/GMSCoreResources.bundle/ja.lproj/GMSCore.strings
2023-02-11 02:20:22 +0000  copying file ./GoogleMaps.bundle/GMSCoreResources.bundle/ic_covid_checkpoint_waypoint_alert_night_32pt.png ... 
2023-02-11 02:20:22 +0000  602 bytes for ./GoogleMaps.bundle/GMSCoreResources.bundle/ic_covid_checkpoint_waypoint_alert_night_32pt.png
2023-02-11 02:20:22 +0000  copying file ./GoogleMaps.bundle/GMSCoreResources.bundle/sq.lproj/GMSCore.strings ... 
2023-02-11 02:20:22 +0000  4410 bytes for ./GoogleMaps.bundle/GMSCoreResources.bundle/sq.lproj/GMSCore.strings
2023-02-11 02:20:22 +0000  copying file ./GoogleMaps.bundle/GMSCoreResources.bundle/ic_qu_direction_mylocation@2x.png ... 
2023-02-11 02:20:22 +0000  663 bytes for ./GoogleMaps.bundle/GMSCoreResources.bundle/ic_qu_direction_mylocation@2x.png
2023-02-11 02:20:22 +0000  copying file ./GoogleMaps.bundle/GMSCoreResources.bundle/en.lproj/GMSCore.strings ... 
2023-02-11 02:20:22 +0000  4061 bytes for ./GoogleMaps.bundle/GMSCoreResources.bundle/en.lproj/GMSCore.strings
2023-02-11 02:20:22 +0000  copying file ./GoogleMaps.bundle/GMSCoreResources.bundle/ic_covid_border_waypoint_alert_32pt.png ... 
2023-02-11 02:20:22 +0000  422 bytes for ./GoogleMaps.bundle/GMSCoreResources.bundle/ic_covid_border_waypoint_alert_32pt.png
2023-02-11 02:20:22 +0000  copying file ./GoogleMaps.bundle/GMSCoreResources.bundle/uk.lproj/GMSCore.strings ... 
2023-02-11 02:20:22 +0000  4963 bytes for ./GoogleMaps.bundle/GMSCoreResources.bundle/uk.lproj/GMSCore.strings
2023-02-11 02:20:22 +0000  copying file ./GoogleMaps.bundle/GMSCoreResources.bundle/ic_qu_direction_mylocation.png ... 
2023-02-11 02:20:22 +0000  362 bytes for ./GoogleMaps.bundle/GMSCoreResources.bundle/ic_qu_direction_mylocation.png
2023-02-11 02:20:22 +0000  copying file ./GoogleMaps.bundle/GMSCoreResources.bundle/es_419.lproj/GMSCore.strings ... 
2023-02-11 02:20:22 +0000  4376 bytes for ./GoogleMaps.bundle/GMSCoreResources.bundle/es_419.lproj/GMSCore.strings
2023-02-11 02:20:22 +0000  copying file ./GoogleMaps.bundle/GMSCoreResources.bundle/GMSSprites-0-1x.png ... 
2023-02-11 02:20:22 +0000  13906 bytes for ./GoogleMaps.bundle/GMSCoreResources.bundle/GMSSprites-0-1x.png
copying file ./GoogleMaps.bundle/GMSCoreResources.bundle/ic_compass_needle_large@2x.png ... 
2023-02-11 02:20:22 +0000  2446 bytes for ./GoogleMaps.bundle/GMSCoreResources.bundle/ic_compass_needle_large@2x.png
copying file ./GoogleMaps.bundle/GMSCoreResources.bundle/ic_compass_needle_large@3x.png ... 
2023-02-11 02:20:22 +0000  3304 bytes for ./GoogleMaps.bundle/GMSCoreResources.bundle/ic_compass_needle_large@3x.png
2023-02-11 02:20:22 +0000  copying file ./GoogleMaps.bundle/GMSCoreResources.bundle/es_MX.lproj/GMSCore.strings ... 
2023-02-11 02:20:22 +0000  4376 bytes for ./GoogleMaps.bundle/GMSCoreResources.bundle/es_MX.lproj/GMSCore.strings
2023-02-11 02:20:22 +0000  copying file ./GoogleMaps.bundle/GMSCoreResources.bundle/ic_compass_needle_large.png ... 
2023-02-11 02:20:22 +0000  1114 bytes for ./GoogleMaps.bundle/GMSCoreResources.bundle/ic_compass_needle_large.png
2023-02-11 02:20:22 +0000  copying file ./GoogleMaps.bundle/GMSCoreResources.bundle/zh_CN.lproj/GMSCore.strings ... 
2023-02-11 02:20:22 +0000  3871 bytes for ./GoogleMaps.bundle/GMSCoreResources.bundle/zh_CN.lproj/GMSCore.strings
2023-02-11 02:20:22 +0000  copying file ./GoogleMaps.bundle/GMSCoreResources.bundle/ic_qu_direction_mylocation@3x.png ... 
2023-02-11 02:20:22 +0000  1240 bytes for ./GoogleMaps.bundle/GMSCoreResources.bundle/ic_qu_direction_mylocation@3x.png
copying file ./GoogleMaps.bundle/GMSCoreResources.bundle/DroidSansMerged-Regular.ttf ... 
2023-02-11 02:20:22 +0000  392092 bytes for ./GoogleMaps.bundle/GMSCoreResources.bundle/DroidSansMerged-Regular.ttf
2023-02-11 02:20:22 +0000  copying file ./GoogleMaps.bundle/GMSCoreResources.bundle/nb.lproj/GMSCore.strings ... 
2023-02-11 02:20:22 +0000  4211 bytes for ./GoogleMaps.bundle/GMSCoreResources.bundle/nb.lproj/GMSCore.strings
2023-02-11 02:20:22 +0000  copying file ./GoogleMaps.bundle/GMSCoreResources.bundle/es.lproj/GMSCore.strings ... 
2023-02-11 02:20:22 +0000  4377 bytes for ./GoogleMaps.bundle/GMSCoreResources.bundle/es.lproj/GMSCore.strings
2023-02-11 02:20:22 +0000  copying file ./GoogleMaps.bundle/GMSCoreResources.bundle/sw.lproj/GMSCore.strings ... 
2023-02-11 02:20:22 +0000  4171 bytes for ./GoogleMaps.bundle/GMSCoreResources.bundle/sw.lproj/GMSCore.strings
2023-02-11 02:20:22 +0000  copying file ./GoogleMaps.bundle/GMSCoreResources.bundle/ic_covid_medical_waypoint_alert_32pt@3x.png ... 
2023-02-11 02:20:22 +0000  1203 bytes for ./GoogleMaps.bundle/GMSCoreResources.bundle/ic_covid_medical_waypoint_alert_32pt@3x.png
2023-02-11 02:20:22 +0000  copying file ./GoogleMaps.bundle/GMSCoreResources.bundle/pt_BR.lproj/GMSCore.strings ... 
2023-02-11 02:20:22 +0000  4388 bytes for ./GoogleMaps.bundle/GMSCoreResources.bundle/pt_BR.lproj/GMSCore.strings
2023-02-11 02:20:22 +0000  copying file ./GoogleMaps.bundle/GMSCoreResources.bundle/da.lproj/GMSCore.strings ... 
2023-02-11 02:20:22 +0000  4321 bytes for ./GoogleMaps.bundle/GMSCoreResources.bundle/da.lproj/GMSCore.strings
2023-02-11 02:20:22 +0000  copying file ./GoogleMaps.bundle/GMSCoreResources.bundle/ic_location_off@3x.png ... 
2023-02-11 02:20:22 +0000  1577 bytes for ./GoogleMaps.bundle/GMSCoreResources.bundle/ic_location_off@3x.png
2023-02-11 02:20:22 +0000  copying file ./GoogleMaps.bundle/GMSCoreResources.bundle/it.lproj/GMSCore.strings ... 
2023-02-11 02:20:22 +0000  4115 bytes for ./GoogleMaps.bundle/GMSCoreResources.bundle/it.lproj/GMSCore.strings
2023-02-11 02:20:22 +0000  copying file ./GoogleMaps.bundle/GMSCoreResources.bundle/sk.lproj/GMSCore.strings ... 
2023-02-11 02:20:22 +0000  4441 bytes for ./GoogleMaps.bundle/GMSCoreResources.bundle/sk.lproj/GMSCore.strings
2023-02-11 02:20:22 +0000  copying file ./GoogleMaps.bundle/GMSCoreResources.bundle/GMSNavSprites-0-3x.png ... 
2023-02-11 02:20:22 +0000  20924 bytes for ./GoogleMaps.bundle/GMSCoreResources.bundle/GMSNavSprites-0-3x.png
2023-02-11 02:20:22 +0000  copying file ./GoogleMaps.bundle/GMSCoreResources.bundle/pt_PT.lproj/GMSCore.strings ... 
2023-02-11 02:20:22 +0000  4389 bytes for ./GoogleMaps.bundle/GMSCoreResources.bundle/pt_PT.lproj/GMSCore.strings
2023-02-11 02:20:22 +0000  copying file ./GoogleMaps.bundle/GMSCoreResources.bundle/button_compass_night.png ... 
2023-02-11 02:20:22 +0000  720 bytes for ./GoogleMaps.bundle/GMSCoreResources.bundle/button_compass_night.png
2023-02-11 02:20:22 +0000  copying file ./GoogleMaps.bundle/GMSCoreResources.bundle/button_my_location.png ... 
2023-02-11 02:20:22 +0000  492 bytes for ./GoogleMaps.bundle/GMSCoreResources.bundle/button_my_location.png
copying file ./GoogleMaps.bundle/GMSCoreResources.bundle/road_16-4.png ... 
2023-02-11 02:20:22 +0000  127 bytes for ./GoogleMaps.bundle/GMSCoreResources.bundle/road_16-4.png
2023-02-11 02:20:22 +0000  copying file ./GoogleMaps.bundle/GMSCoreResources.bundle/sr.lproj/GMSCore.strings ... 
2023-02-11 02:20:22 +0000  4754 bytes for ./GoogleMaps.bundle/GMSCoreResources.bundle/sr.lproj/GMSCore.strings
2023-02-11 02:20:22 +0000  copying file ./GoogleMaps.bundle/GMSCoreResources.bundle/ms.lproj/GMSCore.strings ... 
2023-02-11 02:20:22 +0000  4033 bytes for ./GoogleMaps.bundle/GMSCoreResources.bundle/ms.lproj/GMSCore.strings
2023-02-11 02:20:22 +0000  copying file ./GoogleMaps.bundle/GMSCoreResources.bundle/road_256-64.png ... 
2023-02-11 02:20:22 +0000  1934 bytes for ./GoogleMaps.bundle/GMSCoreResources.bundle/road_256-64.png
2023-02-11 02:20:22 +0000  copying file ./GoogleMaps.bundle/GMSCoreResources.bundle/button_compass.png ... 
2023-02-11 02:20:22 +0000  631 bytes for ./GoogleMaps.bundle/GMSCoreResources.bundle/button_compass.png
2023-02-11 02:20:22 +0000  copying file ./GoogleMaps.bundle/GMSCoreResources.bundle/sv.lproj/GMSCore.strings ... 
2023-02-11 02:20:22 +0000  4451 bytes for ./GoogleMaps.bundle/GMSCoreResources.bundle/sv.lproj/GMSCore.strings
2023-02-11 02:20:22 +0000  copying file ./GoogleMaps.bundle/GMSCoreResources.bundle/road_8-2.png ... 
2023-02-11 02:20:22 +0000  93 bytes for ./GoogleMaps.bundle/GMSCoreResources.bundle/road_8-2.png
2023-02-11 02:20:22 +0000  copying file ./GoogleMaps.bundle/GMSCoreResources.bundle/ic_closed_place_waypoint_alert_32pt.png ... 
2023-02-11 02:20:22 +0000  494 bytes for ./GoogleMaps.bundle/GMSCoreResources.bundle/ic_closed_place_waypoint_alert_32pt.png
2023-02-11 02:20:22 +0000  copying file ./GoogleMaps.bundle/GMSCoreResources.bundle/cs.lproj/GMSCore.strings ... 
2023-02-11 02:20:22 +0000  4667 bytes for ./GoogleMaps.bundle/GMSCoreResources.bundle/cs.lproj/GMSCore.strings
2023-02-11 02:20:22 +0000  copying file ./GoogleMaps.bundle/GMSCoreResources.bundle/button_background.png ... 
2023-02-11 02:20:22 +0000  334 bytes for ./GoogleMaps.bundle/GMSCoreResources.bundle/button_background.png
copying file ./GoogleMaps.bundle/GMSCoreResources.bundle/GMSNavNightModeSprites-0-1x.png ... 
2023-02-11 02:20:22 +0000  3393 bytes for ./GoogleMaps.bundle/GMSCoreResources.bundle/GMSNavNightModeSprites-0-1x.png
2023-02-11 02:20:22 +0000  copying file ./GoogleMaps.bundle/GMSCoreResources.bundle/button_my_location@2x.png ... 
2023-02-11 02:20:22 +0000  1229 bytes for ./GoogleMaps.bundle/GMSCoreResources.bundle/button_my_location@2x.png
2023-02-11 02:20:22 +0000  copying file ./GoogleMaps.bundle/GMSCoreResources.bundle/en_IN.lproj/GMSCore.strings ... 
2023-02-11 02:20:22 +0000  4078 bytes for ./GoogleMaps.bundle/GMSCoreResources.bundle/en_IN.lproj/GMSCore.strings
2023-02-11 02:20:22 +0000  copying file ./GoogleMaps.bundle/GMSCoreResources.bundle/ko.lproj/GMSCore.strings ... 
2023-02-11 02:20:22 +0000  3904 bytes for ./GoogleMaps.bundle/GMSCoreResources.bundle/ko.lproj/GMSCore.strings
2023-02-11 02:20:22 +0000  copying file ./GoogleMaps.bundle/GMSCoreResources.bundle/GMSNavSprites-0-2x.png ... 
2023-02-11 02:20:22 +0000  13321 bytes for ./GoogleMaps.bundle/GMSCoreResources.bundle/GMSNavSprites-0-2x.png
2023-02-11 02:20:22 +0000  copying file ./GoogleMaps.bundle/GMSCoreResources.bundle/ic_location_off@2x.png ... 
2023-02-11 02:20:22 +0000  860 bytes for ./GoogleMaps.bundle/GMSCoreResources.bundle/ic_location_off@2x.png
2023-02-11 02:20:22 +0000  copying file ./GoogleMaps.bundle/GMSCoreResources.bundle/my.lproj/GMSCore.strings ... 
2023-02-11 02:20:22 +0000  4524 bytes for ./GoogleMaps.bundle/GMSCoreResources.bundle/my.lproj/GMSCore.strings
2023-02-11 02:20:22 +0000  copying file ./GoogleMaps.bundle/GMSCoreResources.bundle/ic_covid_checkpoint_waypoint_alert_32pt@2x.png ... 
2023-02-11 02:20:22 +0000  1373 bytes for ./GoogleMaps.bundle/GMSCoreResources.bundle/ic_covid_checkpoint_waypoint_alert_32pt@2x.png
2023-02-11 02:20:22 +0000  copying file ./GoogleMaps.bundle/GMSCoreResources.bundle/GMSNavSprites-0-1x.png ... 
2023-02-11 02:20:22 +0000  5684 bytes for ./GoogleMaps.bundle/GMSCoreResources.bundle/GMSNavSprites-0-1x.png
2023-02-11 02:20:22 +0000  copying file ./GoogleMaps.bundle/GMSCoreResources.bundle/Tharlon-Regular.ttf ... 
2023-02-11 02:20:22 +0000  353228 bytes for ./GoogleMaps.bundle/GMSCoreResources.bundle/Tharlon-Regular.ttf
2023-02-11 02:20:22 +0000  copying file ./GoogleMaps.bundle/GMSCoreResources.bundle/hu.lproj/GMSCore.strings ... 
2023-02-11 02:20:22 +0000  4195 bytes for ./GoogleMaps.bundle/GMSCoreResources.bundle/hu.lproj/GMSCore.strings
2023-02-11 02:20:22 +0000  copying file ./GoogleMaps.bundle/GMSCoreResources.bundle/zh_HK.lproj/GMSCore.strings ... 
2023-02-11 02:20:22 +0000  3832 bytes for ./GoogleMaps.bundle/GMSCoreResources.bundle/zh_HK.lproj/GMSCore.strings
2023-02-11 02:20:22 +0000  copying file ./GoogleMaps.bundle/GMSCoreResources.bundle/road_4-1.png ... 
2023-02-11 02:20:22 +0000  74 bytes for ./GoogleMaps.bundle/GMSCoreResources.bundle/road_4-1.png
2023-02-11 02:20:22 +0000  copying file ./GoogleMaps.bundle/GMSCoreResources.bundle/ka.lproj/GMSCore.strings ... 
2023-02-11 02:20:22 +0000  4322 bytes for ./GoogleMaps.bundle/GMSCoreResources.bundle/ka.lproj/GMSCore.strings
2023-02-11 02:20:22 +0000  copying file ./GoogleMaps.bundle/GMSCoreResources.bundle/button_background@2x.png ... 
2023-02-11 02:20:22 +0000  433 bytes for ./GoogleMaps.bundle/GMSCoreResources.bundle/button_background@2x.png
2023-02-11 02:20:22 +0000  copying file ./GoogleMaps.bundle/GMSCoreResources.bundle/ic_compass_needle_32pt.png ... 
2023-02-11 02:20:22 +0000  742 bytes for ./GoogleMaps.bundle/GMSCoreResources.bundle/ic_compass_needle_32pt.png
2023-02-11 02:20:22 +0000  copying file ./GoogleMaps.bundle/GMSCoreResources.bundle/ic_compass_needle@2x.png ... 
2023-02-11 02:20:22 +0000  992 bytes for ./GoogleMaps.bundle/GMSCoreResources.bundle/ic_compass_needle@2x.png
2023-02-11 02:20:22 +0000  copying file ./GoogleMaps.bundle/GMSCoreResources.bundle/Assets.car ... 
2023-02-11 02:20:22 +0000  48575 bytes for ./GoogleMaps.bundle/GMSCoreResources.bundle/Assets.car
2023-02-11 02:20:22 +0000  copying file ./GoogleMaps.bundle/GMSCoreResources.bundle/tr.lproj/GMSCore.strings ... 
2023-02-11 02:20:22 +0000  4175 bytes for ./GoogleMaps.bundle/GMSCoreResources.bundle/tr.lproj/GMSCore.strings
2023-02-11 02:20:22 +0000  copying file ./GoogleMaps.bundle/GMSCoreResources.bundle/pl.lproj/GMSCore.strings ... 
2023-02-11 02:20:22 +0000  4491 bytes for ./GoogleMaps.bundle/GMSCoreResources.bundle/pl.lproj/GMSCore.strings
2023-02-11 02:20:22 +0000  copying file ./GoogleMaps.bundle/GMSCoreResources.bundle/zh_TW.lproj/GMSCore.strings ... 
2023-02-11 02:20:22 +0000  3857 bytes for ./GoogleMaps.bundle/GMSCoreResources.bundle/zh_TW.lproj/GMSCore.strings
2023-02-11 02:20:22 +0000  copying file ./GoogleMaps.bundle/GMSCoreResources.bundle/ic_closed_place_waypoint_alert_32pt@3x.png ... 
2023-02-11 02:20:22 +0000  1643 bytes for ./GoogleMaps.bundle/GMSCoreResources.bundle/ic_closed_place_waypoint_alert_32pt@3x.png
2023-02-11 02:20:22 +0000  copying file ./GoogleMaps.bundle/GMSCoreResources.bundle/GMSNavNightModeSprites-0-2x.png ... 
2023-02-11 02:20:22 +0000  7660 bytes for ./GoogleMaps.bundle/GMSCoreResources.bundle/GMSNavNightModeSprites-0-2x.png
2023-02-11 02:20:22 +0000  copying file ./GoogleMaps.bundle/GMSCoreResources.bundle/GMSNavNightModeSprites-0-3x.png ... 
2023-02-11 02:20:22 +0000  12519 bytes for ./GoogleMaps.bundle/GMSCoreResources.bundle/GMSNavNightModeSprites-0-3x.png
2023-02-11 02:20:22 +0000  copying file ./GoogleMaps.bundle/GMSCoreResources.bundle/ic_closed_place_waypoint_alert_32pt@2x.png ... 
2023-02-11 02:20:22 +0000  1210 bytes for ./GoogleMaps.bundle/GMSCoreResources.bundle/ic_closed_place_waypoint_alert_32pt@2x.png
2023-02-11 02:20:22 +0000  copying file ./GoogleMaps.bundle/GMSCoreResources.bundle/en_GB.lproj/GMSCore.strings ... 
2023-02-11 02:20:22 +0000  4078 bytes for ./GoogleMaps.bundle/GMSCoreResources.bundle/en_GB.lproj/GMSCore.strings
2023-02-11 02:20:22 +0000  copying file ./GoogleMaps.bundle/GMSCoreResources.bundle/dav_one_way_16_256.png ... 
2023-02-11 02:20:22 +0000  315 bytes for ./GoogleMaps.bundle/GMSCoreResources.bundle/dav_one_way_16_256.png
copying file ./GoogleMaps.bundle/GMSCoreResources.bundle/road_2-1.png ... 
2023-02-11 02:20:22 +0000  84 bytes for ./GoogleMaps.bundle/GMSCoreResources.bundle/road_2-1.png
2023-02-11 02:20:22 +0000  copying file ./GoogleMaps.bundle/GMSCoreResources.bundle/vi.lproj/GMSCore.strings ... 
2023-02-11 02:20:22 +0000  4232 bytes for ./GoogleMaps.bundle/GMSCoreResources.bundle/vi.lproj/GMSCore.strings
2023-02-11 02:20:22 +0000  copying file ./GoogleMaps.bundle/GMSCoreResources.bundle/button_background@3x.png ... 
2023-02-11 02:20:22 +0000  515 bytes for ./GoogleMaps.bundle/GMSCoreResources.bundle/button_background@3x.png
2023-02-11 02:20:22 +0000  copying file ./GoogleMaps.bundle/GMSCoreResources.bundle/road_32-8.png ... 
2023-02-11 02:20:22 +0000  223 bytes for ./GoogleMaps.bundle/GMSCoreResources.bundle/road_32-8.png
2023-02-11 02:20:22 +0000  copying file ./GoogleMaps.bundle/GMSCoreResources.bundle/lv.lproj/GMSCore.strings ... 
2023-02-11 02:20:22 +0000  4617 bytes for ./GoogleMaps.bundle/GMSCoreResources.bundle/lv.lproj/GMSCore.strings
2023-02-11 02:20:22 +0000  copying file ./GoogleMaps.bundle/GMSCoreResources.bundle/lt.lproj/GMSCore.strings ... 
2023-02-11 02:20:22 +0000  4321 bytes for ./GoogleMaps.bundle/GMSCoreResources.bundle/lt.lproj/GMSCore.strings
2023-02-11 02:20:22 +0000  copying file ./GoogleMaps.bundle/GMSCoreResources.bundle/ru.lproj/GMSCore.strings ... 
2023-02-11 02:20:22 +0000  4771 bytes for ./GoogleMaps.bundle/GMSCoreResources.bundle/ru.lproj/GMSCore.strings
2023-02-11 02:20:22 +0000  copying file ./GoogleMaps.bundle/GMSCoreResources.bundle/GMSShaders.metallib ... 
2023-02-11 02:20:22 +0000  208148 bytes for ./GoogleMaps.bundle/GMSCoreResources.bundle/GMSShaders.metallib
copying file ./GoogleMaps.bundle/GMSCoreResources.bundle/polyline_colors_texture_dim.png ... 
2023-02-11 02:20:22 +0000  7485 bytes for ./GoogleMaps.bundle/GMSCoreResources.bundle/polyline_colors_texture_dim.png
2023-02-11 02:20:22 +0000  copying file ./GoogleMaps.bundle/GMSCoreResources.bundle/ic_covid_checkpoint_waypoint_alert_32pt@3x.png ... 
2023-02-11 02:20:22 +0000  1826 bytes for ./GoogleMaps.bundle/GMSCoreResources.bundle/ic_covid_checkpoint_waypoint_alert_32pt@3x.png
copying file ./GoogleMaps.bundle/GMSCoreResources.bundle/ic_closed_place_waypoint_alert_night_32pt.png ... 
2023-02-11 02:20:22 +0000  435 bytes for ./GoogleMaps.bundle/GMSCoreResources.bundle/ic_closed_place_waypoint_alert_night_32pt.png
2023-02-11 02:20:22 +0000  copying file ./GoogleMaps.bundle/GMSCoreResources.bundle/fr_CA.lproj/GMSCore.strings ... 
2023-02-11 02:20:22 +0000  4335 bytes for ./GoogleMaps.bundle/GMSCoreResources.bundle/fr_CA.lproj/GMSCore.strings
2023-02-11 02:20:22 +0000  copying file ./GoogleMaps.bundle/GMSCoreResources.bundle/ic_covid_checkpoint_waypoint_alert_night_32pt@3x.png ... 
2023-02-11 02:20:22 +0000  1841 bytes for ./GoogleMaps.bundle/GMSCoreResources.bundle/ic_covid_checkpoint_waypoint_alert_night_32pt@3x.png
copying file ./GoogleMaps.bundle/GMSCoreResources.bundle/ic_compass_needle_32pt@2x.png ... 
2023-02-11 02:20:22 +0000  1360 bytes for ./GoogleMaps.bundle/GMSCoreResources.bundle/ic_compass_needle_32pt@2x.png
copying file ./GoogleMaps.bundle/GMSCoreResources.bundle/road_128-32.png ... 
2023-02-11 02:20:22 +0000  1029 bytes for ./GoogleMaps.bundle/GMSCoreResources.bundle/road_128-32.png
copying file ./GoogleMaps.bundle/GMSCoreResources.bundle/ic_covid_medical_waypoint_alert_32pt.png ... 
2023-02-11 02:20:22 +0000  441 bytes for ./GoogleMaps.bundle/GMSCoreResources.bundle/ic_covid_medical_waypoint_alert_32pt.png
2023-02-11 02:20:22 +0000  copying file ./GoogleMaps.bundle/GMSCoreResources.bundle/fr.lproj/GMSCore.strings ... 
2023-02-11 02:20:22 +0000  4633 bytes for ./GoogleMaps.bundle/GMSCoreResources.bundle/fr.lproj/GMSCore.strings
2023-02-11 02:20:22 +0000  copying file ./GoogleMaps.bundle/GMSCoreResources.bundle/fi.lproj/GMSCore.strings ... 
2023-02-11 02:20:22 +0000  4286 bytes for ./GoogleMaps.bundle/GMSCoreResources.bundle/fi.lproj/GMSCore.strings
2023-02-11 02:20:22 +0000  copying file ./GoogleMaps.bundle/GMSCoreResources.bundle/id.lproj/GMSCore.strings ... 
2023-02-11 02:20:22 +0000  3954 bytes for ./GoogleMaps.bundle/GMSCoreResources.bundle/id.lproj/GMSCore.strings
2023-02-11 02:20:22 +0000  copying file ./GoogleMaps.bundle/GMSCoreResources.bundle/nl.lproj/GMSCore.strings ... 
2023-02-11 02:20:22 +0000  4144 bytes for ./GoogleMaps.bundle/GMSCoreResources.bundle/nl.lproj/GMSCore.strings
2023-02-11 02:20:22 +0000  copying file ./GoogleMaps.bundle/GMSCoreResources.bundle/th.lproj/GMSCore.strings ... 
2023-02-11 02:20:22 +0000  4157 bytes for ./GoogleMaps.bundle/GMSCoreResources.bundle/th.lproj/GMSCore.strings
2023-02-11 02:20:22 +0000  copying file ./GoogleMaps.bundle/GMSCoreResources.bundle/ic_covid_medical_waypoint_alert_night_32pt@3x.png ... 
2023-02-11 02:20:22 +0000  1066 bytes for ./GoogleMaps.bundle/GMSCoreResources.bundle/ic_covid_medical_waypoint_alert_night_32pt@3x.png
copying file ./GoogleMaps.bundle/GMSCoreResources.bundle/road_64-16.png ... 
2023-02-11 02:20:22 +0000  425 bytes for ./GoogleMaps.bundle/GMSCoreResources.bundle/road_64-16.png
2023-02-11 02:20:22 +0000  copying file ./GoogleMaps.bundle/GMSCoreResources.bundle/GMSSprites-0-3x.png ... 
2023-02-11 02:20:22 +0000  61437 bytes for ./GoogleMaps.bundle/GMSCoreResources.bundle/GMSSprites-0-3x.png
copying file ./GoogleMaps.bundle/GMSCoreResources.bundle/polyline_colors_texture.png ... 
2023-02-11 02:20:22 +0000  7433 bytes for ./GoogleMaps.bundle/GMSCoreResources.bundle/polyline_colors_texture.png
2023-02-11 02:20:22 +0000  copying file ./GoogleMaps.bundle/GMSCoreResources.bundle/ic_compass_needle.png ... 
2023-02-11 02:20:22 +0000  483 bytes for ./GoogleMaps.bundle/GMSCoreResources.bundle/ic_compass_needle.png
2023-02-11 02:20:22 +0000  copying file ./GoogleMaps.bundle/GMSCoreResources.bundle/pt.lproj/GMSCore.strings ... 
2023-02-11 02:20:22 +0000  4388 bytes for ./GoogleMaps.bundle/GMSCoreResources.bundle/pt.lproj/GMSCore.strings
2023-02-11 02:20:22 +0000  copying file ./GoogleMaps.bundle/GMSCoreResources.bundle/GMSShadersSim.metallib ... 
2023-02-11 02:20:22 +0000  209092 bytes for ./GoogleMaps.bundle/GMSCoreResources.bundle/GMSShadersSim.metallib
2023-02-11 02:20:22 +0000  copying file ./GoogleMaps.bundle/GMSCoreResources.bundle/ic_covid_border_waypoint_alert_32pt@2x.png ... 
2023-02-11 02:20:22 +0000  1012 bytes for ./GoogleMaps.bundle/GMSCoreResources.bundle/ic_covid_border_waypoint_alert_32pt@2x.png
copying file ./GoogleMaps.bundle/GMSCoreResources.bundle/ic_closed_place_waypoint_alert_night_32pt@2x.png ... 
2023-02-11 02:20:22 +0000  1069 bytes for ./GoogleMaps.bundle/GMSCoreResources.bundle/ic_closed_place_waypoint_alert_night_32pt@2x.png
2023-02-11 02:20:22 +0000  copying file ./GoogleMaps.bundle/GMSCoreResources.bundle/road_1-1.png ... 
2023-02-11 02:20:22 +0000  95 bytes for ./GoogleMaps.bundle/GMSCoreResources.bundle/road_1-1.png
2023-02-11 02:20:22 +0000  copying file ./GoogleMaps.bundle/GMSCoreResources.bundle/ic_location_off.png ... 
2023-02-11 02:20:22 +0000  498 bytes for ./GoogleMaps.bundle/GMSCoreResources.bundle/ic_location_off.png
2023-02-11 02:20:22 +0000  copying file ./GoogleMaps.bundle/GMSCoreResources.bundle/ic_covid_border_waypoint_alert_32pt@3x.png ... 
2023-02-11 02:20:22 +0000  1353 bytes for ./GoogleMaps.bundle/GMSCoreResources.bundle/ic_covid_border_waypoint_alert_32pt@3x.png
2023-02-11 02:20:22 +0000  copying file ./GoogleMaps.bundle/GMSCoreResources.bundle/ic_closed_place_waypoint_alert_night_32pt@3x.png ... 
2023-02-11 02:20:22 +0000  1472 bytes for ./GoogleMaps.bundle/GMSCoreResources.bundle/ic_closed_place_waypoint_alert_night_32pt@3x.png
2023-02-11 02:20:22 +0000  copying file ./GoogleMaps.bundle/GMSCoreResources.bundle/ro.lproj/GMSCore.strings ... 
2023-02-11 02:20:22 +0000  4491 bytes for ./GoogleMaps.bundle/GMSCoreResources.bundle/ro.lproj/GMSCore.strings
2023-02-11 02:20:22 +0000  copying file ./GoogleMaps.bundle/GMSCoreResources.bundle/Info.plist ... 
2023-02-11 02:20:22 +0000  364 bytes for ./GoogleMaps.bundle/GMSCoreResources.bundle/Info.plist
2023-02-11 02:20:22 +0000  copying file ./GoogleMaps.bundle/GMSCoreResources.bundle/GMSSprites-0-2x.png ... 
2023-02-11 02:20:22 +0000  40485 bytes for ./GoogleMaps.bundle/GMSCoreResources.bundle/GMSSprites-0-2x.png
2023-02-11 02:20:22 +0000  copying file ./GoogleMaps.bundle/GMSCoreResources.bundle/ic_covid_medical_waypoint_alert_night_32pt.png ... 
2023-02-11 02:20:22 +0000  382 bytes for ./GoogleMaps.bundle/GMSCoreResources.bundle/ic_covid_medical_waypoint_alert_night_32pt.png
2023-02-11 02:20:22 +0000  copying file ./GoogleMaps.bundle/GMSCoreResources.bundle/ic_covid_checkpoint_waypoint_alert_32pt.png ... 
2023-02-11 02:20:22 +0000  601 bytes for ./GoogleMaps.bundle/GMSCoreResources.bundle/ic_covid_checkpoint_waypoint_alert_32pt.png
2023-02-11 02:20:22 +0000  copying file ./GoogleMaps.bundle/GMSCoreResources.bundle/ic_covid_medical_waypoint_alert_night_32pt@2x.png ... 
2023-02-11 02:20:22 +0000  825 bytes for ./GoogleMaps.bundle/GMSCoreResources.bundle/ic_covid_medical_waypoint_alert_night_32pt@2x.png
2023-02-11 02:20:22 +0000  copying file ./GoogleMaps.bundle/GMSCoreResources.bundle/button_compass_night@2x.png ... 
2023-02-11 02:20:22 +0000  2221 bytes for ./GoogleMaps.bundle/GMSCoreResources.bundle/button_compass_night@2x.png
2023-02-11 02:20:22 +0000  copying file ./GoogleMaps.bundle/GMSCoreResources.bundle/button_compass@2x.png ... 
2023-02-11 02:20:22 +0000  2560 bytes for ./GoogleMaps.bundle/GMSCoreResources.bundle/button_compass@2x.png
2023-02-11 02:20:22 +0000  copying file ./GoogleMaps.bundle/GMSCoreResources.bundle/hr.lproj/GMSCore.strings ... 
2023-02-11 02:20:22 +0000  4264 bytes for ./GoogleMaps.bundle/GMSCoreResources.bundle/hr.lproj/GMSCore.strings
2023-02-11 02:20:22 +0000  copying file ./GoogleMaps.bundle/GMSCoreResources.bundle/hi.lproj/GMSCore.strings ... 
2023-02-11 02:20:22 +0000  4242 bytes for ./GoogleMaps.bundle/GMSCoreResources.bundle/hi.lproj/GMSCore.strings
2023-02-11 02:20:22 +0000  copying file ./GoogleMaps.bundle/GMSCoreResources.bundle/ca.lproj/GMSCore.strings ... 
2023-02-11 02:20:22 +0000  4274 bytes for ./GoogleMaps.bundle/GMSCoreResources.bundle/ca.lproj/GMSCore.strings
2023-02-11 02:20:22 +0000  copying file ./GoogleMaps.bundle/GMSCoreResources.bundle/ic_compass_needle_32pt@3x.png ... 
2023-02-11 02:20:22 +0000  1962 bytes for ./GoogleMaps.bundle/GMSCoreResources.bundle/ic_compass_needle_32pt@3x.png
2023-02-11 02:20:22 +0000  copying file ./GoogleMaps.bundle/GMSCoreResources.bundle/ic_covid_checkpoint_waypoint_alert_night_32pt@2x.png ... 
2023-02-11 02:20:22 +0000  1380 bytes for ./GoogleMaps.bundle/GMSCoreResources.bundle/ic_covid_checkpoint_waypoint_alert_night_32pt@2x.png
2023-02-11 02:20:22 +0000  copying file ./GoogleMaps.bundle/default_marker.png ... 
2023-02-11 02:20:22 +0000  1379 bytes for ./GoogleMaps.bundle/default_marker.png
2023-02-11 02:20:22 +0000  copying file ./GoogleMaps.bundle/ic_error@3x.png ... 
2023-02-11 02:20:22 +0000  743 bytes for ./GoogleMaps.bundle/ic_error@3x.png
2023-02-11 02:20:22 +0000  copying file ./GoogleMaps.bundle/oss_licenses_maps.txt.gz ... 
2023-02-11 02:20:22 +0000  22338 bytes for ./GoogleMaps.bundle/oss_licenses_maps.txt.gz
2023-02-11 02:20:22 +0000  copying file ./GoogleMaps.bundle/Assets.car ... 
2023-02-11 02:20:22 +0000  31375 bytes for ./GoogleMaps.bundle/Assets.car
2023-02-11 02:20:22 +0000  copying file ./GoogleMaps.bundle/bubble_right.png ... 
2023-02-11 02:20:22 +0000  455 bytes for ./GoogleMaps.bundle/bubble_right.png
2023-02-11 02:20:22 +0000  copying file ./GoogleMaps.bundle/default_marker@3x.png ... 
2023-02-11 02:20:22 +0000  4275 bytes for ./GoogleMaps.bundle/default_marker@3x.png
2023-02-11 02:20:22 +0000  copying file ./GoogleMaps.bundle/default_marker@2x.png ... 
2023-02-11 02:20:22 +0000  2815 bytes for ./GoogleMaps.bundle/default_marker@2x.png
copying file ./GoogleMaps.bundle/ic_error@2x.png ... 
2023-02-11 02:20:22 +0000  454 bytes for ./GoogleMaps.bundle/ic_error@2x.png
2023-02-11 02:20:22 +0000  copying file ./GoogleMaps.bundle/GMSCacheStorage.momd/Storage.mom ... 
2023-02-11 02:20:22 +0000  4615 bytes for ./GoogleMaps.bundle/GMSCacheStorage.momd/Storage.mom
copying file ./GoogleMaps.bundle/GMSCacheStorage.momd/VersionInfo.plist ... 
2023-02-11 02:20:22 +0000  1197 bytes for ./GoogleMaps.bundle/GMSCacheStorage.momd/VersionInfo.plist
2023-02-11 02:20:22 +0000  copying file ./GoogleMaps.bundle/GMSCacheStorage.momd/StorageWithTileProto.mom ... 
2023-02-11 02:20:22 +0000  5211 bytes for ./GoogleMaps.bundle/GMSCacheStorage.momd/StorageWithTileProto.mom
copying file ./GoogleMaps.bundle/GMSCacheStorage.momd/StorageWithTileVersionID.mom ... 
2023-02-11 02:20:22 +0000  4721 bytes for ./GoogleMaps.bundle/GMSCacheStorage.momd/StorageWithTileVersionID.mom
2023-02-11 02:20:22 +0000  copying file ./GoogleMaps.bundle/Info.plist ... 
2023-02-11 02:20:22 +0000  367 bytes for ./GoogleMaps.bundle/Info.plist
2023-02-11 02:20:22 +0000  copying file ./gRPCCertificates-Cpp.bundle/roots.pem ... 
2023-02-11 02:20:22 +0000  264440 bytes for ./gRPCCertificates-Cpp.bundle/roots.pem
copying file ./gRPCCertificates-Cpp.bundle/Info.plist ... 
2023-02-11 02:20:22 +0000  788 bytes for ./gRPCCertificates-Cpp.bundle/Info.plist
2023-02-11 02:20:22 +0000  copying file ./QBImagePicker.bundle/de.lproj/QBImagePicker.strings ... 
2023-02-11 02:20:22 +0000  1131 bytes for ./QBImagePicker.bundle/de.lproj/QBImagePicker.strings
2023-02-11 02:20:22 +0000  copying file ./QBImagePicker.bundle/zh-Hans.lproj/QBImagePicker.strings ... 
2023-02-11 02:20:22 +0000  1119 bytes for ./QBImagePicker.bundle/zh-Hans.lproj/QBImagePicker.strings
2023-02-11 02:20:22 +0000  copying file ./QBImagePicker.bundle/ja.lproj/QBImagePicker.strings ... 
2023-02-11 02:20:22 +0000  1214 bytes for ./QBImagePicker.bundle/ja.lproj/QBImagePicker.strings
2023-02-11 02:20:22 +0000  copying file ./QBImagePicker.bundle/en.lproj/QBImagePicker.strings ... 
2023-02-11 02:20:22 +0000  1064 bytes for ./QBImagePicker.bundle/en.lproj/QBImagePicker.strings
2023-02-11 02:20:22 +0000  copying file ./QBImagePicker.bundle/uk.lproj/QBImagePicker.strings ... 
2023-02-11 02:20:22 +0000  1398 bytes for ./QBImagePicker.bundle/uk.lproj/QBImagePicker.strings
2023-02-11 02:20:22 +0000  copying file ./QBImagePicker.bundle/QBImagePicker.storyboardc/QiH-NZ-ZGN-view-sD2-zK-ryo.nib/runtime.nib ... 
2023-02-11 02:20:22 +0000  10163 bytes for ./QBImagePicker.bundle/QBImagePicker.storyboardc/QiH-NZ-ZGN-view-sD2-zK-ryo.nib/runtime.nib
copying file ./QBImagePicker.bundle/QBImagePicker.storyboardc/QiH-NZ-ZGN-view-sD2-zK-ryo.nib/objects-12.3+.nib ... 
2023-02-11 02:20:22 +0000  10390 bytes for ./QBImagePicker.bundle/QBImagePicker.storyboardc/QiH-NZ-ZGN-view-sD2-zK-ryo.nib/objects-12.3+.nib
2023-02-11 02:20:22 +0000  copying file ./QBImagePicker.bundle/QBImagePicker.storyboardc/QBAlbumsViewController.nib/runtime.nib ... 
2023-02-11 02:20:22 +0000  1775 bytes for ./QBImagePicker.bundle/QBImagePicker.storyboardc/QBAlbumsViewController.nib/runtime.nib
copying file ./QBImagePicker.bundle/QBImagePicker.storyboardc/QBAlbumsViewController.nib/objects-12.3+.nib ... 
2023-02-11 02:20:22 +0000  1775 bytes for ./QBImagePicker.bundle/QBImagePicker.storyboardc/QBAlbumsViewController.nib/objects-12.3+.nib
2023-02-11 02:20:22 +0000  copying file ./QBImagePicker.bundle/QBImagePicker.storyboardc/QBAssetsViewController.nib/runtime.nib ... 
2023-02-11 02:20:22 +0000  1368 bytes for ./QBImagePicker.bundle/QBImagePicker.storyboardc/QBAssetsViewController.nib/runtime.nib
2023-02-11 02:20:22 +0000  copying file ./QBImagePicker.bundle/QBImagePicker.storyboardc/QBAssetsViewController.nib/objects-12.3+.nib ... 
2023-02-11 02:20:22 +0000  1368 bytes for ./QBImagePicker.bundle/QBImagePicker.storyboardc/QBAssetsViewController.nib/objects-12.3+.nib
2023-02-11 02:20:22 +0000  copying file ./QBImagePicker.bundle/QBImagePicker.storyboardc/QL5-wR-LYt-view-66K-TS-Yoc.nib/runtime.nib ... 
2023-02-11 02:20:22 +0000  7159 bytes for ./QBImagePicker.bundle/QBImagePicker.storyboardc/QL5-wR-LYt-view-66K-TS-Yoc.nib/runtime.nib
2023-02-11 02:20:22 +0000  copying file ./QBImagePicker.bundle/QBImagePicker.storyboardc/QL5-wR-LYt-view-66K-TS-Yoc.nib/objects-12.3+.nib ... 
2023-02-11 02:20:22 +0000  7159 bytes for ./QBImagePicker.bundle/QBImagePicker.storyboardc/QL5-wR-LYt-view-66K-TS-Yoc.nib/objects-12.3+.nib
2023-02-11 02:20:22 +0000  copying file ./QBImagePicker.bundle/QBImagePicker.storyboardc/QBAlbumsNavigationController.nib/runtime.nib ... 
2023-02-11 02:20:22 +0000  2592 bytes for ./QBImagePicker.bundle/QBImagePicker.storyboardc/QBAlbumsNavigationController.nib/runtime.nib
2023-02-11 02:20:22 +0000  copying file ./QBImagePicker.bundle/QBImagePicker.storyboardc/QBAlbumsNavigationController.nib/objects-12.3+.nib ... 
2023-02-11 02:20:22 +0000  2592 bytes for ./QBImagePicker.bundle/QBImagePicker.storyboardc/QBAlbumsNavigationController.nib/objects-12.3+.nib
2023-02-11 02:20:22 +0000  copying file ./QBImagePicker.bundle/QBImagePicker.storyboardc/Info.plist ... 
2023-02-11 02:20:22 +0000  289 bytes for ./QBImagePicker.bundle/QBImagePicker.storyboardc/Info.plist
2023-02-11 02:20:22 +0000  copying file ./QBImagePicker.bundle/nb.lproj/QBImagePicker.strings ... 
2023-02-11 02:20:22 +0000  1076 bytes for ./QBImagePicker.bundle/nb.lproj/QBImagePicker.strings
2023-02-11 02:20:22 +0000  copying file ./QBImagePicker.bundle/es.lproj/QBImagePicker.strings ... 
2023-02-11 02:20:22 +0000  1113 bytes for ./QBImagePicker.bundle/es.lproj/QBImagePicker.strings
2023-02-11 02:20:22 +0000  copying file ./QBImagePicker.bundle/it.lproj/QBImagePicker.strings ... 
2023-02-11 02:20:22 +0000  1088 bytes for ./QBImagePicker.bundle/it.lproj/QBImagePicker.strings
2023-02-11 02:20:22 +0000  copying file ./QBImagePicker.bundle/sv.lproj/QBImagePicker.strings ... 
2023-02-11 02:20:22 +0000  1082 bytes for ./QBImagePicker.bundle/sv.lproj/QBImagePicker.strings
2023-02-11 02:20:22 +0000  copying file ./QBImagePicker.bundle/ko.lproj/QBImagePicker.strings ... 
2023-02-11 02:20:22 +0000  1139 bytes for ./QBImagePicker.bundle/ko.lproj/QBImagePicker.strings
2023-02-11 02:20:22 +0000  copying file ./QBImagePicker.bundle/zh-Hant.lproj/QBImagePicker.strings ... 
2023-02-11 02:20:22 +0000  1119 bytes for ./QBImagePicker.bundle/zh-Hant.lproj/QBImagePicker.strings
2023-02-11 02:20:22 +0000  copying file ./QBImagePicker.bundle/tr.lproj/QBImagePicker.strings ... 
2023-02-11 02:20:22 +0000  1104 bytes for ./QBImagePicker.bundle/tr.lproj/QBImagePicker.strings
2023-02-11 02:20:22 +0000  copying file ./QBImagePicker.bundle/pl.lproj/QBImagePicker.strings ... 
2023-02-11 02:20:22 +0000  1119 bytes for ./QBImagePicker.bundle/pl.lproj/QBImagePicker.strings
2023-02-11 02:20:22 +0000  copying file ./QBImagePicker.bundle/vi.lproj/QBImagePicker.strings ... 
2023-02-11 02:20:22 +0000  1143 bytes for ./QBImagePicker.bundle/vi.lproj/QBImagePicker.strings
2023-02-11 02:20:22 +0000  copying file ./QBImagePicker.bundle/ru.lproj/QBImagePicker.strings ... 
2023-02-11 02:20:22 +0000  1433 bytes for ./QBImagePicker.bundle/ru.lproj/QBImagePicker.strings
2023-02-11 02:20:22 +0000  copying file ./QBImagePicker.bundle/fr.lproj/QBImagePicker.strings ... 
2023-02-11 02:20:22 +0000  1153 bytes for ./QBImagePicker.bundle/fr.lproj/QBImagePicker.strings
2023-02-11 02:20:22 +0000  copying file ./QBImagePicker.bundle/pt.lproj/QBImagePicker.strings ... 
2023-02-11 02:20:22 +0000  1112 bytes for ./QBImagePicker.bundle/pt.lproj/QBImagePicker.strings
2023-02-11 02:20:22 +0000  copying file ./QBImagePicker.bundle/ro.lproj/QBImagePicker.strings ... 
2023-02-11 02:20:22 +0000  1127 bytes for ./QBImagePicker.bundle/ro.lproj/QBImagePicker.strings
2023-02-11 02:20:22 +0000  copying file ./QBImagePicker.bundle/Info.plist ... 
2023-02-11 02:20:22 +0000  772 bytes for ./QBImagePicker.bundle/Info.plist
copying file ./FontAwesome5_Brands.ttf ... 
2023-02-11 02:20:22 +0000  134040 bytes for ./FontAwesome5_Brands.ttf
copying file ./MaterialCommunityIcons.ttf ... 
2023-02-11 02:20:22 +0000  1147844 bytes for ./MaterialCommunityIcons.ttf
2023-02-11 02:20:22 +0000  copying file ./HKGrotesk-LightLegacy.ttf ... 
2023-02-11 02:20:22 +0000  87352 bytes for ./HKGrotesk-LightLegacy.ttf
2023-02-11 02:20:22 +0000  copying file ./HKGrotesk-MediumLegacy.ttf ... 
2023-02-11 02:20:22 +0000  85936 bytes for ./HKGrotesk-MediumLegacy.ttf
2023-02-11 02:20:22 +0000  copying file ./HKGrotesk-SemiBoldItalic.ttf ... 
2023-02-11 02:20:22 +0000  88588 bytes for ./HKGrotesk-SemiBoldItalic.ttf
2023-02-11 02:20:22 +0000  copying file ./AntDesign.ttf ... 
2023-02-11 02:20:22 +0000  70344 bytes for ./AntDesign.ttf
2023-02-11 02:20:22 +0000  copying file ./HKGrotesk-Italic.ttf ... 
2023-02-11 02:20:22 +0000  88800 bytes for ./HKGrotesk-Italic.ttf
2023-02-11 02:20:22 +0000  copying file ./Foundation.ttf ... 
2023-02-11 02:20:22 +0000  56976 bytes for ./Foundation.ttf
2023-02-11 02:20:22 +0000  copying file ./Ionicons.ttf ... 
2023-02-11 02:20:22 +0000  247192 bytes for ./Ionicons.ttf
2023-02-11 02:20:22 +0000  copying file ./FontAwesome5_Solid.ttf ... 
2023-02-11 02:20:22 +0000  202744 bytes for ./FontAwesome5_Solid.ttf
2023-02-11 02:20:22 +0000  copying file ./FontAwesome5_Regular.ttf ... 
2023-02-11 02:20:22 +0000  33736 bytes for ./FontAwesome5_Regular.ttf
2023-02-11 02:20:22 +0000  copying file ./HKGrotesk-LightItalic.ttf ... 
2023-02-11 02:20:22 +0000  89952 bytes for ./HKGrotesk-LightItalic.ttf
2023-02-11 02:20:22 +0000  copying file ./AccessibilityResources.bundle/en.lproj/Localizable.strings ... 
2023-02-11 02:20:22 +0000  518 bytes for ./AccessibilityResources.bundle/en.lproj/Localizable.strings
2023-02-11 02:20:22 +0000  copying file ./AccessibilityResources.bundle/Info.plist ... 
2023-02-11 02:20:22 +0000  792 bytes for ./AccessibilityResources.bundle/Info.plist
2023-02-11 02:20:22 +0000  copying file ./GoogleService-Info.plist ... 
2023-02-11 02:20:22 +0000  765 bytes for ./GoogleService-Info.plist
copying file ./FontAwesome.ttf ... 
2023-02-11 02:20:22 +0000  165548 bytes for ./FontAwesome.ttf
2023-02-11 02:20:22 +0000  copying file ./GoogleSignIn.bundle/de.lproj/GoogleSignIn.strings ... 
2023-02-11 02:20:22 +0000  1703 bytes for ./GoogleSignIn.bundle/de.lproj/GoogleSignIn.strings
2023-02-11 02:20:22 +0000  copying file ./GoogleSignIn.bundle/he.lproj/GoogleSignIn.strings ... 
2023-02-11 02:20:22 +0000  1780 bytes for ./GoogleSignIn.bundle/he.lproj/GoogleSignIn.strings
2023-02-11 02:20:22 +0000  copying file ./GoogleSignIn.bundle/ar.lproj/GoogleSignIn.strings ... 
2023-02-11 02:20:22 +0000  1759 bytes for ./GoogleSignIn.bundle/ar.lproj/GoogleSignIn.strings
2023-02-11 02:20:22 +0000  copying file ./GoogleSignIn.bundle/el.lproj/GoogleSignIn.strings ... 
2023-02-11 02:20:22 +0000  2103 bytes for ./GoogleSignIn.bundle/el.lproj/GoogleSignIn.strings
2023-02-11 02:20:22 +0000  copying file ./GoogleSignIn.bundle/ja.lproj/GoogleSignIn.strings ... 
2023-02-11 02:20:22 +0000  1711 bytes for ./GoogleSignIn.bundle/ja.lproj/GoogleSignIn.strings
2023-02-11 02:20:22 +0000  copying file ./GoogleSignIn.bundle/en.lproj/GoogleSignIn.strings ... 
2023-02-11 02:20:22 +0000  1547 bytes for ./GoogleSignIn.bundle/en.lproj/GoogleSignIn.strings
2023-02-11 02:20:22 +0000  copying file ./GoogleSignIn.bundle/uk.lproj/GoogleSignIn.strings ... 
2023-02-11 02:20:22 +0000  1864 bytes for ./GoogleSignIn.bundle/uk.lproj/GoogleSignIn.strings
2023-02-11 02:20:22 +0000  copying file ./GoogleSignIn.bundle/es_MX.lproj/GoogleSignIn.strings ... 
2023-02-11 02:20:22 +0000  1607 bytes for ./GoogleSignIn.bundle/es_MX.lproj/GoogleSignIn.strings
2023-02-11 02:20:22 +0000  copying file ./GoogleSignIn.bundle/zh_CN.lproj/GoogleSignIn.strings ... 
2023-02-11 02:20:22 +0000  1489 bytes for ./GoogleSignIn.bundle/zh_CN.lproj/GoogleSignIn.strings
2023-02-11 02:20:22 +0000  copying file ./GoogleSignIn.bundle/nb.lproj/GoogleSignIn.strings ... 
2023-02-11 02:20:22 +0000  1593 bytes for ./GoogleSignIn.bundle/nb.lproj/GoogleSignIn.strings
2023-02-11 02:20:22 +0000  copying file ./GoogleSignIn.bundle/es.lproj/GoogleSignIn.strings ... 
2023-02-11 02:20:22 +0000  1678 bytes for ./GoogleSignIn.bundle/es.lproj/GoogleSignIn.strings
2023-02-11 02:20:22 +0000  copying file ./GoogleSignIn.bundle/pt_BR.lproj/GoogleSignIn.strings ... 
2023-02-11 02:20:22 +0000  1608 bytes for ./GoogleSignIn.bundle/pt_BR.lproj/GoogleSignIn.strings
2023-02-11 02:20:22 +0000  copying file ./GoogleSignIn.bundle/da.lproj/GoogleSignIn.strings ... 
2023-02-11 02:20:22 +0000  1611 bytes for ./GoogleSignIn.bundle/da.lproj/GoogleSignIn.strings
2023-02-11 02:20:22 +0000  copying file ./GoogleSignIn.bundle/it.lproj/GoogleSignIn.strings ... 
2023-02-11 02:20:22 +0000  1570 bytes for ./GoogleSignIn.bundle/it.lproj/GoogleSignIn.strings
2023-02-11 02:20:22 +0000  copying file ./GoogleSignIn.bundle/sk.lproj/GoogleSignIn.strings ... 
2023-02-11 02:20:22 +0000  1665 bytes for ./GoogleSignIn.bundle/sk.lproj/GoogleSignIn.strings
2023-02-11 02:20:22 +0000  copying file ./GoogleSignIn.bundle/pt_PT.lproj/GoogleSignIn.strings ... 
2023-02-11 02:20:22 +0000  1646 bytes for ./GoogleSignIn.bundle/pt_PT.lproj/GoogleSignIn.strings
2023-02-11 02:20:22 +0000  copying file ./GoogleSignIn.bundle/google@3x.png ... 
2023-02-11 02:20:22 +0000  1773 bytes for ./GoogleSignIn.bundle/google@3x.png
2023-02-11 02:20:22 +0000  copying file ./GoogleSignIn.bundle/ms.lproj/GoogleSignIn.strings ... 
2023-02-11 02:20:22 +0000  1565 bytes for ./GoogleSignIn.bundle/ms.lproj/GoogleSignIn.strings
2023-02-11 02:20:22 +0000  copying file ./GoogleSignIn.bundle/sv.lproj/GoogleSignIn.strings ... 
2023-02-11 02:20:22 +0000  1579 bytes for ./GoogleSignIn.bundle/sv.lproj/GoogleSignIn.strings
2023-02-11 02:20:22 +0000  copying file ./GoogleSignIn.bundle/cs.lproj/GoogleSignIn.strings ... 
2023-02-11 02:20:22 +0000  1615 bytes for ./GoogleSignIn.bundle/cs.lproj/GoogleSignIn.strings
2023-02-11 02:20:22 +0000  copying file ./GoogleSignIn.bundle/google@2x.png ... 
2023-02-11 02:20:22 +0000  1166 bytes for ./GoogleSignIn.bundle/google@2x.png
2023-02-11 02:20:22 +0000  copying file ./GoogleSignIn.bundle/ko.lproj/GoogleSignIn.strings ... 
2023-02-11 02:20:22 +0000  1634 bytes for ./GoogleSignIn.bundle/ko.lproj/GoogleSignIn.strings
2023-02-11 02:20:22 +0000  copying file ./GoogleSignIn.bundle/hu.lproj/GoogleSignIn.strings ... 
2023-02-11 02:20:22 +0000  1663 bytes for ./GoogleSignIn.bundle/hu.lproj/GoogleSignIn.strings
2023-02-11 02:20:22 +0000  copying file ./GoogleSignIn.bundle/tr.lproj/GoogleSignIn.strings ... 
2023-02-11 02:20:22 +0000  1596 bytes for ./GoogleSignIn.bundle/tr.lproj/GoogleSignIn.strings
2023-02-11 02:20:22 +0000  copying file ./GoogleSignIn.bundle/pl.lproj/GoogleSignIn.strings ... 
2023-02-11 02:20:22 +0000  1578 bytes for ./GoogleSignIn.bundle/pl.lproj/GoogleSignIn.strings
2023-02-11 02:20:22 +0000  copying file ./GoogleSignIn.bundle/zh_TW.lproj/GoogleSignIn.strings ... 
2023-02-11 02:20:22 +0000  1525 bytes for ./GoogleSignIn.bundle/zh_TW.lproj/GoogleSignIn.strings
2023-02-11 02:20:22 +0000  copying file ./GoogleSignIn.bundle/en_GB.lproj/GoogleSignIn.strings ... 
2023-02-11 02:20:22 +0000  1547 bytes for ./GoogleSignIn.bundle/en_GB.lproj/GoogleSignIn.strings
2023-02-11 02:20:22 +0000  copying file ./GoogleSignIn.bundle/vi.lproj/GoogleSignIn.strings ... 
2023-02-11 02:20:22 +0000  1717 bytes for ./GoogleSignIn.bundle/vi.lproj/GoogleSignIn.strings
2023-02-11 02:20:22 +0000  copying file ./GoogleSignIn.bundle/ru.lproj/GoogleSignIn.strings ... 
2023-02-11 02:20:22 +0000  1954 bytes for ./GoogleSignIn.bundle/ru.lproj/GoogleSignIn.strings
2023-02-11 02:20:22 +0000  copying file ./GoogleSignIn.bundle/fr_CA.lproj/GoogleSignIn.strings ... 
2023-02-11 02:20:22 +0000  1657 bytes for ./GoogleSignIn.bundle/fr_CA.lproj/GoogleSignIn.strings
2023-02-11 02:20:22 +0000  copying file ./GoogleSignIn.bundle/fr.lproj/GoogleSignIn.strings ... 
2023-02-11 02:20:22 +0000  1676 bytes for ./GoogleSignIn.bundle/fr.lproj/GoogleSignIn.strings
2023-02-11 02:20:22 +0000  copying file ./GoogleSignIn.bundle/fi.lproj/GoogleSignIn.strings ... 
2023-02-11 02:20:22 +0000  1640 bytes for ./GoogleSignIn.bundle/fi.lproj/GoogleSignIn.strings
2023-02-11 02:20:22 +0000  copying file ./GoogleSignIn.bundle/id.lproj/GoogleSignIn.strings ... 
2023-02-11 02:20:22 +0000  1553 bytes for ./GoogleSignIn.bundle/id.lproj/GoogleSignIn.strings
2023-02-11 02:20:22 +0000  copying file ./GoogleSignIn.bundle/nl.lproj/GoogleSignIn.strings ... 
2023-02-11 02:20:22 +0000  1606 bytes for ./GoogleSignIn.bundle/nl.lproj/GoogleSignIn.strings
2023-02-11 02:20:22 +0000  copying file ./GoogleSignIn.bundle/th.lproj/GoogleSignIn.strings ... 
2023-02-11 02:20:22 +0000  2133 bytes for ./GoogleSignIn.bundle/th.lproj/GoogleSignIn.strings
2023-02-11 02:20:22 +0000  copying file ./GoogleSignIn.bundle/pt.lproj/GoogleSignIn.strings ... 
2023-02-11 02:20:22 +0000  1608 bytes for ./GoogleSignIn.bundle/pt.lproj/GoogleSignIn.strings
2023-02-11 02:20:22 +0000  copying file ./GoogleSignIn.bundle/google.png ... 
2023-02-11 02:20:22 +0000  643 bytes for ./GoogleSignIn.bundle/google.png
2023-02-11 02:20:22 +0000  copying file ./GoogleSignIn.bundle/Roboto-Bold.ttf ... 
2023-02-11 02:20:22 +0000  127744 bytes for ./GoogleSignIn.bundle/Roboto-Bold.ttf
2023-02-11 02:20:22 +0000  copying file ./GoogleSignIn.bundle/ro.lproj/GoogleSignIn.strings ... 
2023-02-11 02:20:22 +0000  1598 bytes for ./GoogleSignIn.bundle/ro.lproj/GoogleSignIn.strings
2023-02-11 02:20:22 +0000  copying file ./GoogleSignIn.bundle/Info.plist ... 
2023-02-11 02:20:22 +0000  769 bytes for ./GoogleSignIn.bundle/Info.plist
2023-02-11 02:20:22 +0000  copying file ./GoogleSignIn.bundle/hr.lproj/GoogleSignIn.strings ... 
2023-02-11 02:20:22 +0000  1621 bytes for ./GoogleSignIn.bundle/hr.lproj/GoogleSignIn.strings
2023-02-11 02:20:22 +0000  copying file ./GoogleSignIn.bundle/hi.lproj/GoogleSignIn.strings ... 
2023-02-11 02:20:22 +0000  2286 bytes for ./GoogleSignIn.bundle/hi.lproj/GoogleSignIn.strings
2023-02-11 02:20:22 +0000  copying file ./GoogleSignIn.bundle/ca.lproj/GoogleSignIn.strings ... 
2023-02-11 02:20:22 +0000  1669 bytes for ./GoogleSignIn.bundle/ca.lproj/GoogleSignIn.strings
2023-02-11 02:20:22 +0000  copying file ./HKGrotesk-Medium.ttf ... 
2023-02-11 02:20:22 +0000  87048 bytes for ./HKGrotesk-Medium.ttf
2023-02-11 02:20:22 +0000  copying file ./Zocial.ttf ... 
2023-02-11 02:20:22 +0000  25788 bytes for ./Zocial.ttf
2023-02-11 02:20:22 +0000  copying file ./HKGrotesk-Regular.ttf ... 
2023-02-11 02:20:22 +0000  87624 bytes for ./HKGrotesk-Regular.ttf
2023-02-11 02:20:22 +0000  copying file ./HKGrotesk-Bold.ttf ... 
2023-02-11 02:20:22 +0000  84980 bytes for ./HKGrotesk-Bold.ttf
2023-02-11 02:20:22 +0000  copying file ./HKGrotesk-SemiBold.ttf ... 
2023-02-11 02:20:22 +0000  87404 bytes for ./HKGrotesk-SemiBold.ttf
2023-02-11 02:20:22 +0000  copying file ./EvilIcons.ttf ... 
2023-02-11 02:20:22 +0000  13456 bytes for ./EvilIcons.ttf
2023-02-11 02:20:22 +0000  copying file ./HKGrotesk-LightLegacyItalic.ttf ... 
2023-02-11 02:20:22 +0000  90044 bytes for ./HKGrotesk-LightLegacyItalic.ttf
2023-02-11 02:20:22 +0000  copying file ./HKGrotesk-Light.ttf ... 
2023-02-11 02:20:22 +0000  88388 bytes for ./HKGrotesk-Light.ttf
2023-02-11 02:20:22 +0000  copying file ./main.jsbundle ... 
2023-02-11 02:20:22 +0000  4651030 bytes for ./main.jsbundle
copying file ./HKGrotesk-BoldItalic.ttf ... 
2023-02-11 02:20:22 +0000  86556 bytes for ./HKGrotesk-BoldItalic.ttf
2023-02-11 02:20:22 +0000  copying file ./LaunchScreen.storyboardc/01J-lp-oVM-view-Ze5-6b-2t3.nib ... 
2023-02-11 02:20:22 +0000  3776 bytes for ./LaunchScreen.storyboardc/01J-lp-oVM-view-Ze5-6b-2t3.nib
copying file ./LaunchScreen.storyboardc/UIViewController-01J-lp-oVM.nib ... 
2023-02-11 02:20:22 +0000  896 bytes for ./LaunchScreen.storyboardc/UIViewController-01J-lp-oVM.nib
2023-02-11 02:20:22 +0000  copying file ./LaunchScreen.storyboardc/Info.plist ... 
2023-02-11 02:20:22 +0000  258 bytes for ./LaunchScreen.storyboardc/Info.plist
copying file ./retrieverBuyer ... 
2023-02-11 02:20:22 +0000  25218656 bytes for ./retrieverBuyer
2023-02-11 02:20:22 +0000  copying file ./HKGrotesk-SemiBoldLegacyItalic.ttf ... 
2023-02-11 02:20:22 +0000  88712 bytes for ./HKGrotesk-SemiBoldLegacyItalic.ttf
2023-02-11 02:20:22 +0000  copying file ./HKGrotesk-MediumLegacyItalic.ttf ... 
2023-02-11 02:20:22 +0000  88008 bytes for ./HKGrotesk-MediumLegacyItalic.ttf
2023-02-11 02:20:22 +0000  copying file ./TOCropViewControllerBundle.bundle/de.lproj/TOCropViewControllerLocalizable.strings ... 
2023-02-11 02:20:22 +0000  189 bytes for ./TOCropViewControllerBundle.bundle/de.lproj/TOCropViewControllerLocalizable.strings
2023-02-11 02:20:22 +0000  copying file ./TOCropViewControllerBundle.bundle/ar.lproj/TOCropViewControllerLocalizable.strings ... 
2023-02-11 02:20:22 +0000  207 bytes for ./TOCropViewControllerBundle.bundle/ar.lproj/TOCropViewControllerLocalizable.strings
2023-02-11 02:20:22 +0000  copying file ./TOCropViewControllerBundle.bundle/zh-Hans.lproj/TOCropViewControllerLocalizable.strings ... 
2023-02-11 02:20:22 +0000  172 bytes for ./TOCropViewControllerBundle.bundle/zh-Hans.lproj/TOCropViewControllerLocalizable.strings
2023-02-11 02:20:22 +0000  copying file ./TOCropViewControllerBundle.bundle/ja.lproj/TOCropViewControllerLocalizable.strings ... 
2023-02-11 02:20:22 +0000  210 bytes for ./TOCropViewControllerBundle.bundle/ja.lproj/TOCropViewControllerLocalizable.strings
2023-02-11 02:20:22 +0000  copying file ./TOCropViewControllerBundle.bundle/fa.lproj/TOCropViewControllerLocalizable.strings ... 
2023-02-11 02:20:22 +0000  210 bytes for ./TOCropViewControllerBundle.bundle/fa.lproj/TOCropViewControllerLocalizable.strings
2023-02-11 02:20:22 +0000  copying file ./TOCropViewControllerBundle.bundle/en.lproj/TOCropViewControllerLocalizable.strings ... 
2023-02-11 02:20:22 +0000  168 bytes for ./TOCropViewControllerBundle.bundle/en.lproj/TOCropViewControllerLocalizable.strings
2023-02-11 02:20:22 +0000  copying file ./TOCropViewControllerBundle.bundle/es.lproj/TOCropViewControllerLocalizable.strings ... 
2023-02-11 02:20:22 +0000  179 bytes for ./TOCropViewControllerBundle.bundle/es.lproj/TOCropViewControllerLocalizable.strings
2023-02-11 02:20:22 +0000  copying file ./TOCropViewControllerBundle.bundle/it.lproj/TOCropViewControllerLocalizable.strings ... 
2023-02-11 02:20:22 +0000  181 bytes for ./TOCropViewControllerBundle.bundle/it.lproj/TOCropViewControllerLocalizable.strings
2023-02-11 02:20:22 +0000  copying file ./TOCropViewControllerBundle.bundle/sk.lproj/TOCropViewControllerLocalizable.strings ... 
2023-02-11 02:20:22 +0000  176 bytes for ./TOCropViewControllerBundle.bundle/sk.lproj/TOCropViewControllerLocalizable.strings
2023-02-11 02:20:22 +0000  copying file ./TOCropViewControllerBundle.bundle/ms.lproj/TOCropViewControllerLocalizable.strings ... 
2023-02-11 02:20:22 +0000  173 bytes for ./TOCropViewControllerBundle.bundle/ms.lproj/TOCropViewControllerLocalizable.strings
2023-02-11 02:20:22 +0000  copying file ./TOCropViewControllerBundle.bundle/cs.lproj/TOCropViewControllerLocalizable.strings ... 
2023-02-11 02:20:22 +0000  173 bytes for ./TOCropViewControllerBundle.bundle/cs.lproj/TOCropViewControllerLocalizable.strings
2023-02-11 02:20:22 +0000  copying file ./TOCropViewControllerBundle.bundle/ko.lproj/TOCropViewControllerLocalizable.strings ... 
2023-02-11 02:20:22 +0000  187 bytes for ./TOCropViewControllerBundle.bundle/ko.lproj/TOCropViewControllerLocalizable.strings
2023-02-11 02:20:22 +0000  copying file ./TOCropViewControllerBundle.bundle/Base.lproj/TOCropViewControllerLocalizable.strings ... 
2023-02-11 02:20:22 +0000  168 bytes for ./TOCropViewControllerBundle.bundle/Base.lproj/TOCropViewControllerLocalizable.strings
2023-02-11 02:20:22 +0000  copying file ./TOCropViewControllerBundle.bundle/zh-Hant.lproj/TOCropViewControllerLocalizable.strings ... 
2023-02-11 02:20:22 +0000  175 bytes for ./TOCropViewControllerBundle.bundle/zh-Hant.lproj/TOCropViewControllerLocalizable.strings
2023-02-11 02:20:22 +0000  copying file ./TOCropViewControllerBundle.bundle/fa-IR.lproj/TOCropViewControllerLocalizable.strings ... 
2023-02-11 02:20:22 +0000  210 bytes for ./TOCropViewControllerBundle.bundle/fa-IR.lproj/TOCropViewControllerLocalizable.strings
2023-02-11 02:20:22 +0000  copying file ./TOCropViewControllerBundle.bundle/hu.lproj/TOCropViewControllerLocalizable.strings ... 
2023-02-11 02:20:22 +0000  194 bytes for ./TOCropViewControllerBundle.bundle/hu.lproj/TOCropViewControllerLocalizable.strings
2023-02-11 02:20:22 +0000  copying file ./TOCropViewControllerBundle.bundle/da-DK.lproj/TOCropViewControllerLocalizable.strings ... 
2023-02-11 02:20:22 +0000  174 bytes for ./TOCropViewControllerBundle.bundle/da-DK.lproj/TOCropViewControllerLocalizable.strings
2023-02-11 02:20:22 +0000  copying file ./TOCropViewControllerBundle.bundle/tr.lproj/TOCropViewControllerLocalizable.strings ... 
2023-02-11 02:20:22 +0000  183 bytes for ./TOCropViewControllerBundle.bundle/tr.lproj/TOCropViewControllerLocalizable.strings
2023-02-11 02:20:22 +0000  copying file ./TOCropViewControllerBundle.bundle/pl.lproj/TOCropViewControllerLocalizable.strings ... 
2023-02-11 02:20:22 +0000  171 bytes for ./TOCropViewControllerBundle.bundle/pl.lproj/TOCropViewControllerLocalizable.strings
2023-02-11 02:20:22 +0000  copying file ./TOCropViewControllerBundle.bundle/pt-BR.lproj/TOCropViewControllerLocalizable.strings ... 
2023-02-11 02:20:22 +0000  181 bytes for ./TOCropViewControllerBundle.bundle/pt-BR.lproj/TOCropViewControllerLocalizable.strings
2023-02-11 02:20:22 +0000  copying file ./TOCropViewControllerBundle.bundle/vi.lproj/TOCropViewControllerLocalizable.strings ... 
2023-02-11 02:20:22 +0000  178 bytes for ./TOCropViewControllerBundle.bundle/vi.lproj/TOCropViewControllerLocalizable.strings
2023-02-11 02:20:22 +0000  copying file ./TOCropViewControllerBundle.bundle/ru.lproj/TOCropViewControllerLocalizable.strings ... 
2023-02-11 02:20:22 +0000  237 bytes for ./TOCropViewControllerBundle.bundle/ru.lproj/TOCropViewControllerLocalizable.strings
2023-02-11 02:20:22 +0000  copying file ./TOCropViewControllerBundle.bundle/fr.lproj/TOCropViewControllerLocalizable.strings ... 
2023-02-11 02:20:22 +0000  193 bytes for ./TOCropViewControllerBundle.bundle/fr.lproj/TOCropViewControllerLocalizable.strings
2023-02-11 02:20:22 +0000  copying file ./TOCropViewControllerBundle.bundle/fi.lproj/TOCropViewControllerLocalizable.strings ... 
2023-02-11 02:20:22 +0000  179 bytes for ./TOCropViewControllerBundle.bundle/fi.lproj/TOCropViewControllerLocalizable.strings
2023-02-11 02:20:22 +0000  copying file ./TOCropViewControllerBundle.bundle/id.lproj/TOCropViewControllerLocalizable.strings ... 
2023-02-11 02:20:22 +0000  178 bytes for ./TOCropViewControllerBundle.bundle/id.lproj/TOCropViewControllerLocalizable.strings
2023-02-11 02:20:22 +0000  copying file ./TOCropViewControllerBundle.bundle/nl.lproj/TOCropViewControllerLocalizable.strings ... 
2023-02-11 02:20:22 +0000  178 bytes for ./TOCropViewControllerBundle.bundle/nl.lproj/TOCropViewControllerLocalizable.strings
2023-02-11 02:20:22 +0000  copying file ./TOCropViewControllerBundle.bundle/pt.lproj/TOCropViewControllerLocalizable.strings ... 
2023-02-11 02:20:22 +0000  181 bytes for ./TOCropViewControllerBundle.bundle/pt.lproj/TOCropViewControllerLocalizable.strings
2023-02-11 02:20:22 +0000  copying file ./TOCropViewControllerBundle.bundle/ro.lproj/TOCropViewControllerLocalizable.strings ... 
2023-02-11 02:20:22 +0000  181 bytes for ./TOCropViewControllerBundle.bundle/ro.lproj/TOCropViewControllerLocalizable.strings
2023-02-11 02:20:22 +0000  copying file ./TOCropViewControllerBundle.bundle/Info.plist ... 
2023-02-11 02:20:22 +0000  799 bytes for ./TOCropViewControllerBundle.bundle/Info.plist
copying file ./TOCropViewControllerBundle.bundle/ca.lproj/TOCropViewControllerLocalizable.strings ... 
2023-02-11 02:20:22 +0000  177 bytes for ./TOCropViewControllerBundle.bundle/ca.lproj/TOCropViewControllerLocalizable.strings
2023-02-11 02:20:22 +0000  copying file ./Frameworks/hermes.framework/_CodeSignature/CodeResources ... 
2023-02-11 02:20:22 +0000  1798 bytes for ./Frameworks/hermes.framework/_CodeSignature/CodeResources
2023-02-11 02:20:22 +0000  copying file ./Frameworks/hermes.framework/hermes ... 
2023-02-11 02:20:26 +0000  487581360 bytes for ./Frameworks/hermes.framework/hermes
copying file ./Frameworks/hermes.framework/Info.plist ... 
2023-02-11 02:20:26 +0000  815 bytes for ./Frameworks/hermes.framework/Info.plist
2023-02-11 02:20:26 +0000  copying file ./SimpleLineIcons.ttf ... 
2023-02-11 02:20:26 +0000  54056 bytes for ./SimpleLineIcons.ttf
2023-02-11 02:20:26 +0000  copying file ./HKGrotesk-RegularLegacy.ttf ... 
2023-02-11 02:20:26 +0000  86668 bytes for ./HKGrotesk-RegularLegacy.ttf
2023-02-11 02:20:26 +0000  copying file ./embedded.mobileprovision ... 
2023-02-11 02:20:26 +0000  16355 bytes for ./embedded.mobileprovision
2023-02-11 02:20:26 +0000  copying file ./assets/app/assets/images/ads/ads.jpg ... 
2023-02-11 02:20:26 +0000  139018 bytes for ./assets/app/assets/images/ads/ads.jpg
2023-02-11 02:20:26 +0000  copying file ./assets/app/assets/images/blogs/blog.jpg ... 
2023-02-11 02:20:26 +0000  194307 bytes for ./assets/app/assets/images/blogs/blog.jpg
2023-02-11 02:20:26 +0000  copying file ./assets/app/assets/images/buyerbackground.png ... 
2023-02-11 02:20:26 +0000  68767 bytes for ./assets/app/assets/images/buyerbackground.png
2023-02-11 02:20:26 +0000  copying file ./assets/app/assets/images/card/cvvinfo.png ... 
2023-02-11 02:20:26 +0000  70170 bytes for ./assets/app/assets/images/card/cvvinfo.png
2023-02-11 02:20:26 +0000  copying file ./assets/app/assets/images/card/expiryinfo.png ... 
2023-02-11 02:20:26 +0000  104764 bytes for ./assets/app/assets/images/card/expiryinfo.png
2023-02-11 02:20:26 +0000  copying file ./assets/app/assets/images/loginscreenheader.png ... 
2023-02-11 02:20:26 +0000  6339 bytes for ./assets/app/assets/images/loginscreenheader.png
2023-02-11 02:20:26 +0000  copying file ./assets/app/assets/images/toast/welcome-toast.png ... 
2023-02-11 02:20:26 +0000  25580 bytes for ./assets/app/assets/images/toast/welcome-toast.png
2023-02-11 02:20:26 +0000  copying file ./assets/app/assets/images/stores/coffee.jpg ... 
2023-02-11 02:20:26 +0000  635247 bytes for ./assets/app/assets/images/stores/coffee.jpg
2023-02-11 02:20:26 +0000  copying file ./assets/app/assets/images/stores/manokan.jpg ... 
2023-02-11 02:20:26 +0000  275765 bytes for ./assets/app/assets/images/stores/manokan.jpg
2023-02-11 02:20:26 +0000  copying file ./assets/app/assets/images/stores/hayashi.jpg ... 
2023-02-11 02:20:26 +0000  166301 bytes for ./assets/app/assets/images/stores/hayashi.jpg
2023-02-11 02:20:26 +0000  copying file ./assets/app/assets/images/stores/sample.png ... 
2023-02-11 02:20:26 +0000  15598 bytes for ./assets/app/assets/images/stores/sample.png
2023-02-11 02:20:26 +0000  copying file ./assets/app/assets/images/stores/leylam.jpg ... 
2023-02-11 02:20:26 +0000  155784 bytes for ./assets/app/assets/images/stores/leylam.jpg
2023-02-11 02:20:26 +0000  copying file ./assets/app/assets/images/food1.png ... 
2023-02-11 02:20:26 +0000  4029 bytes for ./assets/app/assets/images/food1.png
2023-02-11 02:20:26 +0000  copying file ./assets/app/assets/images/carousel/carouselimage.jpg ... 
2023-02-11 02:20:26 +0000  118423 bytes for ./assets/app/assets/images/carousel/carouselimage.jpg
2023-02-11 02:20:26 +0000  copying file ./assets/app/assets/images/navigations/wallet.png ... 
2023-02-11 02:20:26 +0000  965 bytes for ./assets/app/assets/images/navigations/wallet.png
2023-02-11 02:20:26 +0000  copying file ./assets/app/assets/images/navigations/arrowright.png ... 
2023-02-11 02:20:26 +0000  664 bytes for ./assets/app/assets/images/navigations/arrowright.png
2023-02-11 02:20:26 +0000  copying file ./assets/app/assets/images/navigations/question.png ... 
2023-02-11 02:20:26 +0000  2403 bytes for ./assets/app/assets/images/navigations/question.png
2023-02-11 02:20:26 +0000  copying file ./assets/app/assets/images/navigations/cog.png ... 
2023-02-11 02:20:26 +0000  2333 bytes for ./assets/app/assets/images/navigations/cog.png
2023-02-11 02:20:26 +0000  copying file ./assets/app/assets/images/navigations/history.png ... 
2023-02-11 02:20:26 +0000  590 bytes for ./assets/app/assets/images/navigations/history.png
2023-02-11 02:20:26 +0000  copying file ./assets/app/assets/images/navigations/profile.png ... 
2023-02-11 02:20:26 +0000  1942 bytes for ./assets/app/assets/images/navigations/profile.png
2023-02-11 02:20:26 +0000  copying file ./assets/app/assets/images/navigations/wavehand.png ... 
2023-02-11 02:20:26 +0000  2299 bytes for ./assets/app/assets/images/navigations/wavehand.png
2023-02-11 02:20:26 +0000  copying file ./assets/app/assets/images/treats/treatsonsale.png ... 
2023-02-11 02:20:26 +0000  2805 bytes for ./assets/app/assets/images/treats/treatsonsale.png
2023-02-11 02:20:26 +0000  copying file ./assets/app/assets/images/treats/freedelivery.png ... 
2023-02-11 02:20:26 +0000  3679 bytes for ./assets/app/assets/images/treats/freedelivery.png
2023-02-11 02:20:26 +0000  copying file ./assets/app/assets/images/treats/moretreats.png ... 
2023-02-11 02:20:26 +0000  3102 bytes for ./assets/app/assets/images/treats/moretreats.png
2023-02-11 02:20:26 +0000  copying file ./assets/app/assets/images/users/person.png ... 
2023-02-11 02:20:26 +0000  74113 bytes for ./assets/app/assets/images/users/person.png
2023-02-11 02:20:26 +0000  copying file ./assets/app/assets/images/menus/menu3.png ... 
2023-02-11 02:20:26 +0000  324020 bytes for ./assets/app/assets/images/menus/menu3.png
2023-02-11 02:20:26 +0000  copying file ./assets/app/assets/images/menus/menu2.png ... 
2023-02-11 02:20:26 +0000  300476 bytes for ./assets/app/assets/images/menus/menu2.png
copying file ./assets/app/assets/images/menus/menu1.png ... 
2023-02-11 02:20:26 +0000  360775 bytes for ./assets/app/assets/images/menus/menu1.png
copying file ./assets/app/assets/images/menus/menu5.png ... 
2023-02-11 02:20:26 +0000  240538 bytes for ./assets/app/assets/images/menus/menu5.png
copying file ./assets/app/assets/images/menus/menu4.png ... 
2023-02-11 02:20:26 +0000  204118 bytes for ./assets/app/assets/images/menus/menu4.png
2023-02-11 02:20:26 +0000  copying file ./assets/app/assets/images/menus/menu6.png ... 
2023-02-11 02:20:26 +0000  265802 bytes for ./assets/app/assets/images/menus/menu6.png
2023-02-11 02:20:26 +0000  copying file ./assets/app/assets/images/receiptbackground.png ... 
2023-02-11 02:20:26 +0000  23835 bytes for ./assets/app/assets/images/receiptbackground.png
2023-02-11 02:20:26 +0000  copying file ./assets/app/assets/images/retriever_logo/logo.png ... 
2023-02-11 02:20:26 +0000  26073 bytes for ./assets/app/assets/images/retriever_logo/logo.png
2023-02-11 02:20:26 +0000  copying file ./assets/app/assets/images/about_us/website.png ... 
2023-02-11 02:20:26 +0000  2096 bytes for ./assets/app/assets/images/about_us/website.png
copying file ./assets/app/assets/images/about_us/terms.png ... 
2023-02-11 02:20:26 +0000  1278 bytes for ./assets/app/assets/images/about_us/terms.png
copying file ./assets/app/assets/images/about_us/privacy.png ... 
2023-02-11 02:20:26 +0000  1345 bytes for ./assets/app/assets/images/about_us/privacy.png
copying file ./assets/app/assets/images/about_us/discord.png ... 
2023-02-11 02:20:26 +0000  1546 bytes for ./assets/app/assets/images/about_us/discord.png
2023-02-11 02:20:26 +0000  copying file ./assets/app/assets/images/about_us/feedback.png ... 
2023-02-11 02:20:26 +0000  1378 bytes for ./assets/app/assets/images/about_us/feedback.png
2023-02-11 02:20:26 +0000  copying file ./assets/app/assets/images/services/tools.png ... 
2023-02-11 02:20:26 +0000  2107 bytes for ./assets/app/assets/images/services/tools.png
2023-02-11 02:20:26 +0000  copying file ./assets/app/assets/images/services/food.png ... 
2023-02-11 02:20:26 +0000  3115 bytes for ./assets/app/assets/images/services/food.png
2023-02-11 02:20:26 +0000  copying file ./assets/app/assets/images/services/errands.png ... 
2023-02-11 02:20:26 +0000  2793 bytes for ./assets/app/assets/images/services/errands.png
2023-02-11 02:20:26 +0000  copying file ./assets/app/assets/images/promo/promo2.png ... 
2023-02-11 02:20:26 +0000  7250 bytes for ./assets/app/assets/images/promo/promo2.png
2023-02-11 02:20:26 +0000  copying file ./assets/app/assets/images/promo/promo1.png ... 
2023-02-11 02:20:26 +0000  7563 bytes for ./assets/app/assets/images/promo/promo1.png
2023-02-11 02:20:26 +0000  copying file ./assets/app/assets/icons/info.png ... 
2023-02-11 02:20:26 +0000  1380 bytes for ./assets/app/assets/icons/info.png
2023-02-11 02:20:26 +0000  copying file ./assets/app/assets/icons/card.png ... 
2023-02-11 02:20:26 +0000  691 bytes for ./assets/app/assets/icons/card.png
2023-02-11 02:20:26 +0000  copying file ./assets/app/assets/icons/note.png ... 
2023-02-11 02:20:26 +0000  853 bytes for ./assets/app/assets/icons/note.png
2023-02-11 02:20:26 +0000  copying file ./assets/app/assets/icons/time.png ... 
2023-02-11 02:20:26 +0000  864 bytes for ./assets/app/assets/icons/time.png
copying file ./assets/app/assets/icons/cart2.png ... 
2023-02-11 02:20:26 +0000  972 bytes for ./assets/app/assets/icons/cart2.png
2023-02-11 02:20:26 +0000  copying file ./assets/app/assets/icons/cart1.png ... 
2023-02-11 02:20:26 +0000  1253 bytes for ./assets/app/assets/icons/cart1.png
copying file ./assets/app/assets/icons/editicon.png ... 
2023-02-11 02:20:26 +0000  1113 bytes for ./assets/app/assets/icons/editicon.png
2023-02-11 02:20:26 +0000  copying file ./assets/app/assets/icons/lock.png ... 
2023-02-11 02:20:26 +0000  490 bytes for ./assets/app/assets/icons/lock.png
2023-02-11 02:20:26 +0000  copying file ./assets/app/assets/icons/map-marker.png ... 
2023-02-11 02:20:26 +0000  1454 bytes for ./assets/app/assets/icons/map-marker.png
2023-02-11 02:20:26 +0000  copying file ./assets/app/assets/icons/searchfilter/cake.png ... 
2023-02-11 02:20:26 +0000  1361 bytes for ./assets/app/assets/icons/searchfilter/cake.png
2023-02-11 02:20:26 +0000  copying file ./assets/app/assets/icons/searchfilter/coffee.png ... 
2023-02-11 02:20:26 +0000  1694 bytes for ./assets/app/assets/icons/searchfilter/coffee.png
copying file ./assets/app/assets/icons/searchfilter/tag.png ... 
2023-02-11 02:20:26 +0000  994 bytes for ./assets/app/assets/icons/searchfilter/tag.png
2023-02-11 02:20:26 +0000  copying file ./assets/app/assets/icons/searchfilter/brunch.png ... 
2023-02-11 02:20:26 +0000  1230 bytes for ./assets/app/assets/icons/searchfilter/brunch.png
2023-02-11 02:20:26 +0000  copying file ./assets/app/assets/icons/searchfilter/clock.png ... 
2023-02-11 02:20:26 +0000  1409 bytes for ./assets/app/assets/icons/searchfilter/clock.png
copying file ./assets/app/assets/icons/searchfilter/asian.png ... 
2023-02-11 02:20:26 +0000  1460 bytes for ./assets/app/assets/icons/searchfilter/asian.png
2023-02-11 02:20:26 +0000  copying file ./assets/app/assets/icons/searchfilter/burger.png ... 
2023-02-11 02:20:26 +0000  1339 bytes for ./assets/app/assets/icons/searchfilter/burger.png
2023-02-11 02:20:26 +0000  copying file ./assets/app/assets/icons/wallet2.png ... 
2023-02-11 02:20:26 +0000  724 bytes for ./assets/app/assets/icons/wallet2.png
2023-02-11 02:20:26 +0000  copying file ./assets/app/assets/icons/payment/retrieverwallet.png ... 
2023-02-11 02:20:26 +0000  2587 bytes for ./assets/app/assets/icons/payment/retrieverwallet.png
2023-02-11 02:20:26 +0000  copying file ./assets/app/assets/icons/payment/gcash.png ... 
2023-02-11 02:20:26 +0000  2997 bytes for ./assets/app/assets/icons/payment/gcash.png
2023-02-11 02:20:26 +0000  copying file ./assets/app/assets/icons/payment/money.png ... 
2023-02-11 02:20:26 +0000  1234 bytes for ./assets/app/assets/icons/payment/money.png
2023-02-11 02:20:26 +0000  copying file ./assets/app/assets/icons/promo1.png ... 
2023-02-11 02:20:26 +0000  1393 bytes for ./assets/app/assets/icons/promo1.png
2023-02-11 02:20:26 +0000  copying file ./assets/app/assets/icons/wallet1.png ... 
2023-02-11 02:20:26 +0000  729 bytes for ./assets/app/assets/icons/wallet1.png
2023-02-11 02:20:26 +0000  copying file ./assets/app/assets/icons/user.png ... 
2023-02-11 02:20:26 +0000  9860 bytes for ./assets/app/assets/icons/user.png
2023-02-11 02:20:26 +0000  copying file ./assets/app/assets/icons/distance.png ... 
2023-02-11 02:20:26 +0000  759 bytes for ./assets/app/assets/icons/distance.png
copying file ./assets/app/assets/icons/promo.png ... 
2023-02-11 02:20:26 +0000  807 bytes for ./assets/app/assets/icons/promo.png
copying file ./assets/app/assets/icons/sort.png ... 
2023-02-11 02:20:26 +0000  573 bytes for ./assets/app/assets/icons/sort.png
2023-02-11 02:20:26 +0000  copying file ./assets/app/assets/icons/distance1.png ... 
2023-02-11 02:20:26 +0000  940 bytes for ./assets/app/assets/icons/distance1.png
copying file ./assets/app/assets/icons/success.png ... 
2023-02-11 02:20:26 +0000  14557 bytes for ./assets/app/assets/icons/success.png
copying file ./assets/app/assets/icons/info1.png ... 
2023-02-11 02:20:26 +0000  929 bytes for ./assets/app/assets/icons/info1.png
2023-02-11 02:20:26 +0000  copying file ./assets/app/assets/icons/track1.png ... 
2023-02-11 02:20:26 +0000  605 bytes for ./assets/app/assets/icons/track1.png
copying file ./assets/app/assets/icons/star.png ... 
2023-02-11 02:20:26 +0000  697 bytes for ./assets/app/assets/icons/star.png
copying file ./assets/app/assets/icons/send.png ... 
2023-02-11 02:20:26 +0000  1174 bytes for ./assets/app/assets/icons/send.png
copying file ./assets/app/assets/icons/rating.png ... 
2023-02-11 02:20:26 +0000  2225 bytes for ./assets/app/assets/icons/rating.png
copying file ./assets/app/assets/icons/check-circle-background.png ... 
2023-02-11 02:20:26 +0000  1171 bytes for ./assets/app/assets/icons/check-circle-background.png
copying file ./assets/app/assets/icons/check-circle.png ... 
2023-02-11 02:20:26 +0000  669 bytes for ./assets/app/assets/icons/check-circle.png
copying file ./assets/app/assets/icons/copy.png ... 
2023-02-11 02:20:26 +0000  1133 bytes for ./assets/app/assets/icons/copy.png
2023-02-11 02:20:26 +0000  copying file ./assets/node_modules/react-native-ratings/dist/images/bell.png ... 
2023-02-11 02:20:26 +0000  2989 bytes for ./assets/node_modules/react-native-ratings/dist/images/bell.png
copying file ./assets/node_modules/react-native-ratings/dist/images/airbnb-star-selected.png ... 
2023-02-11 02:20:26 +0000  934 bytes for ./assets/node_modules/react-native-ratings/dist/images/airbnb-star-selected.png
copying file ./assets/node_modules/react-native-ratings/dist/images/heart.png ... 
2023-02-11 02:20:26 +0000  1928 bytes for ./assets/node_modules/react-native-ratings/dist/images/heart.png
2023-02-11 02:20:26 +0000  copying file ./assets/node_modules/react-native-ratings/dist/images/airbnb-star.png ... 
2023-02-11 02:20:26 +0000  930 bytes for ./assets/node_modules/react-native-ratings/dist/images/airbnb-star.png
copying file ./assets/node_modules/react-native-ratings/dist/images/rocket.png ... 
2023-02-11 02:20:26 +0000  4050 bytes for ./assets/node_modules/react-native-ratings/dist/images/rocket.png
copying file ./assets/node_modules/react-native-ratings/dist/images/star.png ... 
2023-02-11 02:20:26 +0000  1961 bytes for ./assets/node_modules/react-native-ratings/dist/images/star.png
2023-02-11 02:20:26 +0000  copying file ./assets/node_modules/@react-navigation/elements/src/assets/back-icon@3x.png ... 
2023-02-11 02:20:26 +0000  761 bytes for ./assets/node_modules/@react-navigation/elements/src/assets/back-icon@3x.png
copying file ./assets/node_modules/@react-navigation/elements/src/assets/back-icon@2x.png ... 
2023-02-11 02:20:26 +0000  405 bytes for ./assets/node_modules/@react-navigation/elements/src/assets/back-icon@2x.png
copying file ./assets/node_modules/@react-navigation/elements/src/assets/back-icon.png ... 
2023-02-11 02:20:26 +0000  290 bytes for ./assets/node_modules/@react-navigation/elements/src/assets/back-icon.png
copying file ./assets/node_modules/@react-navigation/elements/src/assets/back-icon-mask.png ... 
2023-02-11 02:20:26 +0000  913 bytes for ./assets/node_modules/@react-navigation/elements/src/assets/back-icon-mask.png
2023-02-11 02:20:26 +0000  copying file ./assets/node_modules/react-native-paper/src/assets/back-chevron.png ... 
2023-02-11 02:20:26 +0000  489 bytes for ./assets/node_modules/react-native-paper/src/assets/back-chevron.png
2023-02-11 02:20:26 +0000  copying file ./assets/node_modules/react-native-element-dropdown/src/assets/down.png ... 
2023-02-11 02:20:26 +0000  186 bytes for ./assets/node_modules/react-native-element-dropdown/src/assets/down.png
copying file ./assets/node_modules/react-native-element-dropdown/src/assets/close.png ... 
2023-02-11 02:20:26 +0000  208 bytes for ./assets/node_modules/react-native-element-dropdown/src/assets/close.png
2023-02-11 02:20:26 +0000  copying file ./assets/node_modules/react-native-google-places-autocomplete/images/powered_by_google_on_white@2x.png ... 
2023-02-11 02:20:26 +0000  1731 bytes for ./assets/node_modules/react-native-google-places-autocomplete/images/powered_by_google_on_white@2x.png
2023-02-11 02:20:26 +0000  copying file ./assets/node_modules/react-native-google-places-autocomplete/images/powered_by_google_on_white@3x.png ... 
2023-02-11 02:20:26 +0000  4232 bytes for ./assets/node_modules/react-native-google-places-autocomplete/images/powered_by_google_on_white@3x.png
2023-02-11 02:20:26 +0000  copying file ./assets/node_modules/react-native-google-places-autocomplete/images/powered_by_google_on_white.png ... 
2023-02-11 02:20:26 +0000  1563 bytes for ./assets/node_modules/react-native-google-places-autocomplete/images/powered_by_google_on_white.png
2023-02-11 02:20:26 +0000  copying file ./HKGrotesk-BoldLegacy.ttf ... 
2023-02-11 02:20:26 +0000  83976 bytes for ./HKGrotesk-BoldLegacy.ttf
copying file ./Info.plist ... 
2023-02-11 02:20:26 +0000  4405 bytes for ./Info.plist
2023-02-11 02:20:26 +0000  copying file ./HKGrotesk-BoldLegacyItalic.ttf ... 
2023-02-11 02:20:26 +0000  86712 bytes for ./HKGrotesk-BoldLegacyItalic.ttf
2023-02-11 02:20:26 +0000  copying file ./PkgInfo ... 
2023-02-11 02:20:26 +0000  8 bytes for ./PkgInfo
copying file ./MaterialIcons.ttf ... 
2023-02-11 02:20:26 +0000  230384 bytes for ./MaterialIcons.ttf
2023-02-11 02:20:26 +0000  /usr/bin/ditto exited with 0
2023-02-11 02:20:26 +0000  Processing step: IDEDistributionEmbedProfileStep
2023-02-11 02:20:26 +0000  Skipping profile for item: <IDEDistributionItem: 0x7fc9220b6a00; bundleID='dev.hermesengine.iphoneos', path='<DVTFilePath:0x7fc9214741f0:'/Users/retrievertechcorp/Library/Developer/Xcode/Archives/2023-02-11/retrieverBuyer 2-11-23, 10.09 AM.xcarchive/Products/Applications/retrieverBuyer.app/Frameworks/hermes.framework'>', codeSigningInfo='<_DVTCodeSigningInformation_Path: 0x7fc9223ae540; isSigned='1', isAdHocSigned='0', signingCertificate='<DVTSigningCertificate: 0x7fc9220fe250; name='Apple Development: Meonie Sonico (83L6729JDR)', hash='A23A9C44AB52E69C7973A55AB1EFB253D9320D2E', serialNumber='52BDF08777A572C63EB5C2D01A5FEC1E', certificateKinds='(
    "1.2.840.113635.100.6.1.12",
    "1.2.840.113635.100.6.1.2"
), issueDate='2022-11-25 01:06:19 +0000''>', entitlements='(null)', teamID='GMM38QJ4GA', identifier='dev.hermesengine.iphoneos', executablePath='<DVTFilePath:0x7fc9214756f0:'/Users/retrievertechcorp/Library/Developer/Xcode/Archives/2023-02-11/retrieverBuyer 2-11-23, 10.09 AM.xcarchive/Products/Applications/retrieverBuyer.app/Frameworks/hermes.framework/hermes'>', hardenedRuntime='0'>'>
2023-02-11 02:20:26 +0000  Processing step: IDEDistributionInfoPlistStep
2023-02-11 02:20:26 +0000  Skipping step: IDEDistributionInfoPlistStep because it said so
2023-02-11 02:20:26 +0000  Skipping step: IDEDistributionInfoPlistStep because it said so
2023-02-11 02:20:26 +0000  Processing step: IDEDistributionAppThinningPlistStep
2023-02-11 02:20:26 +0000  Skipping step: IDEDistributionAppThinningPlistStep because it said so
2023-02-11 02:20:26 +0000  Processing step: IDEDistributionCompileBitcodeStep
2023-02-11 02:20:26 +0000  Running /Applications/Xcode.app/Contents/Developer/usr/bin/ipatool '/var/folders/qq/kn3mb_ls71z640nps5cfm5yw0000gn/T/XcodeDistPipeline.~~~TYVn0t/Root' '--json' '/var/folders/qq/kn3mb_ls71z640nps5cfm5yw0000gn/T/ipatool-json-filepath-~~~sBHmyO' '--output' '/var/folders/qq/kn3mb_ls71z640nps5cfm5yw0000gn/T/IDEIPAProcessor.AppThinning.~~~MoDD6h' '--toolchain' '/Applications/Xcode.app/Contents/Developer/Toolchains/XcodeDefault.xctoolchain/usr' '--platforms' '/Applications/Xcode.app/Contents/Developer/Platforms' '--app-store-tools-build-version' '13C100' '--compile-bitcode'
2023-02-11 02:20:26 +0000  ruby 2.6.3p62 (2019-04-16 revision 67580) [universal.x86_64-darwin20]
2023-02-11 02:20:26 +0000  /System/Library/Frameworks/Ruby.framework/Versions/2.6/usr/lib/ruby/gems/2.6.0/gems/CFPropertyList-2.3.6/lib/cfpropertylist/rbCFPropertyList.rb:99: warning: assigned but unused variable - temp
2023-02-11 02:20:26 +0000  OS X 11.6.3 20G415
2023-02-11 02:20:26 +0000  ENV: {"COMMAND_MODE"=>"unix2003", "MallocNanoZone"=>"0", "PATH"=>"/Applications/Xcode.app/Contents/Developer/Toolchains/XcodeDefault.xctoolchain/usr/bin:/Applications/Xcode.app/Contents/Developer/Toolchains/XcodeDefault.xctoolchain/usr/local/bin:/Applications/Xcode.app/Contents/Developer/Toolchains/XcodeDefault.xctoolchain/usr/libexec:/Applications/Xcode.app/Contents/Developer/usr/bin:/Applications/Xcode.app/Contents/Developer/usr/local/bin:/Applications/Xcode.app/Contents/Developer/Tools:/usr/bin:/bin:/usr/sbin:/sbin", "__CFBundleIdentifier"=>"com.apple.dt.Xcode", "LOGNAME"=>"retrievertechcorp", "HOME"=>"/Users/retrievertechcorp", "XPC_FLAGS"=>"0x0", "LaunchInstanceID"=>"1CC2DB70-9458-44F1-A8D9-CED521D4831A", "TMPDIR"=>"/var/folders/qq/kn3mb_ls71z640nps5cfm5yw0000gn/T/", "USER"=>"retrievertechcorp", "SSH_AUTH_SOCK"=>"/private/tmp/com.apple.launchd.zDKPEul5eW/Listeners", "SECURITYSESSIONID"=>"186a8", "XPC_SERVICE_NAME"=>"application.com.apple.dt.Xcode.136709.894434", "CA_ASSERT_MAIN_THREAD_TRANSACTIONS"=>"1", "SHELL"=>"/bin/zsh", "__CF_USER_TEXT_ENCODING"=>"0x1F5:0x0:0x0", "CA_DEBUG_TRANSACTIONS"=>"1"}
2023-02-11 02:20:26 +0000  ARGV: ["/var/folders/qq/kn3mb_ls71z640nps5cfm5yw0000gn/T/XcodeDistPipeline.~~~TYVn0t/Root", "--json", "/var/folders/qq/kn3mb_ls71z640nps5cfm5yw0000gn/T/ipatool-json-filepath-~~~sBHmyO", "--output", "/var/folders/qq/kn3mb_ls71z640nps5cfm5yw0000gn/T/IDEIPAProcessor.AppThinning.~~~MoDD6h", "--toolchain", "/Applications/Xcode.app/Contents/Developer/Toolchains/XcodeDefault.xctoolchain/usr", "--platforms", "/Applications/Xcode.app/Contents/Developer/Platforms", "--app-store-tools-build-version", "13C100", "--compile-bitcode"]
2023-02-11 02:20:26 +0000  IPA contents:
2023-02-11 02:20:26 +0000  /var/folders/qq/kn3mb_ls71z640nps5cfm5yw0000gn/T/XcodeDistPipeline.~~~TYVn0t/Root
/var/folders/qq/kn3mb_ls71z640nps5cfm5yw0000gn/T/XcodeDistPipeline.~~~TYVn0t/Root/Payload
/var/folders/qq/kn3mb_ls71z640nps5cfm5yw0000gn/T/XcodeDistPipeline.~~~TYVn0t/Root/Payload/retrieverBuyer.app
/var/folders/qq/kn3mb_ls71z640nps5cfm5yw0000gn/T/XcodeDistPipeline.~~~TYVn0t/Root/Payload/retrieverBuyer.app/AccessibilityResources.bundle
/var/folders/qq/kn3mb_ls71z640nps5cfm5yw0000gn/T/XcodeDistPipeline.~~~TYVn0t/Root/Payload/retrieverBuyer.app/AccessibilityResources.bundle/Info.plist
/var/folders/qq/kn3mb_ls71z640nps5cfm5yw0000gn/T/XcodeDistPipeline.~~~TYVn0t/Root/Payload/retrieverBuyer.app/AccessibilityResources.bundle/en.lproj
/var/folders/qq/kn3mb_ls71z640nps5cfm5yw0000gn/T/XcodeDistPipeline.~~~TYVn0t/Root/Payload/retrieverBuyer.app/AccessibilityResources.bundle/en.lproj/Localizable.strings
/var/folders/qq/kn3mb_ls71z640nps5cfm5yw0000gn/T/XcodeDistPipeline.~~~TYVn0t/Root/Payload/retrieverBuyer.app/AntDesign.ttf
/var/folders/qq/kn3mb_ls71z640nps5cfm5yw0000gn/T/XcodeDistPipeline.~~~TYVn0t/Root/Payload/retrieverBuyer.app/Entypo.ttf
/var/folders/qq/kn3mb_ls71z640nps5cfm5yw0000gn/T/XcodeDistPipeline.~~~TYVn0t/Root/Payload/retrieverBuyer.app/EvilIcons.ttf
/var/folders/qq/kn3mb_ls71z640nps5cfm5yw0000gn/T/XcodeDistPipeline.~~~TYVn0t/Root/Payload/retrieverBuyer.app/Feather.ttf
/var/folders/qq/kn3mb_ls71z640nps5cfm5yw0000gn/T/XcodeDistPipeline.~~~TYVn0t/Root/Payload/retrieverBuyer.app/FontAwesome.ttf
/var/folders/qq/kn3mb_ls71z640nps5cfm5yw0000gn/T/XcodeDistPipeline.~~~TYVn0t/Root/Payload/retrieverBuyer.app/FontAwesome5_Brands.ttf
/var/folders/qq/kn3mb_ls71z640nps5cfm5yw0000gn/T/XcodeDistPipeline.~~~TYVn0t/Root/Payload/retrieverBuyer.app/FontAwesome5_Regular.ttf
/var/folders/qq/kn3mb_ls71z640nps5cfm5yw0000gn/T/XcodeDistPipeline.~~~TYVn0t/Root/Payload/retrieverBuyer.app/FontAwesome5_Solid.ttf
/var/folders/qq/kn3mb_ls71z640nps5cfm5yw0000gn/T/XcodeDistPipeline.~~~TYVn0t/Root/Payload/retrieverBuyer.app/Fontisto.ttf
/var/folders/qq/kn3mb_ls71z640nps5cfm5yw0000gn/T/XcodeDistPipeline.~~~TYVn0t/Root/Payload/retrieverBuyer.app/Foundation.ttf
/var/folders/qq/kn3mb_ls71z640nps5cfm5yw0000gn/T/XcodeDistPipeline.~~~TYVn0t/Root/Payload/retrieverBuyer.app/Frameworks
/var/folders/qq/kn3mb_ls71z640nps5cfm5yw0000gn/T/XcodeDistPipeline.~~~TYVn0t/Root/Payload/retrieverBuyer.app/Frameworks/hermes.framework
/var/folders/qq/kn3mb_ls71z640nps5cfm5yw0000gn/T/XcodeDistPipeline.~~~TYVn0t/Root/Payload/retrieverBuyer.app/Frameworks/hermes.framework/Info.plist
/var/folders/qq/kn3mb_ls71z640nps5cfm5yw0000gn/T/XcodeDistPipeline.~~~TYVn0t/Root/Payload/retrieverBuyer.app/Frameworks/hermes.framework/_CodeSignature
/var/folders/qq/kn3mb_ls71z640nps5cfm5yw0000gn/T/XcodeDistPipeline.~~~TYVn0t/Root/Payload/retrieverBuyer.app/Frameworks/hermes.framework/_CodeSignature/CodeResources
/var/folders/qq/kn3mb_ls71z640nps5cfm5yw0000gn/T/XcodeDistPipeline.~~~TYVn0t/Root/Payload/retrieverBuyer.app/Frameworks/hermes.framework/hermes
/var/folders/qq/kn3mb_ls71z640nps5cfm5yw0000gn/T/XcodeDistPipeline.~~~TYVn0t/Root/Payload/retrieverBuyer.app/GoogleMaps.bundle
/var/folders/qq/kn3mb_ls71z640nps5cfm5yw0000gn/T/XcodeDistPipeline.~~~TYVn0t/Root/Payload/retrieverBuyer.app/GoogleMaps.bundle/Assets.car
/var/folders/qq/kn3mb_ls71z640nps5cfm5yw0000gn/T/XcodeDistPipeline.~~~TYVn0t/Root/Payload/retrieverBuyer.app/GoogleMaps.bundle/GMSCacheStorage.momd
/var/folders/qq/kn3mb_ls71z640nps5cfm5yw0000gn/T/XcodeDistPipeline.~~~TYVn0t/Root/Payload/retrieverBuyer.app/GoogleMaps.bundle/GMSCacheStorage.momd/Storage.mom
/var/folders/qq/kn3mb_ls71z640nps5cfm5yw0000gn/T/XcodeDistPipeline.~~~TYVn0t/Root/Payload/retrieverBuyer.app/GoogleMaps.bundle/GMSCacheStorage.momd/StorageWithTileProto.mom
/var/folders/qq/kn3mb_ls71z640nps5cfm5yw0000gn/T/XcodeDistPipeline.~~~TYVn0t/Root/Payload/retrieverBuyer.app/GoogleMaps.bundle/GMSCacheStorage.momd/StorageWithTileVersionID.mom
/var/folders/qq/kn3mb_ls71z640nps5cfm5yw0000gn/T/XcodeDistPipeline.~~~TYVn0t/Root/Payload/retrieverBuyer.app/GoogleMaps.bundle/GMSCacheStorage.momd/VersionInfo.pli
2023-02-11 02:20:26 +0000  st
/var/folders/qq/kn3mb_ls71z640nps5cfm5yw0000gn/T/XcodeDistPipeline.~~~TYVn0t/Root/Payload/retrieverBuyer.app/GoogleMaps.bundle/GMSCoreResources.bundle
/var/folders/qq/kn3mb_ls71z640nps5cfm5yw0000gn/T/XcodeDistPipeline.~~~TYVn0t/Root/Payload/retrieverBuyer.app/GoogleMaps.bundle/GMSCoreResources.bundle/Assets.car
/var/folders/qq/kn3mb_ls71z640nps5cfm5yw0000gn/T/XcodeDistPipeline.~~~TYVn0t/Root/Payload/retrieverBuyer.app/GoogleMaps.bundle/GMSCoreResources.bundle/DroidSansMerged-Regular.ttf
/var/folders/qq/kn3mb_ls71z640nps5cfm5yw0000gn/T/XcodeDistPipeline.~~~TYVn0t/Root/Payload/retrieverBuyer.app/GoogleMaps.bundle/GMSCoreResources.bundle/GMSNavNightModeSprites-0-1x.png
/var/folders/qq/kn3mb_ls71z640nps5cfm5yw0000gn/T/XcodeDistPipeline.~~~TYVn0t/Root/Payload/retrieverBuyer.app/GoogleMaps.bundle/GMSCoreResources.bundle/GMSNavNightModeSprites-0-2x.png
/var/folders/qq/kn3mb_ls71z640nps5cfm5yw0000gn/T/XcodeDistPipeline.~~~TYVn0t/Root/Payload/retrieverBuyer.app/GoogleMaps.bundle/GMSCoreResources.bundle/GMSNavNightModeSprites-0-3x.png
/var/folders/qq/kn3mb_ls71z640nps5cfm5yw0000gn/T/XcodeDistPipeline.~~~TYVn0t/Root/Payload/retrieverBuyer.app/GoogleMaps.bundle/GMSCoreResources.bundle/GMSNavSprites-0-1x.png
/var/folders/qq/kn3mb_ls71z640nps5cfm5yw0000gn/T/XcodeDistPipeline.~~~TYVn0t/Root/Payload/retrieverBuyer.app/GoogleMaps.bundle/GMSCoreResources.bundle/GMSNavSprites-0-2x.png
/var/folders/qq/kn3mb_ls71z640nps5cfm5yw0000gn/T/XcodeDistPipeline.~~~TYVn0t/Root/Payload/retrieverBuyer.app/GoogleMaps.bundle/GMSCoreResources.bundle/GMSNavSprites-0-3x.png
/var/folders/qq/kn3mb_ls71z640nps5cfm5yw0000gn/T/XcodeDistPipeline.~~~TYVn0t/Root/Payload/retrieverBuyer.app/GoogleMaps.bundle/GMSCoreResources.bundle/GMSShaders.metallib
/var/folders/qq/kn3mb_ls71z640nps5cfm5yw0000gn/T/XcodeDistPipeline.~~~TYVn0t/Root/Payload/retrieverBuyer.app/GoogleMaps.bundle/GMSCoreResources.bundle/GMSShadersSim.metallib
/var/folders/qq/kn3mb_ls71z640nps5cfm5yw0000gn/T/XcodeDistPipeline.~~~TYVn0t/Root/Payload/retrieverBuyer.app/GoogleMaps.bundle/GMSCoreResources.bundle/GMSSprites-0-1x.png
/var/folders/qq/kn3mb_ls71z640nps5cfm5yw0000gn/T/XcodeDistPipeline.~~~TYVn0t/Root/Payload/retrieverBuyer.app/GoogleMaps.bundle/GMSCoreResources.bundle/GMSSprites-0-2x.png
/var/folders/qq/kn3mb_ls71z640nps5cfm5yw0000gn/T/XcodeDistPipeline.~~~TYVn0t/Root/Payload/retrieverBuyer.app/GoogleMaps.bundle/GMSCoreResources.bundle/GMSSprites-0-3x.png
/var/folders/qq/kn3mb_ls71z640nps5cfm5yw0000gn/T/XcodeDistPipeline.~~~TYVn0t/Root/Payload/retrieverBuyer.app/GoogleMaps.bundle/GMSCoreResources.bundle/Info.plist
/var/folders/qq/kn3mb_ls71z640nps5cfm5yw0000gn/T/XcodeDistPipeline.~~~TYVn0t/Root/Payload/retrieverBuyer.app/GoogleMaps.bundle/GMSCoreResources.bundle/Tharlon-Regular.ttf
/var/folders/qq/kn3mb_ls71z640nps5cfm5yw0000gn/T/XcodeDistPipeline.~~~TYVn0t/Root/Payload/retrieverBuyer.app/GoogleMaps.bundle/GMSCoreResources.bundle/ar.lproj
/var/folders/qq/kn3mb_ls71z640nps5cfm5yw0000gn/T/XcodeDistPipeline.~~~TYVn0t/Root/Payload/retrieverBuyer.app/GoogleMaps.bundle/GMSCoreResources.bundle/ar.lproj/GMSCore.strings
/var/folders/qq/kn3mb_ls71z640nps5cfm5yw0000gn/T/XcodeDistPipeline.~~~TYVn0t/Root/Payload/retrieverBuyer.app/GoogleMaps.bundle/GMSCoreResources.bundle/button_background.png
/var/folders/qq/kn3mb_ls71z640nps5cfm5yw0000gn/T/XcodeDistPipeline.~~~TYVn0t/Root/Payload/retrieverBuyer.app/GoogleMaps.bundle/GMSCoreResources.bundle/button_background@2x.png
/var/folders/qq/kn3mb_ls71z640nps5cfm5yw0000gn/T/XcodeDistPipeline.~~~TYVn0t/Root/Payload/retrieverBuyer.app/GoogleMaps.bundle/GMSCoreResources.bundle/button_background@3x.png
/var/folders/qq/kn3mb_ls71z640nps5cfm5yw0000gn/T/XcodeDistPipeline.~~~TYVn0t/Root/Payload/retrieverBuyer.app/GoogleMaps.bundle/GMSCoreResources.bundle/button_compass.png
/var/folders/qq/kn3mb_ls71z640nps5cfm5yw0000gn/T/XcodeDistPipeline.~~~TYVn0t/Root/Payload/retrieverBuyer.app/GoogleMaps.bundle/GMSCoreResources.bundle/button_compass@2x.png
/var/folders/qq/kn3mb_ls71z640nps5cfm5yw0000gn/T/XcodeDistPipeline.~~~TYVn0t/Root/Payload/retrieverBuyer.app/GoogleMaps.bundle/GMSCoreR
2023-02-11 02:20:26 +0000  esources.bundle/button_compass_night.png
/var/folders/qq/kn3mb_ls71z640nps5cfm5yw0000gn/T/XcodeDistPipeline.~~~TYVn0t/Root/Payload/retrieverBuyer.app/GoogleMaps.bundle/GMSCoreResources.bundle/button_compass_night@2x.png
/var/folders/qq/kn3mb_ls71z640nps5cfm5yw0000gn/T/XcodeDistPipeline.~~~TYVn0t/Root/Payload/retrieverBuyer.app/GoogleMaps.bundle/GMSCoreResources.bundle/button_my_location.png
/var/folders/qq/kn3mb_ls71z640nps5cfm5yw0000gn/T/XcodeDistPipeline.~~~TYVn0t/Root/Payload/retrieverBuyer.app/GoogleMaps.bundle/GMSCoreResources.bundle/button_my_location@2x.png
/var/folders/qq/kn3mb_ls71z640nps5cfm5yw0000gn/T/XcodeDistPipeline.~~~TYVn0t/Root/Payload/retrieverBuyer.app/GoogleMaps.bundle/GMSCoreResources.bundle/ca.lproj
/var/folders/qq/kn3mb_ls71z640nps5cfm5yw0000gn/T/XcodeDistPipeline.~~~TYVn0t/Root/Payload/retrieverBuyer.app/GoogleMaps.bundle/GMSCoreResources.bundle/ca.lproj/GMSCore.strings
/var/folders/qq/kn3mb_ls71z640nps5cfm5yw0000gn/T/XcodeDistPipeline.~~~TYVn0t/Root/Payload/retrieverBuyer.app/GoogleMaps.bundle/GMSCoreResources.bundle/cs.lproj
/var/folders/qq/kn3mb_ls71z640nps5cfm5yw0000gn/T/XcodeDistPipeline.~~~TYVn0t/Root/Payload/retrieverBuyer.app/GoogleMaps.bundle/GMSCoreResources.bundle/cs.lproj/GMSCore.strings
/var/folders/qq/kn3mb_ls71z640nps5cfm5yw0000gn/T/XcodeDistPipeline.~~~TYVn0t/Root/Payload/retrieverBuyer.app/GoogleMaps.bundle/GMSCoreResources.bundle/da.lproj
/var/folders/qq/kn3mb_ls71z640nps5cfm5yw0000gn/T/XcodeDistPipeline.~~~TYVn0t/Root/Payload/retrieverBuyer.app/GoogleMaps.bundle/GMSCoreResources.bundle/da.lproj/GMSCore.strings
/var/folders/qq/kn3mb_ls71z640nps5cfm5yw0000gn/T/XcodeDistPipeline.~~~TYVn0t/Root/Payload/retrieverBuyer.app/GoogleMaps.bundle/GMSCoreResources.bundle/dav_one_way_16_256.png
/var/folders/qq/kn3mb_ls71z640nps5cfm5yw0000gn/T/XcodeDistPipeline.~~~TYVn0t/Root/Payload/retrieverBuyer.app/GoogleMaps.bundle/GMSCoreResources.bundle/de.lproj
/var/folders/qq/kn3mb_ls71z640nps5cfm5yw0000gn/T/XcodeDistPipeline.~~~TYVn0t/Root/Payload/retrieverBuyer.app/GoogleMaps.bundle/GMSCoreResources.bundle/de.lproj/GMSCore.strings
/var/folders/qq/kn3mb_ls71z640nps5cfm5yw0000gn/T/XcodeDistPipeline.~~~TYVn0t/Root/Payload/retrieverBuyer.app/GoogleMaps.bundle/GMSCoreResources.bundle/el.lproj
/var/folders/qq/kn3mb_ls71z640nps5cfm5yw0000gn/T/XcodeDistPipeline.~~~TYVn0t/Root/Payload/retrieverBuyer.app/GoogleMaps.bundle/GMSCoreResources.bundle/el.lproj/GMSCore.strings
/var/folders/qq/kn3mb_ls71z640nps5cfm5yw0000gn/T/XcodeDistPipeline.~~~TYVn0t/Root/Payload/retrieverBuyer.app/GoogleMaps.bundle/GMSCoreResources.bundle/en.lproj
/var/folders/qq/kn3mb_ls71z640nps5cfm5yw0000gn/T/XcodeDistPipeline.~~~TYVn0t/Root/Payload/retrieverBuyer.app/GoogleMaps.bundle/GMSCoreResources.bundle/en.lproj/GMSCore.strings
/var/folders/qq/kn3mb_ls71z640nps5cfm5yw0000gn/T/XcodeDistPipeline.~~~TYVn0t/Root/Payload/retrieverBuyer.app/GoogleMaps.bundle/GMSCoreResources.bundle/en_AU.lproj
/var/folders/qq/kn3mb_ls71z640nps5cfm5yw0000gn/T/XcodeDistPipeline.~~~TYVn0t/Root/Payload/retrieverBuyer.app/GoogleMaps.bundle/GMSCoreResources.bundle/en_AU.lproj/GMSCore.strings
/var/folders/qq/kn3mb_ls71z640nps5cfm5yw0000gn/T/XcodeDistPipeline.~~~TYVn0t/Root/Payload/retrieverBuyer.app/GoogleMaps.bundle/GMSCoreResources.bundle/en_GB.lproj
/var/folders/qq/kn3mb_ls71z640nps5cfm5yw0000gn/T/XcodeDistPipeline.~~~TYVn0t/Root/Payload/retrieverBuyer.app/GoogleMaps.bundle/GMSCoreResources.bundle/en_GB.lproj/GMSCore.strings
/var/folders/qq/kn3mb_ls71z640nps5cfm5yw0000gn/T/XcodeDistPipeline.~~~TYVn0t/Root/Payload/retrieverBuyer.app/GoogleMaps.bundle/GMSCoreResources.bundle/en_IN.lproj
/var/folders/qq/kn3mb_ls71z640nps5cfm5yw0000gn/T/XcodeDistPipeline.~~~TYVn0t/Root/Payload/retrieverBuyer.app/GoogleMaps.bundle/GMSCoreResources.bundle/en_IN.lproj/GMSCore.strings
/var/folders/qq/kn3mb_ls71z640nps5cfm5yw0000gn/T/XcodeDistPipeline.~~~TYVn0t/Root/Payload/retrieverBuyer.app/GoogleMaps.bundle/GMSCoreResources.bundle/es.lproj
/var/folders/qq/kn3mb_ls71z640nps5cfm5yw0000gn/T/XcodeDistPipeline.~~~TYVn0t/Root/Payload/retrieverBuyer.app/GoogleMaps.bundle/GMSCoreResources.bundl
2023-02-11 02:20:26 +0000  e/es.lproj/GMSCore.strings
/var/folders/qq/kn3mb_ls71z640nps5cfm5yw0000gn/T/XcodeDistPipeline.~~~TYVn0t/Root/Payload/retrieverBuyer.app/GoogleMaps.bundle/GMSCoreResources.bundle/es_419.lproj
/var/folders/qq/kn3mb_ls71z640nps5cfm5yw0000gn/T/XcodeDistPipeline.~~~TYVn0t/Root/Payload/retrieverBuyer.app/GoogleMaps.bundle/GMSCoreResources.bundle/es_419.lproj/GMSCore.strings
/var/folders/qq/kn3mb_ls71z640nps5cfm5yw0000gn/T/XcodeDistPipeline.~~~TYVn0t/Root/Payload/retrieverBuyer.app/GoogleMaps.bundle/GMSCoreResources.bundle/es_MX.lproj
/var/folders/qq/kn3mb_ls71z640nps5cfm5yw0000gn/T/XcodeDistPipeline.~~~TYVn0t/Root/Payload/retrieverBuyer.app/GoogleMaps.bundle/GMSCoreResources.bundle/es_MX.lproj/GMSCore.strings
/var/folders/qq/kn3mb_ls71z640nps5cfm5yw0000gn/T/XcodeDistPipeline.~~~TYVn0t/Root/Payload/retrieverBuyer.app/GoogleMaps.bundle/GMSCoreResources.bundle/fi.lproj
/var/folders/qq/kn3mb_ls71z640nps5cfm5yw0000gn/T/XcodeDistPipeline.~~~TYVn0t/Root/Payload/retrieverBuyer.app/GoogleMaps.bundle/GMSCoreResources.bundle/fi.lproj/GMSCore.strings
/var/folders/qq/kn3mb_ls71z640nps5cfm5yw0000gn/T/XcodeDistPipeline.~~~TYVn0t/Root/Payload/retrieverBuyer.app/GoogleMaps.bundle/GMSCoreResources.bundle/fr.lproj
/var/folders/qq/kn3mb_ls71z640nps5cfm5yw0000gn/T/XcodeDistPipeline.~~~TYVn0t/Root/Payload/retrieverBuyer.app/GoogleMaps.bundle/GMSCoreResources.bundle/fr.lproj/GMSCore.strings
/var/folders/qq/kn3mb_ls71z640nps5cfm5yw0000gn/T/XcodeDistPipeline.~~~TYVn0t/Root/Payload/retrieverBuyer.app/GoogleMaps.bundle/GMSCoreResources.bundle/fr_CA.lproj
/var/folders/qq/kn3mb_ls71z640nps5cfm5yw0000gn/T/XcodeDistPipeline.~~~TYVn0t/Root/Payload/retrieverBuyer.app/GoogleMaps.bundle/GMSCoreResources.bundle/fr_CA.lproj/GMSCore.strings
/var/folders/qq/kn3mb_ls71z640nps5cfm5yw0000gn/T/XcodeDistPipeline.~~~TYVn0t/Root/Payload/retrieverBuyer.app/GoogleMaps.bundle/GMSCoreResources.bundle/he.lproj
/var/folders/qq/kn3mb_ls71z640nps5cfm5yw0000gn/T/XcodeDistPipeline.~~~TYVn0t/Root/Payload/retrieverBuyer.app/GoogleMaps.bundle/GMSCoreResources.bundle/he.lproj/GMSCore.strings
/var/folders/qq/kn3mb_ls71z640nps5cfm5yw0000gn/T/XcodeDistPipeline.~~~TYVn0t/Root/Payload/retrieverBuyer.app/GoogleMaps.bundle/GMSCoreResources.bundle/hi.lproj
/var/folders/qq/kn3mb_ls71z640nps5cfm5yw0000gn/T/XcodeDistPipeline.~~~TYVn0t/Root/Payload/retrieverBuyer.app/GoogleMaps.bundle/GMSCoreResources.bundle/hi.lproj/GMSCore.strings
/var/folders/qq/kn3mb_ls71z640nps5cfm5yw0000gn/T/XcodeDistPipeline.~~~TYVn0t/Root/Payload/retrieverBuyer.app/GoogleMaps.bundle/GMSCoreResources.bundle/hr.lproj
/var/folders/qq/kn3mb_ls71z640nps5cfm5yw0000gn/T/XcodeDistPipeline.~~~TYVn0t/Root/Payload/retrieverBuyer.app/GoogleMaps.bundle/GMSCoreResources.bundle/hr.lproj/GMSCore.strings
/var/folders/qq/kn3mb_ls71z640nps5cfm5yw0000gn/T/XcodeDistPipeline.~~~TYVn0t/Root/Payload/retrieverBuyer.app/GoogleMaps.bundle/GMSCoreResources.bundle/hu.lproj
/var/folders/qq/kn3mb_ls71z640nps5cfm5yw0000gn/T/XcodeDistPipeline.~~~TYVn0t/Root/Payload/retrieverBuyer.app/GoogleMaps.bundle/GMSCoreResources.bundle/hu.lproj/GMSCore.strings
/var/folders/qq/kn3mb_ls71z640nps5cfm5yw0000gn/T/XcodeDistPipeline.~~~TYVn0t/Root/Payload/retrieverBuyer.app/GoogleMaps.bundle/GMSCoreResources.bundle/ic_closed_place_waypoint_alert_32pt.png
/var/folders/qq/kn3mb_ls71z640nps5cfm5yw0000gn/T/XcodeDistPipeline.~~~TYVn0t/Root/Payload/retrieverBuyer.app/GoogleMaps.bundle/GMSCoreResources.bundle/ic_closed_place_waypoint_alert_32pt@2x.png
/var/folders/qq/kn3mb_ls71z640nps5cfm5yw0000gn/T/XcodeDistPipeline.~~~TYVn0t/Root/Payload/retrieverBuyer.app/GoogleMaps.bundle/GMSCoreResources.bundle/ic_closed_place_waypoint_alert_32pt@3x.png
/var/folders/qq/kn3mb_ls71z640nps5cfm5yw0000gn/T/XcodeDistPipeline.~~~TYVn0t/Root/Payload/retrieverBuyer.app/GoogleMaps.bundle/GMSCoreResources.bundle/ic_closed_place_waypoint_alert_night_32pt.png
/var/folders/qq/kn3mb_ls71z640nps5cfm5yw0000gn/T/XcodeDistPipeline.~~~TYVn0t/Root/Payload/retrieverBuyer.app/GoogleMaps.bundle/GMSCoreResources.bundle/ic_closed_place_waypoint_alert_night_32pt@2x.png
/var/folders/qq/kn3mb_ls71z640nps5cfm5yw0000gn/T/
2023-02-11 02:20:26 +0000  XcodeDistPipeline.~~~TYVn0t/Root/Payload/retrieverBuyer.app/GoogleMaps.bundle/GMSCoreResources.bundle/ic_closed_place_waypoint_alert_night_32pt@3x.png
/var/folders/qq/kn3mb_ls71z640nps5cfm5yw0000gn/T/XcodeDistPipeline.~~~TYVn0t/Root/Payload/retrieverBuyer.app/GoogleMaps.bundle/GMSCoreResources.bundle/ic_compass_needle.png
/var/folders/qq/kn3mb_ls71z640nps5cfm5yw0000gn/T/XcodeDistPipeline.~~~TYVn0t/Root/Payload/retrieverBuyer.app/GoogleMaps.bundle/GMSCoreResources.bundle/ic_compass_needle@2x.png
/var/folders/qq/kn3mb_ls71z640nps5cfm5yw0000gn/T/XcodeDistPipeline.~~~TYVn0t/Root/Payload/retrieverBuyer.app/GoogleMaps.bundle/GMSCoreResources.bundle/ic_compass_needle_32pt.png
/var/folders/qq/kn3mb_ls71z640nps5cfm5yw0000gn/T/XcodeDistPipeline.~~~TYVn0t/Root/Payload/retrieverBuyer.app/GoogleMaps.bundle/GMSCoreResources.bundle/ic_compass_needle_32pt@2x.png
/var/folders/qq/kn3mb_ls71z640nps5cfm5yw0000gn/T/XcodeDistPipeline.~~~TYVn0t/Root/Payload/retrieverBuyer.app/GoogleMaps.bundle/GMSCoreResources.bundle/ic_compass_needle_32pt@3x.png
/var/folders/qq/kn3mb_ls71z640nps5cfm5yw0000gn/T/XcodeDistPipeline.~~~TYVn0t/Root/Payload/retrieverBuyer.app/GoogleMaps.bundle/GMSCoreResources.bundle/ic_compass_needle_large.png
/var/folders/qq/kn3mb_ls71z640nps5cfm5yw0000gn/T/XcodeDistPipeline.~~~TYVn0t/Root/Payload/retrieverBuyer.app/GoogleMaps.bundle/GMSCoreResources.bundle/ic_compass_needle_large@2x.png
/var/folders/qq/kn3mb_ls71z640nps5cfm5yw0000gn/T/XcodeDistPipeline.~~~TYVn0t/Root/Payload/retrieverBuyer.app/GoogleMaps.bundle/GMSCoreResources.bundle/ic_compass_needle_large@3x.png
/var/folders/qq/kn3mb_ls71z640nps5cfm5yw0000gn/T/XcodeDistPipeline.~~~TYVn0t/Root/Payload/retrieverBuyer.app/GoogleMaps.bundle/GMSCoreResources.bundle/ic_covid_border_waypoint_alert_32pt.png
/var/folders/qq/kn3mb_ls71z640nps5cfm5yw0000gn/T/XcodeDistPipeline.~~~TYVn0t/Root/Payload/retrieverBuyer.app/GoogleMaps.bundle/GMSCoreResources.bundle/ic_covid_border_waypoint_alert_32pt@2x.png
/var/folders/qq/kn3mb_ls71z640nps5cfm5yw0000gn/T/XcodeDistPipeline.~~~TYVn0t/Root/Payload/retrieverBuyer.app/GoogleMaps.bundle/GMSCoreResources.bundle/ic_covid_border_waypoint_alert_32pt@3x.png
/var/folders/qq/kn3mb_ls71z640nps5cfm5yw0000gn/T/XcodeDistPipeline.~~~TYVn0t/Root/Payload/retrieverBuyer.app/GoogleMaps.bundle/GMSCoreResources.bundle/ic_covid_checkpoint_waypoint_alert_32pt.png
/var/folders/qq/kn3mb_ls71z640nps5cfm5yw0000gn/T/XcodeDistPipeline.~~~TYVn0t/Root/Payload/retrieverBuyer.app/GoogleMaps.bundle/GMSCoreResources.bundle/ic_covid_checkpoint_waypoint_alert_32pt@2x.png
/var/folders/qq/kn3mb_ls71z640nps5cfm5yw0000gn/T/XcodeDistPipeline.~~~TYVn0t/Root/Payload/retrieverBuyer.app/GoogleMaps.bundle/GMSCoreResources.bundle/ic_covid_checkpoint_waypoint_alert_32pt@3x.png
/var/folders/qq/kn3mb_ls71z640nps5cfm5yw0000gn/T/XcodeDistPipeline.~~~TYVn0t/Root/Payload/retrieverBuyer.app/GoogleMaps.bundle/GMSCoreResources.bundle/ic_covid_checkpoint_waypoint_alert_night_32pt.png
/var/folders/qq/kn3mb_ls71z640nps5cfm5yw0000gn/T/XcodeDistPipeline.~~~TYVn0t/Root/Payload/retrieverBuyer.app/GoogleMaps.bundle/GMSCoreResources.bundle/ic_covid_checkpoint_waypoint_alert_night_32pt@2x.png
/var/folders/qq/kn3mb_ls71z640nps5cfm5yw0000gn/T/XcodeDistPipeline.~~~TYVn0t/Root/Payload/retrieverBuyer.app/GoogleMaps.bundle/GMSCoreResources.bundle/ic_covid_checkpoint_waypoint_alert_night_32pt@3x.png
/var/folders/qq/kn3mb_ls71z640nps5cfm5yw0000gn/T/XcodeDistPipeline.~~~TYVn0t/Root/Payload/retrieverBuyer.app/GoogleMaps.bundle/GMSCoreResources.bundle/ic_covid_medical_waypoint_alert_32pt.png
/var/folders/qq/kn3mb_ls71z640nps5cfm5yw0000gn/T/XcodeDistPipeline.~~~TYVn0t/Root/Payload/retrieverBuyer.app/GoogleMaps.bundle/GMSCoreResources.bundle/ic_covid_medical_waypoint_alert_32pt@2x.png
/var/folders/qq/kn3mb_ls71z640nps5cfm5yw0000gn/T/XcodeDistPipeline.~~~TYVn0t/Root/Payload/retrieverBuyer.app/GoogleMaps.bundle/GMSCoreResources.bundle/ic_covid_medical_waypoint_alert_32pt@3x.png
/var/folders/qq/kn3mb_ls71z640nps5cfm5yw0000gn/T/XcodeDistPipeline.~~~TYVn0t/Root/Payload/retrieverBuyer.app/GoogleMaps.bundle/GMSCoreResources.bundle/i
2023-02-11 02:20:26 +0000  c_covid_medical_waypoint_alert_night_32pt.png
/var/folders/qq/kn3mb_ls71z640nps5cfm5yw0000gn/T/XcodeDistPipeline.~~~TYVn0t/Root/Payload/retrieverBuyer.app/GoogleMaps.bundle/GMSCoreResources.bundle/ic_covid_medical_waypoint_alert_night_32pt@2x.png
/var/folders/qq/kn3mb_ls71z640nps5cfm5yw0000gn/T/XcodeDistPipeline.~~~TYVn0t/Root/Payload/retrieverBuyer.app/GoogleMaps.bundle/GMSCoreResources.bundle/ic_covid_medical_waypoint_alert_night_32pt@3x.png
/var/folders/qq/kn3mb_ls71z640nps5cfm5yw0000gn/T/XcodeDistPipeline.~~~TYVn0t/Root/Payload/retrieverBuyer.app/GoogleMaps.bundle/GMSCoreResources.bundle/ic_location_off.png
/var/folders/qq/kn3mb_ls71z640nps5cfm5yw0000gn/T/XcodeDistPipeline.~~~TYVn0t/Root/Payload/retrieverBuyer.app/GoogleMaps.bundle/GMSCoreResources.bundle/ic_location_off@2x.png
/var/folders/qq/kn3mb_ls71z640nps5cfm5yw0000gn/T/XcodeDistPipeline.~~~TYVn0t/Root/Payload/retrieverBuyer.app/GoogleMaps.bundle/GMSCoreResources.bundle/ic_location_off@3x.png
/var/folders/qq/kn3mb_ls71z640nps5cfm5yw0000gn/T/XcodeDistPipeline.~~~TYVn0t/Root/Payload/retrieverBuyer.app/GoogleMaps.bundle/GMSCoreResources.bundle/ic_qu_direction_mylocation.png
/var/folders/qq/kn3mb_ls71z640nps5cfm5yw0000gn/T/XcodeDistPipeline.~~~TYVn0t/Root/Payload/retrieverBuyer.app/GoogleMaps.bundle/GMSCoreResources.bundle/ic_qu_direction_mylocation@2x.png
/var/folders/qq/kn3mb_ls71z640nps5cfm5yw0000gn/T/XcodeDistPipeline.~~~TYVn0t/Root/Payload/retrieverBuyer.app/GoogleMaps.bundle/GMSCoreResources.bundle/ic_qu_direction_mylocation@3x.png
/var/folders/qq/kn3mb_ls71z640nps5cfm5yw0000gn/T/XcodeDistPipeline.~~~TYVn0t/Root/Payload/retrieverBuyer.app/GoogleMaps.bundle/GMSCoreResources.bundle/id.lproj
/var/folders/qq/kn3mb_ls71z640nps5cfm5yw0000gn/T/XcodeDistPipeline.~~~TYVn0t/Root/Payload/retrieverBuyer.app/GoogleMaps.bundle/GMSCoreResources.bundle/id.lproj/GMSCore.strings
/var/folders/qq/kn3mb_ls71z640nps5cfm5yw0000gn/T/XcodeDistPipeline.~~~TYVn0t/Root/Payload/retrieverBuyer.app/GoogleMaps.bundle/GMSCoreResources.bundle/it.lproj
/var/folders/qq/kn3mb_ls71z640nps5cfm5yw0000gn/T/XcodeDistPipeline.~~~TYVn0t/Root/Payload/retrieverBuyer.app/GoogleMaps.bundle/GMSCoreResources.bundle/it.lproj/GMSCore.strings
/var/folders/qq/kn3mb_ls71z640nps5cfm5yw0000gn/T/XcodeDistPipeline.~~~TYVn0t/Root/Payload/retrieverBuyer.app/GoogleMaps.bundle/GMSCoreResources.bundle/ja.lproj
/var/folders/qq/kn3mb_ls71z640nps5cfm5yw0000gn/T/XcodeDistPipeline.~~~TYVn0t/Root/Payload/retrieverBuyer.app/GoogleMaps.bundle/GMSCoreResources.bundle/ja.lproj/GMSCore.strings
/var/folders/qq/kn3mb_ls71z640nps5cfm5yw0000gn/T/XcodeDistPipeline.~~~TYVn0t/Root/Payload/retrieverBuyer.app/GoogleMaps.bundle/GMSCoreResources.bundle/ka.lproj
/var/folders/qq/kn3mb_ls71z640nps5cfm5yw0000gn/T/XcodeDistPipeline.~~~TYVn0t/Root/Payload/retrieverBuyer.app/GoogleMaps.bundle/GMSCoreResources.bundle/ka.lproj/GMSCore.strings
/var/folders/qq/kn3mb_ls71z640nps5cfm5yw0000gn/T/XcodeDistPipeline.~~~TYVn0t/Root/Payload/retrieverBuyer.app/GoogleMaps.bundle/GMSCoreResources.bundle/ko.lproj
/var/folders/qq/kn3mb_ls71z640nps5cfm5yw0000gn/T/XcodeDistPipeline.~~~TYVn0t/Root/Payload/retrieverBuyer.app/GoogleMaps.bundle/GMSCoreResources.bundle/ko.lproj/GMSCore.strings
/var/folders/qq/kn3mb_ls71z640nps5cfm5yw0000gn/T/XcodeDistPipeline.~~~TYVn0t/Root/Payload/retrieverBuyer.app/GoogleMaps.bundle/GMSCoreResources.bundle/lt.lproj
/var/folders/qq/kn3mb_ls71z640nps5cfm5yw0000gn/T/XcodeDistPipeline.~~~TYVn0t/Root/Payload/retrieverBuyer.app/GoogleMaps.bundle/GMSCoreResources.bundle/lt.lproj/GMSCore.strings
/var/folders/qq/kn3mb_ls71z640nps5cfm5yw0000gn/T/XcodeDistPipeline.~~~TYVn0t/Root/Payload/retrieverBuyer.app/GoogleMaps.bundle/GMSCoreResources.bundle/lv.lproj
/var/folders/qq/kn3mb_ls71z640nps5cfm5yw0000gn/T/XcodeDistPipeline.~~~TYVn0t/Root/Payload/retrieverBuyer.app/GoogleMaps.bundle/GMSCoreResources.bundle/lv.lproj/GMSCore.strings
/var/folders/qq/kn3mb_ls71z640nps5cfm5yw0000gn/T/XcodeDistPipeline.~~~TYVn0t/Root/Payload/retrieverBuyer.app/GoogleMaps.bundle/GMSCoreResources.bundle/ms.lproj
/var/folders/qq/kn3mb_ls71z640nps5cfm5yw0000gn/T/XcodeDistPipelin
2023-02-11 02:20:26 +0000  e.~~~TYVn0t/Root/Payload/retrieverBuyer.app/GoogleMaps.bundle/GMSCoreResources.bundle/ms.lproj/GMSCore.strings
/var/folders/qq/kn3mb_ls71z640nps5cfm5yw0000gn/T/XcodeDistPipeline.~~~TYVn0t/Root/Payload/retrieverBuyer.app/GoogleMaps.bundle/GMSCoreResources.bundle/my.lproj
/var/folders/qq/kn3mb_ls71z640nps5cfm5yw0000gn/T/XcodeDistPipeline.~~~TYVn0t/Root/Payload/retrieverBuyer.app/GoogleMaps.bundle/GMSCoreResources.bundle/my.lproj/GMSCore.strings
/var/folders/qq/kn3mb_ls71z640nps5cfm5yw0000gn/T/XcodeDistPipeline.~~~TYVn0t/Root/Payload/retrieverBuyer.app/GoogleMaps.bundle/GMSCoreResources.bundle/nb.lproj
/var/folders/qq/kn3mb_ls71z640nps5cfm5yw0000gn/T/XcodeDistPipeline.~~~TYVn0t/Root/Payload/retrieverBuyer.app/GoogleMaps.bundle/GMSCoreResources.bundle/nb.lproj/GMSCore.strings
/var/folders/qq/kn3mb_ls71z640nps5cfm5yw0000gn/T/XcodeDistPipeline.~~~TYVn0t/Root/Payload/retrieverBuyer.app/GoogleMaps.bundle/GMSCoreResources.bundle/nl.lproj
/var/folders/qq/kn3mb_ls71z640nps5cfm5yw0000gn/T/XcodeDistPipeline.~~~TYVn0t/Root/Payload/retrieverBuyer.app/GoogleMaps.bundle/GMSCoreResources.bundle/nl.lproj/GMSCore.strings
/var/folders/qq/kn3mb_ls71z640nps5cfm5yw0000gn/T/XcodeDistPipeline.~~~TYVn0t/Root/Payload/retrieverBuyer.app/GoogleMaps.bundle/GMSCoreResources.bundle/pl.lproj
/var/folders/qq/kn3mb_ls71z640nps5cfm5yw0000gn/T/XcodeDistPipeline.~~~TYVn0t/Root/Payload/retrieverBuyer.app/GoogleMaps.bundle/GMSCoreResources.bundle/pl.lproj/GMSCore.strings
/var/folders/qq/kn3mb_ls71z640nps5cfm5yw0000gn/T/XcodeDistPipeline.~~~TYVn0t/Root/Payload/retrieverBuyer.app/GoogleMaps.bundle/GMSCoreResources.bundle/polyline_colors_texture.png
/var/folders/qq/kn3mb_ls71z640nps5cfm5yw0000gn/T/XcodeDistPipeline.~~~TYVn0t/Root/Payload/retrieverBuyer.app/GoogleMaps.bundle/GMSCoreResources.bundle/polyline_colors_texture_dim.png
/var/folders/qq/kn3mb_ls71z640nps5cfm5yw0000gn/T/XcodeDistPipeline.~~~TYVn0t/Root/Payload/retrieverBuyer.app/GoogleMaps.bundle/GMSCoreResources.bundle/pt.lproj
/var/folders/qq/kn3mb_ls71z640nps5cfm5yw0000gn/T/XcodeDistPipeline.~~~TYVn0t/Root/Payload/retrieverBuyer.app/GoogleMaps.bundle/GMSCoreResources.bundle/pt.lproj/GMSCore.strings
/var/folders/qq/kn3mb_ls71z640nps5cfm5yw0000gn/T/XcodeDistPipeline.~~~TYVn0t/Root/Payload/retrieverBuyer.app/GoogleMaps.bundle/GMSCoreResources.bundle/pt_BR.lproj
/var/folders/qq/kn3mb_ls71z640nps5cfm5yw0000gn/T/XcodeDistPipeline.~~~TYVn0t/Root/Payload/retrieverBuyer.app/GoogleMaps.bundle/GMSCoreResources.bundle/pt_BR.lproj/GMSCore.strings
/var/folders/qq/kn3mb_ls71z640nps5cfm5yw0000gn/T/XcodeDistPipeline.~~~TYVn0t/Root/Payload/retrieverBuyer.app/GoogleMaps.bundle/GMSCoreResources.bundle/pt_PT.lproj
/var/folders/qq/kn3mb_ls71z640nps5cfm5yw0000gn/T/XcodeDistPipeline.~~~TYVn0t/Root/Payload/retrieverBuyer.app/GoogleMaps.bundle/GMSCoreResources.bundle/pt_PT.lproj/GMSCore.strings
/var/folders/qq/kn3mb_ls71z640nps5cfm5yw0000gn/T/XcodeDistPipeline.~~~TYVn0t/Root/Payload/retrieverBuyer.app/GoogleMaps.bundle/GMSCoreResources.bundle/ro.lproj
/var/folders/qq/kn3mb_ls71z640nps5cfm5yw0000gn/T/XcodeDistPipeline.~~~TYVn0t/Root/Payload/retrieverBuyer.app/GoogleMaps.bundle/GMSCoreResources.bundle/ro.lproj/GMSCore.strings
/var/folders/qq/kn3mb_ls71z640nps5cfm5yw0000gn/T/XcodeDistPipeline.~~~TYVn0t/Root/Payload/retrieverBuyer.app/GoogleMaps.bundle/GMSCoreResources.bundle/road_1-1.png
/var/folders/qq/kn3mb_ls71z640nps5cfm5yw0000gn/T/XcodeDistPipeline.~~~TYVn0t/Root/Payload/retrieverBuyer.app/GoogleMaps.bundle/GMSCoreResources.bundle/road_128-32.png
/var/folders/qq/kn3mb_ls71z640nps5cfm5yw0000gn/T/XcodeDistPipeline.~~~TYVn0t/Root/Payload/retrieverBuyer.app/GoogleMaps.bundle/GMSCoreResources.bundle/road_16-4.png
/var/folders/qq/kn3mb_ls71z640nps5cfm5yw0000gn/T/XcodeDistPipeline.~~~TYVn0t/Root/Payload/retrieverBuyer.app/GoogleMaps.bundle/GMSCoreResources.bundle/road_2-1.png
/var/folders/qq/kn3mb_ls71z640nps5cfm5yw0000gn/T/XcodeDistPipeline.~~~TYVn0t/Root/Payload/retrieverBuyer.app/GoogleMaps.bundle/GMSCoreResources.bundle/road_256-64.png
/var/folders/qq/kn3mb_ls71z640nps5cfm5yw0000gn/T/XcodeDistPipeline.~~~TYVn0t/Root/Payload/retrie
2023-02-11 02:20:26 +0000  verBuyer.app/GoogleMaps.bundle/GMSCoreResources.bundle/road_32-8.png
/var/folders/qq/kn3mb_ls71z640nps5cfm5yw0000gn/T/XcodeDistPipeline.~~~TYVn0t/Root/Payload/retrieverBuyer.app/GoogleMaps.bundle/GMSCoreResources.bundle/road_4-1.png
/var/folders/qq/kn3mb_ls71z640nps5cfm5yw0000gn/T/XcodeDistPipeline.~~~TYVn0t/Root/Payload/retrieverBuyer.app/GoogleMaps.bundle/GMSCoreResources.bundle/road_64-16.png
/var/folders/qq/kn3mb_ls71z640nps5cfm5yw0000gn/T/XcodeDistPipeline.~~~TYVn0t/Root/Payload/retrieverBuyer.app/GoogleMaps.bundle/GMSCoreResources.bundle/road_8-2.png
/var/folders/qq/kn3mb_ls71z640nps5cfm5yw0000gn/T/XcodeDistPipeline.~~~TYVn0t/Root/Payload/retrieverBuyer.app/GoogleMaps.bundle/GMSCoreResources.bundle/ru.lproj
/var/folders/qq/kn3mb_ls71z640nps5cfm5yw0000gn/T/XcodeDistPipeline.~~~TYVn0t/Root/Payload/retrieverBuyer.app/GoogleMaps.bundle/GMSCoreResources.bundle/ru.lproj/GMSCore.strings
/var/folders/qq/kn3mb_ls71z640nps5cfm5yw0000gn/T/XcodeDistPipeline.~~~TYVn0t/Root/Payload/retrieverBuyer.app/GoogleMaps.bundle/GMSCoreResources.bundle/sk.lproj
/var/folders/qq/kn3mb_ls71z640nps5cfm5yw0000gn/T/XcodeDistPipeline.~~~TYVn0t/Root/Payload/retrieverBuyer.app/GoogleMaps.bundle/GMSCoreResources.bundle/sk.lproj/GMSCore.strings
/var/folders/qq/kn3mb_ls71z640nps5cfm5yw0000gn/T/XcodeDistPipeline.~~~TYVn0t/Root/Payload/retrieverBuyer.app/GoogleMaps.bundle/GMSCoreResources.bundle/sq.lproj
/var/folders/qq/kn3mb_ls71z640nps5cfm5yw0000gn/T/XcodeDistPipeline.~~~TYVn0t/Root/Payload/retrieverBuyer.app/GoogleMaps.bundle/GMSCoreResources.bundle/sq.lproj/GMSCore.strings
/var/folders/qq/kn3mb_ls71z640nps5cfm5yw0000gn/T/XcodeDistPipeline.~~~TYVn0t/Root/Payload/retrieverBuyer.app/GoogleMaps.bundle/GMSCoreResources.bundle/sr.lproj
/var/folders/qq/kn3mb_ls71z640nps5cfm5yw0000gn/T/XcodeDistPipeline.~~~TYVn0t/Root/Payload/retrieverBuyer.app/GoogleMaps.bundle/GMSCoreResources.bundle/sr.lproj/GMSCore.strings
/var/folders/qq/kn3mb_ls71z640nps5cfm5yw0000gn/T/XcodeDistPipeline.~~~TYVn0t/Root/Payload/retrieverBuyer.app/GoogleMaps.bundle/GMSCoreResources.bundle/sv.lproj
/var/folders/qq/kn3mb_ls71z640nps5cfm5yw0000gn/T/XcodeDistPipeline.~~~TYVn0t/Root/Payload/retrieverBuyer.app/GoogleMaps.bundle/GMSCoreResources.bundle/sv.lproj/GMSCore.strings
/var/folders/qq/kn3mb_ls71z640nps5cfm5yw0000gn/T/XcodeDistPipeline.~~~TYVn0t/Root/Payload/retrieverBuyer.app/GoogleMaps.bundle/GMSCoreResources.bundle/sw.lproj
/var/folders/qq/kn3mb_ls71z640nps5cfm5yw0000gn/T/XcodeDistPipeline.~~~TYVn0t/Root/Payload/retrieverBuyer.app/GoogleMaps.bundle/GMSCoreResources.bundle/sw.lproj/GMSCore.strings
/var/folders/qq/kn3mb_ls71z640nps5cfm5yw0000gn/T/XcodeDistPipeline.~~~TYVn0t/Root/Payload/retrieverBuyer.app/GoogleMaps.bundle/GMSCoreResources.bundle/th.lproj
/var/folders/qq/kn3mb_ls71z640nps5cfm5yw0000gn/T/XcodeDistPipeline.~~~TYVn0t/Root/Payload/retrieverBuyer.app/GoogleMaps.bundle/GMSCoreResources.bundle/th.lproj/GMSCore.strings
/var/folders/qq/kn3mb_ls71z640nps5cfm5yw0000gn/T/XcodeDistPipeline.~~~TYVn0t/Root/Payload/retrieverBuyer.app/GoogleMaps.bundle/GMSCoreResources.bundle/tr.lproj
/var/folders/qq/kn3mb_ls71z640nps5cfm5yw0000gn/T/XcodeDistPipeline.~~~TYVn0t/Root/Payload/retrieverBuyer.app/GoogleMaps.bundle/GMSCoreResources.bundle/tr.lproj/GMSCore.strings
/var/folders/qq/kn3mb_ls71z640nps5cfm5yw0000gn/T/XcodeDistPipeline.~~~TYVn0t/Root/Payload/retrieverBuyer.app/GoogleMaps.bundle/GMSCoreResources.bundle/uk.lproj
/var/folders/qq/kn3mb_ls71z640nps5cfm5yw0000gn/T/XcodeDistPipeline.~~~TYVn0t/Root/Payload/retrieverBuyer.app/GoogleMaps.bundle/GMSCoreResources.bundle/uk.lproj/GMSCore.strings
/var/folders/qq/kn3mb_ls71z640nps5cfm5yw0000gn/T/XcodeDistPipeline.~~~TYVn0t/Root/Payload/retrieverBuyer.app/GoogleMaps.bundle/GMSCoreResources.bundle/vi.lproj
/var/folders/qq/kn3mb_ls71z640nps5cfm5yw0000gn/T/XcodeDistPipeline.~~~TYVn0t/Root/Payload/retrieverBuyer.app/GoogleMaps.bundle/GMSCoreResources.bundle/vi.lproj/GMSCore.strings
/var/folders/qq/kn3mb_ls71z640nps5cfm5yw0000gn/T/XcodeDistPipeline.~~~TYVn0t/Root/Payload/retrieverBuyer.app/GoogleMaps.bundle/GMSCoreResources.bundle/zh_CN.lproj
/var/folde
2023-02-11 02:20:26 +0000  rs/qq/kn3mb_ls71z640nps5cfm5yw0000gn/T/XcodeDistPipeline.~~~TYVn0t/Root/Payload/retrieverBuyer.app/GoogleMaps.bundle/GMSCoreResources.bundle/zh_CN.lproj/GMSCore.strings
/var/folders/qq/kn3mb_ls71z640nps5cfm5yw0000gn/T/XcodeDistPipeline.~~~TYVn0t/Root/Payload/retrieverBuyer.app/GoogleMaps.bundle/GMSCoreResources.bundle/zh_HK.lproj
/var/folders/qq/kn3mb_ls71z640nps5cfm5yw0000gn/T/XcodeDistPipeline.~~~TYVn0t/Root/Payload/retrieverBuyer.app/GoogleMaps.bundle/GMSCoreResources.bundle/zh_HK.lproj/GMSCore.strings
/var/folders/qq/kn3mb_ls71z640nps5cfm5yw0000gn/T/XcodeDistPipeline.~~~TYVn0t/Root/Payload/retrieverBuyer.app/GoogleMaps.bundle/GMSCoreResources.bundle/zh_TW.lproj
/var/folders/qq/kn3mb_ls71z640nps5cfm5yw0000gn/T/XcodeDistPipeline.~~~TYVn0t/Root/Payload/retrieverBuyer.app/GoogleMaps.bundle/GMSCoreResources.bundle/zh_TW.lproj/GMSCore.strings
/var/folders/qq/kn3mb_ls71z640nps5cfm5yw0000gn/T/XcodeDistPipeline.~~~TYVn0t/Root/Payload/retrieverBuyer.app/GoogleMaps.bundle/Info.plist
/var/folders/qq/kn3mb_ls71z640nps5cfm5yw0000gn/T/XcodeDistPipeline.~~~TYVn0t/Root/Payload/retrieverBuyer.app/GoogleMaps.bundle/bubble_left.png
/var/folders/qq/kn3mb_ls71z640nps5cfm5yw0000gn/T/XcodeDistPipeline.~~~TYVn0t/Root/Payload/retrieverBuyer.app/GoogleMaps.bundle/bubble_left@2x.png
/var/folders/qq/kn3mb_ls71z640nps5cfm5yw0000gn/T/XcodeDistPipeline.~~~TYVn0t/Root/Payload/retrieverBuyer.app/GoogleMaps.bundle/bubble_left@3x.png
/var/folders/qq/kn3mb_ls71z640nps5cfm5yw0000gn/T/XcodeDistPipeline.~~~TYVn0t/Root/Payload/retrieverBuyer.app/GoogleMaps.bundle/bubble_right.png
/var/folders/qq/kn3mb_ls71z640nps5cfm5yw0000gn/T/XcodeDistPipeline.~~~TYVn0t/Root/Payload/retrieverBuyer.app/GoogleMaps.bundle/bubble_right@2x.png
/var/folders/qq/kn3mb_ls71z640nps5cfm5yw0000gn/T/XcodeDistPipeline.~~~TYVn0t/Root/Payload/retrieverBuyer.app/GoogleMaps.bundle/bubble_right@3x.png
/var/folders/qq/kn3mb_ls71z640nps5cfm5yw0000gn/T/XcodeDistPipeline.~~~TYVn0t/Root/Payload/retrieverBuyer.app/GoogleMaps.bundle/default_marker.png
/var/folders/qq/kn3mb_ls71z640nps5cfm5yw0000gn/T/XcodeDistPipeline.~~~TYVn0t/Root/Payload/retrieverBuyer.app/GoogleMaps.bundle/default_marker@2x.png
/var/folders/qq/kn3mb_ls71z640nps5cfm5yw0000gn/T/XcodeDistPipeline.~~~TYVn0t/Root/Payload/retrieverBuyer.app/GoogleMaps.bundle/default_marker@3x.png
/var/folders/qq/kn3mb_ls71z640nps5cfm5yw0000gn/T/XcodeDistPipeline.~~~TYVn0t/Root/Payload/retrieverBuyer.app/GoogleMaps.bundle/ic_error.png
/var/folders/qq/kn3mb_ls71z640nps5cfm5yw0000gn/T/XcodeDistPipeline.~~~TYVn0t/Root/Payload/retrieverBuyer.app/GoogleMaps.bundle/ic_error@2x.png
/var/folders/qq/kn3mb_ls71z640nps5cfm5yw0000gn/T/XcodeDistPipeline.~~~TYVn0t/Root/Payload/retrieverBuyer.app/GoogleMaps.bundle/ic_error@3x.png
/var/folders/qq/kn3mb_ls71z640nps5cfm5yw0000gn/T/XcodeDistPipeline.~~~TYVn0t/Root/Payload/retrieverBuyer.app/GoogleMaps.bundle/oss_licenses_maps.txt.gz
/var/folders/qq/kn3mb_ls71z640nps5cfm5yw0000gn/T/XcodeDistPipeline.~~~TYVn0t/Root/Payload/retrieverBuyer.app/GoogleService-Info.plist
/var/folders/qq/kn3mb_ls71z640nps5cfm5yw0000gn/T/XcodeDistPipeline.~~~TYVn0t/Root/Payload/retrieverBuyer.app/GoogleSignIn.bundle
/var/folders/qq/kn3mb_ls71z640nps5cfm5yw0000gn/T/XcodeDistPipeline.~~~TYVn0t/Root/Payload/retrieverBuyer.app/GoogleSignIn.bundle/Info.plist
/var/folders/qq/kn3mb_ls71z640nps5cfm5yw0000gn/T/XcodeDistPipeline.~~~TYVn0t/Root/Payload/retrieverBuyer.app/GoogleSignIn.bundle/Roboto-Bold.ttf
/var/folders/qq/kn3mb_ls71z640nps5cfm5yw0000gn/T/XcodeDistPipeline.~~~TYVn0t/Root/Payload/retrieverBuyer.app/GoogleSignIn.bundle/ar.lproj
/var/folders/qq/kn3mb_ls71z640nps5cfm5yw0000gn/T/XcodeDistPipeline.~~~TYVn0t/Root/Payload/retrieverBuyer.app/GoogleSignIn.bundle/ar.lproj/GoogleSignIn.strings
/var/folders/qq/kn3mb_ls71z640nps5cfm5yw0000gn/T/XcodeDistPipeline.~~~TYVn0t/Root/Payload/retrieverBuyer.app/GoogleSignIn.bundle/ca.lproj
/var/folders/qq/kn3mb_ls71z640nps5cfm5yw0000gn/T/XcodeDistPipeline.~~~TYVn0t/Root/Payload/retrieverBuyer.app/GoogleSignIn.bundle/ca.lproj/GoogleSignIn.strings
/var/folders/qq/kn3mb_ls71z640nps5cfm5yw0000gn/T/XcodeDistPipeline.~
2023-02-11 02:20:26 +0000  ~~TYVn0t/Root/Payload/retrieverBuyer.app/GoogleSignIn.bundle/cs.lproj
/var/folders/qq/kn3mb_ls71z640nps5cfm5yw0000gn/T/XcodeDistPipeline.~~~TYVn0t/Root/Payload/retrieverBuyer.app/GoogleSignIn.bundle/cs.lproj/GoogleSignIn.strings
/var/folders/qq/kn3mb_ls71z640nps5cfm5yw0000gn/T/XcodeDistPipeline.~~~TYVn0t/Root/Payload/retrieverBuyer.app/GoogleSignIn.bundle/da.lproj
/var/folders/qq/kn3mb_ls71z640nps5cfm5yw0000gn/T/XcodeDistPipeline.~~~TYVn0t/Root/Payload/retrieverBuyer.app/GoogleSignIn.bundle/da.lproj/GoogleSignIn.strings
/var/folders/qq/kn3mb_ls71z640nps5cfm5yw0000gn/T/XcodeDistPipeline.~~~TYVn0t/Root/Payload/retrieverBuyer.app/GoogleSignIn.bundle/de.lproj
/var/folders/qq/kn3mb_ls71z640nps5cfm5yw0000gn/T/XcodeDistPipeline.~~~TYVn0t/Root/Payload/retrieverBuyer.app/GoogleSignIn.bundle/de.lproj/GoogleSignIn.strings
/var/folders/qq/kn3mb_ls71z640nps5cfm5yw0000gn/T/XcodeDistPipeline.~~~TYVn0t/Root/Payload/retrieverBuyer.app/GoogleSignIn.bundle/el.lproj
/var/folders/qq/kn3mb_ls71z640nps5cfm5yw0000gn/T/XcodeDistPipeline.~~~TYVn0t/Root/Payload/retrieverBuyer.app/GoogleSignIn.bundle/el.lproj/GoogleSignIn.strings
/var/folders/qq/kn3mb_ls71z640nps5cfm5yw0000gn/T/XcodeDistPipeline.~~~TYVn0t/Root/Payload/retrieverBuyer.app/GoogleSignIn.bundle/en.lproj
/var/folders/qq/kn3mb_ls71z640nps5cfm5yw0000gn/T/XcodeDistPipeline.~~~TYVn0t/Root/Payload/retrieverBuyer.app/GoogleSignIn.bundle/en.lproj/GoogleSignIn.strings
/var/folders/qq/kn3mb_ls71z640nps5cfm5yw0000gn/T/XcodeDistPipeline.~~~TYVn0t/Root/Payload/retrieverBuyer.app/GoogleSignIn.bundle/en_GB.lproj
/var/folders/qq/kn3mb_ls71z640nps5cfm5yw0000gn/T/XcodeDistPipeline.~~~TYVn0t/Root/Payload/retrieverBuyer.app/GoogleSignIn.bundle/en_GB.lproj/GoogleSignIn.strings
/var/folders/qq/kn3mb_ls71z640nps5cfm5yw0000gn/T/XcodeDistPipeline.~~~TYVn0t/Root/Payload/retrieverBuyer.app/GoogleSignIn.bundle/es.lproj
/var/folders/qq/kn3mb_ls71z640nps5cfm5yw0000gn/T/XcodeDistPipeline.~~~TYVn0t/Root/Payload/retrieverBuyer.app/GoogleSignIn.bundle/es.lproj/GoogleSignIn.strings
/var/folders/qq/kn3mb_ls71z640nps5cfm5yw0000gn/T/XcodeDistPipeline.~~~TYVn0t/Root/Payload/retrieverBuyer.app/GoogleSignIn.bundle/es_MX.lproj
/var/folders/qq/kn3mb_ls71z640nps5cfm5yw0000gn/T/XcodeDistPipeline.~~~TYVn0t/Root/Payload/retrieverBuyer.app/GoogleSignIn.bundle/es_MX.lproj/GoogleSignIn.strings
/var/folders/qq/kn3mb_ls71z640nps5cfm5yw0000gn/T/XcodeDistPipeline.~~~TYVn0t/Root/Payload/retrieverBuyer.app/GoogleSignIn.bundle/fi.lproj
/var/folders/qq/kn3mb_ls71z640nps5cfm5yw0000gn/T/XcodeDistPipeline.~~~TYVn0t/Root/Payload/retrieverBuyer.app/GoogleSignIn.bundle/fi.lproj/GoogleSignIn.strings
/var/folders/qq/kn3mb_ls71z640nps5cfm5yw0000gn/T/XcodeDistPipeline.~~~TYVn0t/Root/Payload/retrieverBuyer.app/GoogleSignIn.bundle/fr.lproj
/var/folders/qq/kn3mb_ls71z640nps5cfm5yw0000gn/T/XcodeDistPipeline.~~~TYVn0t/Root/Payload/retrieverBuyer.app/GoogleSignIn.bundle/fr.lproj/GoogleSignIn.strings
/var/folders/qq/kn3mb_ls71z640nps5cfm5yw0000gn/T/XcodeDistPipeline.~~~TYVn0t/Root/Payload/retrieverBuyer.app/GoogleSignIn.bundle/fr_CA.lproj
/var/folders/qq/kn3mb_ls71z640nps5cfm5yw0000gn/T/XcodeDistPipeline.~~~TYVn0t/Root/Payload/retrieverBuyer.app/GoogleSignIn.bundle/fr_CA.lproj/GoogleSignIn.strings
/var/folders/qq/kn3mb_ls71z640nps5cfm5yw0000gn/T/XcodeDistPipeline.~~~TYVn0t/Root/Payload/retrieverBuyer.app/GoogleSignIn.bundle/google.png
/var/folders/qq/kn3mb_ls71z640nps5cfm5yw0000gn/T/XcodeDistPipeline.~~~TYVn0t/Root/Payload/retrieverBuyer.app/GoogleSignIn.bundle/google@2x.png
/var/folders/qq/kn3mb_ls71z640nps5cfm5yw0000gn/T/XcodeDistPipeline.~~~TYVn0t/Root/Payload/retrieverBuyer.app/GoogleSignIn.bundle/google@3x.png
/var/folders/qq/kn3mb_ls71z640nps5cfm5yw0000gn/T/XcodeDistPipeline.~~~TYVn0t/Root/Payload/retrieverBuyer.app/GoogleSignIn.bundle/he.lproj
/var/folders/qq/kn3mb_ls71z640nps5cfm5yw0000gn/T/XcodeDistPipeline.~~~TYVn0t/Root/Payload/retrieverBuyer.app/GoogleSignIn.bundle/he.lproj/GoogleSignIn.strings
/var/folders/qq/kn3mb_ls71z640nps5cfm5yw0000gn/T/XcodeDistPipeline.~~~TYVn0t/Root/Payload/retrieverBuyer.app/GoogleSignIn.bundle/hi.lproj
/var/folders/qq/kn
2023-02-11 02:20:26 +0000  3mb_ls71z640nps5cfm5yw0000gn/T/XcodeDistPipeline.~~~TYVn0t/Root/Payload/retrieverBuyer.app/GoogleSignIn.bundle/hi.lproj/GoogleSignIn.strings
/var/folders/qq/kn3mb_ls71z640nps5cfm5yw0000gn/T/XcodeDistPipeline.~~~TYVn0t/Root/Payload/retrieverBuyer.app/GoogleSignIn.bundle/hr.lproj
/var/folders/qq/kn3mb_ls71z640nps5cfm5yw0000gn/T/XcodeDistPipeline.~~~TYVn0t/Root/Payload/retrieverBuyer.app/GoogleSignIn.bundle/hr.lproj/GoogleSignIn.strings
/var/folders/qq/kn3mb_ls71z640nps5cfm5yw0000gn/T/XcodeDistPipeline.~~~TYVn0t/Root/Payload/retrieverBuyer.app/GoogleSignIn.bundle/hu.lproj
/var/folders/qq/kn3mb_ls71z640nps5cfm5yw0000gn/T/XcodeDistPipeline.~~~TYVn0t/Root/Payload/retrieverBuyer.app/GoogleSignIn.bundle/hu.lproj/GoogleSignIn.strings
/var/folders/qq/kn3mb_ls71z640nps5cfm5yw0000gn/T/XcodeDistPipeline.~~~TYVn0t/Root/Payload/retrieverBuyer.app/GoogleSignIn.bundle/id.lproj
/var/folders/qq/kn3mb_ls71z640nps5cfm5yw0000gn/T/XcodeDistPipeline.~~~TYVn0t/Root/Payload/retrieverBuyer.app/GoogleSignIn.bundle/id.lproj/GoogleSignIn.strings
/var/folders/qq/kn3mb_ls71z640nps5cfm5yw0000gn/T/XcodeDistPipeline.~~~TYVn0t/Root/Payload/retrieverBuyer.app/GoogleSignIn.bundle/it.lproj
/var/folders/qq/kn3mb_ls71z640nps5cfm5yw0000gn/T/XcodeDistPipeline.~~~TYVn0t/Root/Payload/retrieverBuyer.app/GoogleSignIn.bundle/it.lproj/GoogleSignIn.strings
/var/folders/qq/kn3mb_ls71z640nps5cfm5yw0000gn/T/XcodeDistPipeline.~~~TYVn0t/Root/Payload/retrieverBuyer.app/GoogleSignIn.bundle/ja.lproj
/var/folders/qq/kn3mb_ls71z640nps5cfm5yw0000gn/T/XcodeDistPipeline.~~~TYVn0t/Root/Payload/retrieverBuyer.app/GoogleSignIn.bundle/ja.lproj/GoogleSignIn.strings
/var/folders/qq/kn3mb_ls71z640nps5cfm5yw0000gn/T/XcodeDistPipeline.~~~TYVn0t/Root/Payload/retrieverBuyer.app/GoogleSignIn.bundle/ko.lproj
/var/folders/qq/kn3mb_ls71z640nps5cfm5yw0000gn/T/XcodeDistPipeline.~~~TYVn0t/Root/Payload/retrieverBuyer.app/GoogleSignIn.bundle/ko.lproj/GoogleSignIn.strings
/var/folders/qq/kn3mb_ls71z640nps5cfm5yw0000gn/T/XcodeDistPipeline.~~~TYVn0t/Root/Payload/retrieverBuyer.app/GoogleSignIn.bundle/ms.lproj
/var/folders/qq/kn3mb_ls71z640nps5cfm5yw0000gn/T/XcodeDistPipeline.~~~TYVn0t/Root/Payload/retrieverBuyer.app/GoogleSignIn.bundle/ms.lproj/GoogleSignIn.strings
/var/folders/qq/kn3mb_ls71z640nps5cfm5yw0000gn/T/XcodeDistPipeline.~~~TYVn0t/Root/Payload/retrieverBuyer.app/GoogleSignIn.bundle/nb.lproj
/var/folders/qq/kn3mb_ls71z640nps5cfm5yw0000gn/T/XcodeDistPipeline.~~~TYVn0t/Root/Payload/retrieverBuyer.app/GoogleSignIn.bundle/nb.lproj/GoogleSignIn.strings
/var/folders/qq/kn3mb_ls71z640nps5cfm5yw0000gn/T/XcodeDistPipeline.~~~TYVn0t/Root/Payload/retrieverBuyer.app/GoogleSignIn.bundle/nl.lproj
/var/folders/qq/kn3mb_ls71z640nps5cfm5yw0000gn/T/XcodeDistPipeline.~~~TYVn0t/Root/Payload/retrieverBuyer.app/GoogleSignIn.bundle/nl.lproj/GoogleSignIn.strings
/var/folders/qq/kn3mb_ls71z640nps5cfm5yw0000gn/T/XcodeDistPipeline.~~~TYVn0t/Root/Payload/retrieverBuyer.app/GoogleSignIn.bundle/pl.lproj
/var/folders/qq/kn3mb_ls71z640nps5cfm5yw0000gn/T/XcodeDistPipeline.~~~TYVn0t/Root/Payload/retrieverBuyer.app/GoogleSignIn.bundle/pl.lproj/GoogleSignIn.strings
/var/folders/qq/kn3mb_ls71z640nps5cfm5yw0000gn/T/XcodeDistPipeline.~~~TYVn0t/Root/Payload/retrieverBuyer.app/GoogleSignIn.bundle/pt.lproj
/var/folders/qq/kn3mb_ls71z640nps5cfm5yw0000gn/T/XcodeDistPipeline.~~~TYVn0t/Root/Payload/retrieverBuyer.app/GoogleSignIn.bundle/pt.lproj/GoogleSignIn.strings
/var/folders/qq/kn3mb_ls71z640nps5cfm5yw0000gn/T/XcodeDistPipeline.~~~TYVn0t/Root/Payload/retrieverBuyer.app/GoogleSignIn.bundle/pt_BR.lproj
/var/folders/qq/kn3mb_ls71z640nps5cfm5yw0000gn/T/XcodeDistPipeline.~~~TYVn0t/Root/Payload/retrieverBuyer.app/GoogleSignIn.bundle/pt_BR.lproj/GoogleSignIn.strings
/var/folders/qq/kn3mb_ls71z640nps5cfm5yw0000gn/T/XcodeDistPipeline.~~~TYVn0t/Root/Payload/retrieverBuyer.app/GoogleSignIn.bundle/pt_PT.lproj
/var/folders/qq/kn3mb_ls71z640nps5cfm5yw0000gn/T/XcodeDistPipeline.~~~TYVn0t/Root/Payload/retrieverBuyer.app/GoogleSignIn.bundle/pt_PT.lproj/GoogleSignIn.strings
/var/folders/qq/kn3mb_ls71z640nps5cfm5yw0000gn/T/XcodeDistPipeline.~~~TYVn0t/Root/
2023-02-11 02:20:26 +0000  Payload/retrieverBuyer.app/GoogleSignIn.bundle/ro.lproj
/var/folders/qq/kn3mb_ls71z640nps5cfm5yw0000gn/T/XcodeDistPipeline.~~~TYVn0t/Root/Payload/retrieverBuyer.app/GoogleSignIn.bundle/ro.lproj/GoogleSignIn.strings
/var/folders/qq/kn3mb_ls71z640nps5cfm5yw0000gn/T/XcodeDistPipeline.~~~TYVn0t/Root/Payload/retrieverBuyer.app/GoogleSignIn.bundle/ru.lproj
/var/folders/qq/kn3mb_ls71z640nps5cfm5yw0000gn/T/XcodeDistPipeline.~~~TYVn0t/Root/Payload/retrieverBuyer.app/GoogleSignIn.bundle/ru.lproj/GoogleSignIn.strings
/var/folders/qq/kn3mb_ls71z640nps5cfm5yw0000gn/T/XcodeDistPipeline.~~~TYVn0t/Root/Payload/retrieverBuyer.app/GoogleSignIn.bundle/sk.lproj
/var/folders/qq/kn3mb_ls71z640nps5cfm5yw0000gn/T/XcodeDistPipeline.~~~TYVn0t/Root/Payload/retrieverBuyer.app/GoogleSignIn.bundle/sk.lproj/GoogleSignIn.strings
/var/folders/qq/kn3mb_ls71z640nps5cfm5yw0000gn/T/XcodeDistPipeline.~~~TYVn0t/Root/Payload/retrieverBuyer.app/GoogleSignIn.bundle/sv.lproj
/var/folders/qq/kn3mb_ls71z640nps5cfm5yw0000gn/T/XcodeDistPipeline.~~~TYVn0t/Root/Payload/retrieverBuyer.app/GoogleSignIn.bundle/sv.lproj/GoogleSignIn.strings
/var/folders/qq/kn3mb_ls71z640nps5cfm5yw0000gn/T/XcodeDistPipeline.~~~TYVn0t/Root/Payload/retrieverBuyer.app/GoogleSignIn.bundle/th.lproj
/var/folders/qq/kn3mb_ls71z640nps5cfm5yw0000gn/T/XcodeDistPipeline.~~~TYVn0t/Root/Payload/retrieverBuyer.app/GoogleSignIn.bundle/th.lproj/GoogleSignIn.strings
/var/folders/qq/kn3mb_ls71z640nps5cfm5yw0000gn/T/XcodeDistPipeline.~~~TYVn0t/Root/Payload/retrieverBuyer.app/GoogleSignIn.bundle/tr.lproj
/var/folders/qq/kn3mb_ls71z640nps5cfm5yw0000gn/T/XcodeDistPipeline.~~~TYVn0t/Root/Payload/retrieverBuyer.app/GoogleSignIn.bundle/tr.lproj/GoogleSignIn.strings
/var/folders/qq/kn3mb_ls71z640nps5cfm5yw0000gn/T/XcodeDistPipeline.~~~TYVn0t/Root/Payload/retrieverBuyer.app/GoogleSignIn.bundle/uk.lproj
/var/folders/qq/kn3mb_ls71z640nps5cfm5yw0000gn/T/XcodeDistPipeline.~~~TYVn0t/Root/Payload/retrieverBuyer.app/GoogleSignIn.bundle/uk.lproj/GoogleSignIn.strings
/var/folders/qq/kn3mb_ls71z640nps5cfm5yw0000gn/T/XcodeDistPipeline.~~~TYVn0t/Root/Payload/retrieverBuyer.app/GoogleSignIn.bundle/vi.lproj
/var/folders/qq/kn3mb_ls71z640nps5cfm5yw0000gn/T/XcodeDistPipeline.~~~TYVn0t/Root/Payload/retrieverBuyer.app/GoogleSignIn.bundle/vi.lproj/GoogleSignIn.strings
/var/folders/qq/kn3mb_ls71z640nps5cfm5yw0000gn/T/XcodeDistPipeline.~~~TYVn0t/Root/Payload/retrieverBuyer.app/GoogleSignIn.bundle/zh_CN.lproj
/var/folders/qq/kn3mb_ls71z640nps5cfm5yw0000gn/T/XcodeDistPipeline.~~~TYVn0t/Root/Payload/retrieverBuyer.app/GoogleSignIn.bundle/zh_CN.lproj/GoogleSignIn.strings
/var/folders/qq/kn3mb_ls71z640nps5cfm5yw0000gn/T/XcodeDistPipeline.~~~TYVn0t/Root/Payload/retrieverBuyer.app/GoogleSignIn.bundle/zh_TW.lproj
/var/folders/qq/kn3mb_ls71z640nps5cfm5yw0000gn/T/XcodeDistPipeline.~~~TYVn0t/Root/Payload/retrieverBuyer.app/GoogleSignIn.bundle/zh_TW.lproj/GoogleSignIn.strings
/var/folders/qq/kn3mb_ls71z640nps5cfm5yw0000gn/T/XcodeDistPipeline.~~~TYVn0t/Root/Payload/retrieverBuyer.app/HKGrotesk-Bold.ttf
/var/folders/qq/kn3mb_ls71z640nps5cfm5yw0000gn/T/XcodeDistPipeline.~~~TYVn0t/Root/Payload/retrieverBuyer.app/HKGrotesk-BoldItalic.ttf
/var/folders/qq/kn3mb_ls71z640nps5cfm5yw0000gn/T/XcodeDistPipeline.~~~TYVn0t/Root/Payload/retrieverBuyer.app/HKGrotesk-BoldLegacy.ttf
/var/folders/qq/kn3mb_ls71z640nps5cfm5yw0000gn/T/XcodeDistPipeline.~~~TYVn0t/Root/Payload/retrieverBuyer.app/HKGrotesk-BoldLegacyItalic.ttf
/var/folders/qq/kn3mb_ls71z640nps5cfm5yw0000gn/T/XcodeDistPipeline.~~~TYVn0t/Root/Payload/retrieverBuyer.app/HKGrotesk-Italic.ttf
/var/folders/qq/kn3mb_ls71z640nps5cfm5yw0000gn/T/XcodeDistPipeline.~~~TYVn0t/Root/Payload/retrieverBuyer.app/HKGrotesk-LegacyItalic.ttf
/var/folders/qq/kn3mb_ls71z640nps5cfm5yw0000gn/T/XcodeDistPipeline.~~~TYVn0t/Root/Payload/retrieverBuyer.app/HKGrotesk-Light.ttf
/var/folders/qq/kn3mb_ls71z640nps5cfm5yw0000gn/T/XcodeDistPipeline.~~~TYVn0t/Root/Payload/retrieverBuyer.app/HKGrotesk-LightItalic.ttf
/var/folders/qq/kn3mb_ls71z640nps5cfm5yw0000gn/T/XcodeDistPipeline.~~~TYVn0t/Root/Payload/retrieverBuyer.app/HKGrotesk-LightLegacy
2023-02-11 02:20:26 +0000  .ttf
/var/folders/qq/kn3mb_ls71z640nps5cfm5yw0000gn/T/XcodeDistPipeline.~~~TYVn0t/Root/Payload/retrieverBuyer.app/HKGrotesk-LightLegacyItalic.ttf
/var/folders/qq/kn3mb_ls71z640nps5cfm5yw0000gn/T/XcodeDistPipeline.~~~TYVn0t/Root/Payload/retrieverBuyer.app/HKGrotesk-Medium.ttf
/var/folders/qq/kn3mb_ls71z640nps5cfm5yw0000gn/T/XcodeDistPipeline.~~~TYVn0t/Root/Payload/retrieverBuyer.app/HKGrotesk-MediumItalic.ttf
/var/folders/qq/kn3mb_ls71z640nps5cfm5yw0000gn/T/XcodeDistPipeline.~~~TYVn0t/Root/Payload/retrieverBuyer.app/HKGrotesk-MediumLegacy.ttf
/var/folders/qq/kn3mb_ls71z640nps5cfm5yw0000gn/T/XcodeDistPipeline.~~~TYVn0t/Root/Payload/retrieverBuyer.app/HKGrotesk-MediumLegacyItalic.ttf
/var/folders/qq/kn3mb_ls71z640nps5cfm5yw0000gn/T/XcodeDistPipeline.~~~TYVn0t/Root/Payload/retrieverBuyer.app/HKGrotesk-Regular.ttf
/var/folders/qq/kn3mb_ls71z640nps5cfm5yw0000gn/T/XcodeDistPipeline.~~~TYVn0t/Root/Payload/retrieverBuyer.app/HKGrotesk-RegularLegacy.ttf
/var/folders/qq/kn3mb_ls71z640nps5cfm5yw0000gn/T/XcodeDistPipeline.~~~TYVn0t/Root/Payload/retrieverBuyer.app/HKGrotesk-SemiBold.ttf
/var/folders/qq/kn3mb_ls71z640nps5cfm5yw0000gn/T/XcodeDistPipeline.~~~TYVn0t/Root/Payload/retrieverBuyer.app/HKGrotesk-SemiBoldItalic.ttf
/var/folders/qq/kn3mb_ls71z640nps5cfm5yw0000gn/T/XcodeDistPipeline.~~~TYVn0t/Root/Payload/retrieverBuyer.app/HKGrotesk-SemiBoldLegacy.ttf
/var/folders/qq/kn3mb_ls71z640nps5cfm5yw0000gn/T/XcodeDistPipeline.~~~TYVn0t/Root/Payload/retrieverBuyer.app/HKGrotesk-SemiBoldLegacyItalic.ttf
/var/folders/qq/kn3mb_ls71z640nps5cfm5yw0000gn/T/XcodeDistPipeline.~~~TYVn0t/Root/Payload/retrieverBuyer.app/Info.plist
/var/folders/qq/kn3mb_ls71z640nps5cfm5yw0000gn/T/XcodeDistPipeline.~~~TYVn0t/Root/Payload/retrieverBuyer.app/Ionicons.ttf
/var/folders/qq/kn3mb_ls71z640nps5cfm5yw0000gn/T/XcodeDistPipeline.~~~TYVn0t/Root/Payload/retrieverBuyer.app/LaunchScreen.storyboardc
/var/folders/qq/kn3mb_ls71z640nps5cfm5yw0000gn/T/XcodeDistPipeline.~~~TYVn0t/Root/Payload/retrieverBuyer.app/LaunchScreen.storyboardc/01J-lp-oVM-view-Ze5-6b-2t3.nib
/var/folders/qq/kn3mb_ls71z640nps5cfm5yw0000gn/T/XcodeDistPipeline.~~~TYVn0t/Root/Payload/retrieverBuyer.app/LaunchScreen.storyboardc/Info.plist
/var/folders/qq/kn3mb_ls71z640nps5cfm5yw0000gn/T/XcodeDistPipeline.~~~TYVn0t/Root/Payload/retrieverBuyer.app/LaunchScreen.storyboardc/UIViewController-01J-lp-oVM.nib
/var/folders/qq/kn3mb_ls71z640nps5cfm5yw0000gn/T/XcodeDistPipeline.~~~TYVn0t/Root/Payload/retrieverBuyer.app/MaterialCommunityIcons.ttf
/var/folders/qq/kn3mb_ls71z640nps5cfm5yw0000gn/T/XcodeDistPipeline.~~~TYVn0t/Root/Payload/retrieverBuyer.app/MaterialIcons.ttf
/var/folders/qq/kn3mb_ls71z640nps5cfm5yw0000gn/T/XcodeDistPipeline.~~~TYVn0t/Root/Payload/retrieverBuyer.app/Octicons.ttf
/var/folders/qq/kn3mb_ls71z640nps5cfm5yw0000gn/T/XcodeDistPipeline.~~~TYVn0t/Root/Payload/retrieverBuyer.app/PkgInfo
/var/folders/qq/kn3mb_ls71z640nps5cfm5yw0000gn/T/XcodeDistPipeline.~~~TYVn0t/Root/Payload/retrieverBuyer.app/QBImagePicker.bundle
/var/folders/qq/kn3mb_ls71z640nps5cfm5yw0000gn/T/XcodeDistPipeline.~~~TYVn0t/Root/Payload/retrieverBuyer.app/QBImagePicker.bundle/Info.plist
/var/folders/qq/kn3mb_ls71z640nps5cfm5yw0000gn/T/XcodeDistPipeline.~~~TYVn0t/Root/Payload/retrieverBuyer.app/QBImagePicker.bundle/QBImagePicker.storyboardc
/var/folders/qq/kn3mb_ls71z640nps5cfm5yw0000gn/T/XcodeDistPipeline.~~~TYVn0t/Root/Payload/retrieverBuyer.app/QBImagePicker.bundle/QBImagePicker.storyboardc/Info.plist
/var/folders/qq/kn3mb_ls71z640nps5cfm5yw0000gn/T/XcodeDistPipeline.~~~TYVn0t/Root/Payload/retrieverBuyer.app/QBImagePicker.bundle/QBImagePicker.storyboardc/QBAlbumsNavigationController.nib
/var/folders/qq/kn3mb_ls71z640nps5cfm5yw0000gn/T/XcodeDistPipeline.~~~TYVn0t/Root/Payload/retrieverBuyer.app/QBImagePicker.bundle/QBImagePicker.storyboardc/QBAlbumsNavigationController.nib/objects-12.3+.nib
/var/folders/qq/kn3mb_ls71z640nps5cfm5yw0000gn/T/XcodeDistPipeline.~~~TYVn0t/Root/Payload/retrieverBuyer.app/QBImagePicker.bundle/QBImagePicker.storyboardc/QBAlbumsNavigationController.nib/runtime.nib
/var/folders/qq/kn3mb_ls71z640nps5cfm5yw0
2023-02-11 02:20:26 +0000  000gn/T/XcodeDistPipeline.~~~TYVn0t/Root/Payload/retrieverBuyer.app/QBImagePicker.bundle/QBImagePicker.storyboardc/QBAlbumsViewController.nib
/var/folders/qq/kn3mb_ls71z640nps5cfm5yw0000gn/T/XcodeDistPipeline.~~~TYVn0t/Root/Payload/retrieverBuyer.app/QBImagePicker.bundle/QBImagePicker.storyboardc/QBAlbumsViewController.nib/objects-12.3+.nib
/var/folders/qq/kn3mb_ls71z640nps5cfm5yw0000gn/T/XcodeDistPipeline.~~~TYVn0t/Root/Payload/retrieverBuyer.app/QBImagePicker.bundle/QBImagePicker.storyboardc/QBAlbumsViewController.nib/runtime.nib
/var/folders/qq/kn3mb_ls71z640nps5cfm5yw0000gn/T/XcodeDistPipeline.~~~TYVn0t/Root/Payload/retrieverBuyer.app/QBImagePicker.bundle/QBImagePicker.storyboardc/QBAssetsViewController.nib
/var/folders/qq/kn3mb_ls71z640nps5cfm5yw0000gn/T/XcodeDistPipeline.~~~TYVn0t/Root/Payload/retrieverBuyer.app/QBImagePicker.bundle/QBImagePicker.storyboardc/QBAssetsViewController.nib/objects-12.3+.nib
/var/folders/qq/kn3mb_ls71z640nps5cfm5yw0000gn/T/XcodeDistPipeline.~~~TYVn0t/Root/Payload/retrieverBuyer.app/QBImagePicker.bundle/QBImagePicker.storyboardc/QBAssetsViewController.nib/runtime.nib
/var/folders/qq/kn3mb_ls71z640nps5cfm5yw0000gn/T/XcodeDistPipeline.~~~TYVn0t/Root/Payload/retrieverBuyer.app/QBImagePicker.bundle/QBImagePicker.storyboardc/QL5-wR-LYt-view-66K-TS-Yoc.nib
/var/folders/qq/kn3mb_ls71z640nps5cfm5yw0000gn/T/XcodeDistPipeline.~~~TYVn0t/Root/Payload/retrieverBuyer.app/QBImagePicker.bundle/QBImagePicker.storyboardc/QL5-wR-LYt-view-66K-TS-Yoc.nib/objects-12.3+.nib
/var/folders/qq/kn3mb_ls71z640nps5cfm5yw0000gn/T/XcodeDistPipeline.~~~TYVn0t/Root/Payload/retrieverBuyer.app/QBImagePicker.bundle/QBImagePicker.storyboardc/QL5-wR-LYt-view-66K-TS-Yoc.nib/runtime.nib
/var/folders/qq/kn3mb_ls71z640nps5cfm5yw0000gn/T/XcodeDistPipeline.~~~TYVn0t/Root/Payload/retrieverBuyer.app/QBImagePicker.bundle/QBImagePicker.storyboardc/QiH-NZ-ZGN-view-sD2-zK-ryo.nib
/var/folders/qq/kn3mb_ls71z640nps5cfm5yw0000gn/T/XcodeDistPipeline.~~~TYVn0t/Root/Payload/retrieverBuyer.app/QBImagePicker.bundle/QBImagePicker.storyboardc/QiH-NZ-ZGN-view-sD2-zK-ryo.nib/objects-12.3+.nib
/var/folders/qq/kn3mb_ls71z640nps5cfm5yw0000gn/T/XcodeDistPipeline.~~~TYVn0t/Root/Payload/retrieverBuyer.app/QBImagePicker.bundle/QBImagePicker.storyboardc/QiH-NZ-ZGN-view-sD2-zK-ryo.nib/runtime.nib
/var/folders/qq/kn3mb_ls71z640nps5cfm5yw0000gn/T/XcodeDistPipeline.~~~TYVn0t/Root/Payload/retrieverBuyer.app/QBImagePicker.bundle/de.lproj
/var/folders/qq/kn3mb_ls71z640nps5cfm5yw0000gn/T/XcodeDistPipeline.~~~TYVn0t/Root/Payload/retrieverBuyer.app/QBImagePicker.bundle/de.lproj/QBImagePicker.strings
/var/folders/qq/kn3mb_ls71z640nps5cfm5yw0000gn/T/XcodeDistPipeline.~~~TYVn0t/Root/Payload/retrieverBuyer.app/QBImagePicker.bundle/en.lproj
/var/folders/qq/kn3mb_ls71z640nps5cfm5yw0000gn/T/XcodeDistPipeline.~~~TYVn0t/Root/Payload/retrieverBuyer.app/QBImagePicker.bundle/en.lproj/QBImagePicker.strings
/var/folders/qq/kn3mb_ls71z640nps5cfm5yw0000gn/T/XcodeDistPipeline.~~~TYVn0t/Root/Payload/retrieverBuyer.app/QBImagePicker.bundle/es.lproj
/var/folders/qq/kn3mb_ls71z640nps5cfm5yw0000gn/T/XcodeDistPipeline.~~~TYVn0t/Root/Payload/retrieverBuyer.app/QBImagePicker.bundle/es.lproj/QBImagePicker.strings
/var/folders/qq/kn3mb_ls71z640nps5cfm5yw0000gn/T/XcodeDistPipeline.~~~TYVn0t/Root/Payload/retrieverBuyer.app/QBImagePicker.bundle/fr.lproj
/var/folders/qq/kn3mb_ls71z640nps5cfm5yw0000gn/T/XcodeDistPipeline.~~~TYVn0t/Root/Payload/retrieverBuyer.app/QBImagePicker.bundle/fr.lproj/QBImagePicker.strings
/var/folders/qq/kn3mb_ls71z640nps5cfm5yw0000gn/T/XcodeDistPipeline.~~~TYVn0t/Root/Payload/retrieverBuyer.app/QBImagePicker.bundle/it.lproj
/var/folders/qq/kn3mb_ls71z640nps5cfm5yw0000gn/T/XcodeDistPipeline.~~~TYVn0t/Root/Payload/retrieverBuyer.app/QBImagePicker.bundle/it.lproj/QBImagePicker.strings
/var/folders/qq/kn3mb_ls71z640nps5cfm5yw0000gn/T/XcodeDistPipeline.~~~TYVn0t/Root/Payload/retrieverBuyer.app/QBImagePicker.bundle/ja.lproj
/var/folders/qq/kn3mb_ls71z640nps5cfm5yw0000gn/T/XcodeDistPipeline.~~~TYVn0t/Root/Payload/retrieverBuyer.app/QBImagePicker.bundle/ja.lproj/QBImagePicker.strin
2023-02-11 02:20:26 +0000  gs
/var/folders/qq/kn3mb_ls71z640nps5cfm5yw0000gn/T/XcodeDistPipeline.~~~TYVn0t/Root/Payload/retrieverBuyer.app/QBImagePicker.bundle/ko.lproj
/var/folders/qq/kn3mb_ls71z640nps5cfm5yw0000gn/T/XcodeDistPipeline.~~~TYVn0t/Root/Payload/retrieverBuyer.app/QBImagePicker.bundle/ko.lproj/QBImagePicker.strings
/var/folders/qq/kn3mb_ls71z640nps5cfm5yw0000gn/T/XcodeDistPipeline.~~~TYVn0t/Root/Payload/retrieverBuyer.app/QBImagePicker.bundle/nb.lproj
/var/folders/qq/kn3mb_ls71z640nps5cfm5yw0000gn/T/XcodeDistPipeline.~~~TYVn0t/Root/Payload/retrieverBuyer.app/QBImagePicker.bundle/nb.lproj/QBImagePicker.strings
/var/folders/qq/kn3mb_ls71z640nps5cfm5yw0000gn/T/XcodeDistPipeline.~~~TYVn0t/Root/Payload/retrieverBuyer.app/QBImagePicker.bundle/pl.lproj
/var/folders/qq/kn3mb_ls71z640nps5cfm5yw0000gn/T/XcodeDistPipeline.~~~TYVn0t/Root/Payload/retrieverBuyer.app/QBImagePicker.bundle/pl.lproj/QBImagePicker.strings
/var/folders/qq/kn3mb_ls71z640nps5cfm5yw0000gn/T/XcodeDistPipeline.~~~TYVn0t/Root/Payload/retrieverBuyer.app/QBImagePicker.bundle/pt.lproj
/var/folders/qq/kn3mb_ls71z640nps5cfm5yw0000gn/T/XcodeDistPipeline.~~~TYVn0t/Root/Payload/retrieverBuyer.app/QBImagePicker.bundle/pt.lproj/QBImagePicker.strings
/var/folders/qq/kn3mb_ls71z640nps5cfm5yw0000gn/T/XcodeDistPipeline.~~~TYVn0t/Root/Payload/retrieverBuyer.app/QBImagePicker.bundle/ro.lproj
/var/folders/qq/kn3mb_ls71z640nps5cfm5yw0000gn/T/XcodeDistPipeline.~~~TYVn0t/Root/Payload/retrieverBuyer.app/QBImagePicker.bundle/ro.lproj/QBImagePicker.strings
/var/folders/qq/kn3mb_ls71z640nps5cfm5yw0000gn/T/XcodeDistPipeline.~~~TYVn0t/Root/Payload/retrieverBuyer.app/QBImagePicker.bundle/ru.lproj
/var/folders/qq/kn3mb_ls71z640nps5cfm5yw0000gn/T/XcodeDistPipeline.~~~TYVn0t/Root/Payload/retrieverBuyer.app/QBImagePicker.bundle/ru.lproj/QBImagePicker.strings
/var/folders/qq/kn3mb_ls71z640nps5cfm5yw0000gn/T/XcodeDistPipeline.~~~TYVn0t/Root/Payload/retrieverBuyer.app/QBImagePicker.bundle/sv.lproj
/var/folders/qq/kn3mb_ls71z640nps5cfm5yw0000gn/T/XcodeDistPipeline.~~~TYVn0t/Root/Payload/retrieverBuyer.app/QBImagePicker.bundle/sv.lproj/QBImagePicker.strings
/var/folders/qq/kn3mb_ls71z640nps5cfm5yw0000gn/T/XcodeDistPipeline.~~~TYVn0t/Root/Payload/retrieverBuyer.app/QBImagePicker.bundle/tr.lproj
/var/folders/qq/kn3mb_ls71z640nps5cfm5yw0000gn/T/XcodeDistPipeline.~~~TYVn0t/Root/Payload/retrieverBuyer.app/QBImagePicker.bundle/tr.lproj/QBImagePicker.strings
/var/folders/qq/kn3mb_ls71z640nps5cfm5yw0000gn/T/XcodeDistPipeline.~~~TYVn0t/Root/Payload/retrieverBuyer.app/QBImagePicker.bundle/uk.lproj
/var/folders/qq/kn3mb_ls71z640nps5cfm5yw0000gn/T/XcodeDistPipeline.~~~TYVn0t/Root/Payload/retrieverBuyer.app/QBImagePicker.bundle/uk.lproj/QBImagePicker.strings
/var/folders/qq/kn3mb_ls71z640nps5cfm5yw0000gn/T/XcodeDistPipeline.~~~TYVn0t/Root/Payload/retrieverBuyer.app/QBImagePicker.bundle/vi.lproj
/var/folders/qq/kn3mb_ls71z640nps5cfm5yw0000gn/T/XcodeDistPipeline.~~~TYVn0t/Root/Payload/retrieverBuyer.app/QBImagePicker.bundle/vi.lproj/QBImagePicker.strings
/var/folders/qq/kn3mb_ls71z640nps5cfm5yw0000gn/T/XcodeDistPipeline.~~~TYVn0t/Root/Payload/retrieverBuyer.app/QBImagePicker.bundle/zh-Hans.lproj
/var/folders/qq/kn3mb_ls71z640nps5cfm5yw0000gn/T/XcodeDistPipeline.~~~TYVn0t/Root/Payload/retrieverBuyer.app/QBImagePicker.bundle/zh-Hans.lproj/QBImagePicker.strings
/var/folders/qq/kn3mb_ls71z640nps5cfm5yw0000gn/T/XcodeDistPipeline.~~~TYVn0t/Root/Payload/retrieverBuyer.app/QBImagePicker.bundle/zh-Hant.lproj
/var/folders/qq/kn3mb_ls71z640nps5cfm5yw0000gn/T/XcodeDistPipeline.~~~TYVn0t/Root/Payload/retrieverBuyer.app/QBImagePicker.bundle/zh-Hant.lproj/QBImagePicker.strings
/var/folders/qq/kn3mb_ls71z640nps5cfm5yw0000gn/T/XcodeDistPipeline.~~~TYVn0t/Root/Payload/retrieverBuyer.app/SimpleLineIcons.ttf
/var/folders/qq/kn3mb_ls71z640nps5cfm5yw0000gn/T/XcodeDistPipeline.~~~TYVn0t/Root/Payload/retrieverBuyer.app/TOCropViewControllerBundle.bundle
/var/folders/qq/kn3mb_ls71z640nps5cfm5yw0000gn/T/XcodeDistPipeline.~~~TYVn0t/Root/Payload/retrieverBuyer.app/TOCropViewControllerBundle.bundle/Base.lproj
/var/folders/qq/kn3mb_ls71z640nps5cfm5yw0000gn/
2023-02-11 02:20:26 +0000  T/XcodeDistPipeline.~~~TYVn0t/Root/Payload/retrieverBuyer.app/TOCropViewControllerBundle.bundle/Base.lproj/TOCropViewControllerLocalizable.strings
/var/folders/qq/kn3mb_ls71z640nps5cfm5yw0000gn/T/XcodeDistPipeline.~~~TYVn0t/Root/Payload/retrieverBuyer.app/TOCropViewControllerBundle.bundle/Info.plist
/var/folders/qq/kn3mb_ls71z640nps5cfm5yw0000gn/T/XcodeDistPipeline.~~~TYVn0t/Root/Payload/retrieverBuyer.app/TOCropViewControllerBundle.bundle/ar.lproj
/var/folders/qq/kn3mb_ls71z640nps5cfm5yw0000gn/T/XcodeDistPipeline.~~~TYVn0t/Root/Payload/retrieverBuyer.app/TOCropViewControllerBundle.bundle/ar.lproj/TOCropViewControllerLocalizable.strings
/var/folders/qq/kn3mb_ls71z640nps5cfm5yw0000gn/T/XcodeDistPipeline.~~~TYVn0t/Root/Payload/retrieverBuyer.app/TOCropViewControllerBundle.bundle/ca.lproj
/var/folders/qq/kn3mb_ls71z640nps5cfm5yw0000gn/T/XcodeDistPipeline.~~~TYVn0t/Root/Payload/retrieverBuyer.app/TOCropViewControllerBundle.bundle/ca.lproj/TOCropViewControllerLocalizable.strings
/var/folders/qq/kn3mb_ls71z640nps5cfm5yw0000gn/T/XcodeDistPipeline.~~~TYVn0t/Root/Payload/retrieverBuyer.app/TOCropViewControllerBundle.bundle/cs.lproj
/var/folders/qq/kn3mb_ls71z640nps5cfm5yw0000gn/T/XcodeDistPipeline.~~~TYVn0t/Root/Payload/retrieverBuyer.app/TOCropViewControllerBundle.bundle/cs.lproj/TOCropViewControllerLocalizable.strings
/var/folders/qq/kn3mb_ls71z640nps5cfm5yw0000gn/T/XcodeDistPipeline.~~~TYVn0t/Root/Payload/retrieverBuyer.app/TOCropViewControllerBundle.bundle/da-DK.lproj
/var/folders/qq/kn3mb_ls71z640nps5cfm5yw0000gn/T/XcodeDistPipeline.~~~TYVn0t/Root/Payload/retrieverBuyer.app/TOCropViewControllerBundle.bundle/da-DK.lproj/TOCropViewControllerLocalizable.strings
/var/folders/qq/kn3mb_ls71z640nps5cfm5yw0000gn/T/XcodeDistPipeline.~~~TYVn0t/Root/Payload/retrieverBuyer.app/TOCropViewControllerBundle.bundle/de.lproj
/var/folders/qq/kn3mb_ls71z640nps5cfm5yw0000gn/T/XcodeDistPipeline.~~~TYVn0t/Root/Payload/retrieverBuyer.app/TOCropViewControllerBundle.bundle/de.lproj/TOCropViewControllerLocalizable.strings
/var/folders/qq/kn3mb_ls71z640nps5cfm5yw0000gn/T/XcodeDistPipeline.~~~TYVn0t/Root/Payload/retrieverBuyer.app/TOCropViewControllerBundle.bundle/en.lproj
/var/folders/qq/kn3mb_ls71z640nps5cfm5yw0000gn/T/XcodeDistPipeline.~~~TYVn0t/Root/Payload/retrieverBuyer.app/TOCropViewControllerBundle.bundle/en.lproj/TOCropViewControllerLocalizable.strings
/var/folders/qq/kn3mb_ls71z640nps5cfm5yw0000gn/T/XcodeDistPipeline.~~~TYVn0t/Root/Payload/retrieverBuyer.app/TOCropViewControllerBundle.bundle/es.lproj
/var/folders/qq/kn3mb_ls71z640nps5cfm5yw0000gn/T/XcodeDistPipeline.~~~TYVn0t/Root/Payload/retrieverBuyer.app/TOCropViewControllerBundle.bundle/es.lproj/TOCropViewControllerLocalizable.strings
/var/folders/qq/kn3mb_ls71z640nps5cfm5yw0000gn/T/XcodeDistPipeline.~~~TYVn0t/Root/Payload/retrieverBuyer.app/TOCropViewControllerBundle.bundle/fa-IR.lproj
/var/folders/qq/kn3mb_ls71z640nps5cfm5yw0000gn/T/XcodeDistPipeline.~~~TYVn0t/Root/Payload/retrieverBuyer.app/TOCropViewControllerBundle.bundle/fa-IR.lproj/TOCropViewControllerLocalizable.strings
/var/folders/qq/kn3mb_ls71z640nps5cfm5yw0000gn/T/XcodeDistPipeline.~~~TYVn0t/Root/Payload/retrieverBuyer.app/TOCropViewControllerBundle.bundle/fa.lproj
/var/folders/qq/kn3mb_ls71z640nps5cfm5yw0000gn/T/XcodeDistPipeline.~~~TYVn0t/Root/Payload/retrieverBuyer.app/TOCropViewControllerBundle.bundle/fa.lproj/TOCropViewControllerLocalizable.strings
/var/folders/qq/kn3mb_ls71z640nps5cfm5yw0000gn/T/XcodeDistPipeline.~~~TYVn0t/Root/Payload/retrieverBuyer.app/TOCropViewControllerBundle.bundle/fi.lproj
/var/folders/qq/kn3mb_ls71z640nps5cfm5yw0000gn/T/XcodeDistPipeline.~~~TYVn0t/Root/Payload/retrieverBuyer.app/TOCropViewControllerBundle.bundle/fi.lproj/TOCropViewControllerLocalizable.strings
/var/folders/qq/kn3mb_ls71z640nps5cfm5yw0000gn/T/XcodeDistPipeline.~~~TYVn0t/Root/Payload/retrieverBuyer.app/TOCropViewControllerBundle.bundle/fr.lproj
/var/folders/qq/kn3mb_ls71z640nps5cfm5yw0000gn/T/XcodeDistPipeline.~~~TYVn0t/Root/Payload/retrieverBuyer.app/TOCropViewControllerBundle.bundle/fr.lproj/TOCropViewControllerLocalizable.strings
2023-02-11 02:20:26 +0000  
/var/folders/qq/kn3mb_ls71z640nps5cfm5yw0000gn/T/XcodeDistPipeline.~~~TYVn0t/Root/Payload/retrieverBuyer.app/TOCropViewControllerBundle.bundle/hu.lproj
/var/folders/qq/kn3mb_ls71z640nps5cfm5yw0000gn/T/XcodeDistPipeline.~~~TYVn0t/Root/Payload/retrieverBuyer.app/TOCropViewControllerBundle.bundle/hu.lproj/TOCropViewControllerLocalizable.strings
/var/folders/qq/kn3mb_ls71z640nps5cfm5yw0000gn/T/XcodeDistPipeline.~~~TYVn0t/Root/Payload/retrieverBuyer.app/TOCropViewControllerBundle.bundle/id.lproj
/var/folders/qq/kn3mb_ls71z640nps5cfm5yw0000gn/T/XcodeDistPipeline.~~~TYVn0t/Root/Payload/retrieverBuyer.app/TOCropViewControllerBundle.bundle/id.lproj/TOCropViewControllerLocalizable.strings
/var/folders/qq/kn3mb_ls71z640nps5cfm5yw0000gn/T/XcodeDistPipeline.~~~TYVn0t/Root/Payload/retrieverBuyer.app/TOCropViewControllerBundle.bundle/it.lproj
/var/folders/qq/kn3mb_ls71z640nps5cfm5yw0000gn/T/XcodeDistPipeline.~~~TYVn0t/Root/Payload/retrieverBuyer.app/TOCropViewControllerBundle.bundle/it.lproj/TOCropViewControllerLocalizable.strings
/var/folders/qq/kn3mb_ls71z640nps5cfm5yw0000gn/T/XcodeDistPipeline.~~~TYVn0t/Root/Payload/retrieverBuyer.app/TOCropViewControllerBundle.bundle/ja.lproj
/var/folders/qq/kn3mb_ls71z640nps5cfm5yw0000gn/T/XcodeDistPipeline.~~~TYVn0t/Root/Payload/retrieverBuyer.app/TOCropViewControllerBundle.bundle/ja.lproj/TOCropViewControllerLocalizable.strings
/var/folders/qq/kn3mb_ls71z640nps5cfm5yw0000gn/T/XcodeDistPipeline.~~~TYVn0t/Root/Payload/retrieverBuyer.app/TOCropViewControllerBundle.bundle/ko.lproj
/var/folders/qq/kn3mb_ls71z640nps5cfm5yw0000gn/T/XcodeDistPipeline.~~~TYVn0t/Root/Payload/retrieverBuyer.app/TOCropViewControllerBundle.bundle/ko.lproj/TOCropViewControllerLocalizable.strings
/var/folders/qq/kn3mb_ls71z640nps5cfm5yw0000gn/T/XcodeDistPipeline.~~~TYVn0t/Root/Payload/retrieverBuyer.app/TOCropViewControllerBundle.bundle/ms.lproj
/var/folders/qq/kn3mb_ls71z640nps5cfm5yw0000gn/T/XcodeDistPipeline.~~~TYVn0t/Root/Payload/retrieverBuyer.app/TOCropViewControllerBundle.bundle/ms.lproj/TOCropViewControllerLocalizable.strings
/var/folders/qq/kn3mb_ls71z640nps5cfm5yw0000gn/T/XcodeDistPipeline.~~~TYVn0t/Root/Payload/retrieverBuyer.app/TOCropViewControllerBundle.bundle/nl.lproj
/var/folders/qq/kn3mb_ls71z640nps5cfm5yw0000gn/T/XcodeDistPipeline.~~~TYVn0t/Root/Payload/retrieverBuyer.app/TOCropViewControllerBundle.bundle/nl.lproj/TOCropViewControllerLocalizable.strings
/var/folders/qq/kn3mb_ls71z640nps5cfm5yw0000gn/T/XcodeDistPipeline.~~~TYVn0t/Root/Payload/retrieverBuyer.app/TOCropViewControllerBundle.bundle/pl.lproj
/var/folders/qq/kn3mb_ls71z640nps5cfm5yw0000gn/T/XcodeDistPipeline.~~~TYVn0t/Root/Payload/retrieverBuyer.app/TOCropViewControllerBundle.bundle/pl.lproj/TOCropViewControllerLocalizable.strings
/var/folders/qq/kn3mb_ls71z640nps5cfm5yw0000gn/T/XcodeDistPipeline.~~~TYVn0t/Root/Payload/retrieverBuyer.app/TOCropViewControllerBundle.bundle/pt-BR.lproj
/var/folders/qq/kn3mb_ls71z640nps5cfm5yw0000gn/T/XcodeDistPipeline.~~~TYVn0t/Root/Payload/retrieverBuyer.app/TOCropViewControllerBundle.bundle/pt-BR.lproj/TOCropViewControllerLocalizable.strings
/var/folders/qq/kn3mb_ls71z640nps5cfm5yw0000gn/T/XcodeDistPipeline.~~~TYVn0t/Root/Payload/retrieverBuyer.app/TOCropViewControllerBundle.bundle/pt.lproj
/var/folders/qq/kn3mb_ls71z640nps5cfm5yw0000gn/T/XcodeDistPipeline.~~~TYVn0t/Root/Payload/retrieverBuyer.app/TOCropViewControllerBundle.bundle/pt.lproj/TOCropViewControllerLocalizable.strings
/var/folders/qq/kn3mb_ls71z640nps5cfm5yw0000gn/T/XcodeDistPipeline.~~~TYVn0t/Root/Payload/retrieverBuyer.app/TOCropViewControllerBundle.bundle/ro.lproj
/var/folders/qq/kn3mb_ls71z640nps5cfm5yw0000gn/T/XcodeDistPipeline.~~~TYVn0t/Root/Payload/retrieverBuyer.app/TOCropViewControllerBundle.bundle/ro.lproj/TOCropViewControllerLocalizable.strings
/var/folders/qq/kn3mb_ls71z640nps5cfm5yw0000gn/T/XcodeDistPipeline.~~~TYVn0t/Root/Payload/retrieverBuyer.app/TOCropViewControllerBundle.bundle/ru.lproj
/var/folders/qq/kn3mb_ls71z640nps5cfm5yw0000gn/T/XcodeDistPipeline.~~~TYVn0t/Root/Payload/retrieverBuyer.app/TOCropViewControllerBundle.bundle/ru.lproj/T
2023-02-11 02:20:26 +0000  OCropViewControllerLocalizable.strings
/var/folders/qq/kn3mb_ls71z640nps5cfm5yw0000gn/T/XcodeDistPipeline.~~~TYVn0t/Root/Payload/retrieverBuyer.app/TOCropViewControllerBundle.bundle/sk.lproj
/var/folders/qq/kn3mb_ls71z640nps5cfm5yw0000gn/T/XcodeDistPipeline.~~~TYVn0t/Root/Payload/retrieverBuyer.app/TOCropViewControllerBundle.bundle/sk.lproj/TOCropViewControllerLocalizable.strings
/var/folders/qq/kn3mb_ls71z640nps5cfm5yw0000gn/T/XcodeDistPipeline.~~~TYVn0t/Root/Payload/retrieverBuyer.app/TOCropViewControllerBundle.bundle/tr.lproj
/var/folders/qq/kn3mb_ls71z640nps5cfm5yw0000gn/T/XcodeDistPipeline.~~~TYVn0t/Root/Payload/retrieverBuyer.app/TOCropViewControllerBundle.bundle/tr.lproj/TOCropViewControllerLocalizable.strings
/var/folders/qq/kn3mb_ls71z640nps5cfm5yw0000gn/T/XcodeDistPipeline.~~~TYVn0t/Root/Payload/retrieverBuyer.app/TOCropViewControllerBundle.bundle/vi.lproj
/var/folders/qq/kn3mb_ls71z640nps5cfm5yw0000gn/T/XcodeDistPipeline.~~~TYVn0t/Root/Payload/retrieverBuyer.app/TOCropViewControllerBundle.bundle/vi.lproj/TOCropViewControllerLocalizable.strings
/var/folders/qq/kn3mb_ls71z640nps5cfm5yw0000gn/T/XcodeDistPipeline.~~~TYVn0t/Root/Payload/retrieverBuyer.app/TOCropViewControllerBundle.bundle/zh-Hans.lproj
/var/folders/qq/kn3mb_ls71z640nps5cfm5yw0000gn/T/XcodeDistPipeline.~~~TYVn0t/Root/Payload/retrieverBuyer.app/TOCropViewControllerBundle.bundle/zh-Hans.lproj/TOCropViewControllerLocalizable.strings
/var/folders/qq/kn3mb_ls71z640nps5cfm5yw0000gn/T/XcodeDistPipeline.~~~TYVn0t/Root/Payload/retrieverBuyer.app/TOCropViewControllerBundle.bundle/zh-Hant.lproj
/var/folders/qq/kn3mb_ls71z640nps5cfm5yw0000gn/T/XcodeDistPipeline.~~~TYVn0t/Root/Payload/retrieverBuyer.app/TOCropViewControllerBundle.bundle/zh-Hant.lproj/TOCropViewControllerLocalizable.strings
/var/folders/qq/kn3mb_ls71z640nps5cfm5yw0000gn/T/XcodeDistPipeline.~~~TYVn0t/Root/Payload/retrieverBuyer.app/Zocial.ttf
/var/folders/qq/kn3mb_ls71z640nps5cfm5yw0000gn/T/XcodeDistPipeline.~~~TYVn0t/Root/Payload/retrieverBuyer.app/_CodeSignature
/var/folders/qq/kn3mb_ls71z640nps5cfm5yw0000gn/T/XcodeDistPipeline.~~~TYVn0t/Root/Payload/retrieverBuyer.app/_CodeSignature/CodeResources
/var/folders/qq/kn3mb_ls71z640nps5cfm5yw0000gn/T/XcodeDistPipeline.~~~TYVn0t/Root/Payload/retrieverBuyer.app/assets
/var/folders/qq/kn3mb_ls71z640nps5cfm5yw0000gn/T/XcodeDistPipeline.~~~TYVn0t/Root/Payload/retrieverBuyer.app/assets/app
/var/folders/qq/kn3mb_ls71z640nps5cfm5yw0000gn/T/XcodeDistPipeline.~~~TYVn0t/Root/Payload/retrieverBuyer.app/assets/app/assets
/var/folders/qq/kn3mb_ls71z640nps5cfm5yw0000gn/T/XcodeDistPipeline.~~~TYVn0t/Root/Payload/retrieverBuyer.app/assets/app/assets/icons
/var/folders/qq/kn3mb_ls71z640nps5cfm5yw0000gn/T/XcodeDistPipeline.~~~TYVn0t/Root/Payload/retrieverBuyer.app/assets/app/assets/icons/card.png
/var/folders/qq/kn3mb_ls71z640nps5cfm5yw0000gn/T/XcodeDistPipeline.~~~TYVn0t/Root/Payload/retrieverBuyer.app/assets/app/assets/icons/cart1.png
/var/folders/qq/kn3mb_ls71z640nps5cfm5yw0000gn/T/XcodeDistPipeline.~~~TYVn0t/Root/Payload/retrieverBuyer.app/assets/app/assets/icons/cart2.png
/var/folders/qq/kn3mb_ls71z640nps5cfm5yw0000gn/T/XcodeDistPipeline.~~~TYVn0t/Root/Payload/retrieverBuyer.app/assets/app/assets/icons/check-circle-background.png
/var/folders/qq/kn3mb_ls71z640nps5cfm5yw0000gn/T/XcodeDistPipeline.~~~TYVn0t/Root/Payload/retrieverBuyer.app/assets/app/assets/icons/check-circle.png
/var/folders/qq/kn3mb_ls71z640nps5cfm5yw0000gn/T/XcodeDistPipeline.~~~TYVn0t/Root/Payload/retrieverBuyer.app/assets/app/assets/icons/copy.png
/var/folders/qq/kn3mb_ls71z640nps5cfm5yw0000gn/T/XcodeDistPipeline.~~~TYVn0t/Root/Payload/retrieverBuyer.app/assets/app/assets/icons/distance.png
/var/folders/qq/kn3mb_ls71z640nps5cfm5yw0000gn/T/XcodeDistPipeline.~~~TYVn0t/Root/Payload/retrieverBuyer.app/assets/app/assets/icons/distance1.png
/var/folders/qq/kn3mb_ls71z640nps5cfm5yw0000gn/T/XcodeDistPipeline.~~~TYVn0t/Root/Payload/retrieverBuyer.app/assets/app/assets/icons/editicon.png
/var/folders/qq/kn3mb_ls71z640nps5cfm5yw0000gn/T/XcodeDistPipeline.~~~TYVn0t/Root/Payload/retrieverBuyer.app/assets/app
2023-02-11 02:20:26 +0000  /assets/icons/info.png
/var/folders/qq/kn3mb_ls71z640nps5cfm5yw0000gn/T/XcodeDistPipeline.~~~TYVn0t/Root/Payload/retrieverBuyer.app/assets/app/assets/icons/info1.png
/var/folders/qq/kn3mb_ls71z640nps5cfm5yw0000gn/T/XcodeDistPipeline.~~~TYVn0t/Root/Payload/retrieverBuyer.app/assets/app/assets/icons/lock.png
/var/folders/qq/kn3mb_ls71z640nps5cfm5yw0000gn/T/XcodeDistPipeline.~~~TYVn0t/Root/Payload/retrieverBuyer.app/assets/app/assets/icons/map-marker.png
/var/folders/qq/kn3mb_ls71z640nps5cfm5yw0000gn/T/XcodeDistPipeline.~~~TYVn0t/Root/Payload/retrieverBuyer.app/assets/app/assets/icons/note.png
/var/folders/qq/kn3mb_ls71z640nps5cfm5yw0000gn/T/XcodeDistPipeline.~~~TYVn0t/Root/Payload/retrieverBuyer.app/assets/app/assets/icons/payment
/var/folders/qq/kn3mb_ls71z640nps5cfm5yw0000gn/T/XcodeDistPipeline.~~~TYVn0t/Root/Payload/retrieverBuyer.app/assets/app/assets/icons/payment/gcash.png
/var/folders/qq/kn3mb_ls71z640nps5cfm5yw0000gn/T/XcodeDistPipeline.~~~TYVn0t/Root/Payload/retrieverBuyer.app/assets/app/assets/icons/payment/money.png
/var/folders/qq/kn3mb_ls71z640nps5cfm5yw0000gn/T/XcodeDistPipeline.~~~TYVn0t/Root/Payload/retrieverBuyer.app/assets/app/assets/icons/payment/retrieverwallet.png
/var/folders/qq/kn3mb_ls71z640nps5cfm5yw0000gn/T/XcodeDistPipeline.~~~TYVn0t/Root/Payload/retrieverBuyer.app/assets/app/assets/icons/promo.png
/var/folders/qq/kn3mb_ls71z640nps5cfm5yw0000gn/T/XcodeDistPipeline.~~~TYVn0t/Root/Payload/retrieverBuyer.app/assets/app/assets/icons/promo1.png
/var/folders/qq/kn3mb_ls71z640nps5cfm5yw0000gn/T/XcodeDistPipeline.~~~TYVn0t/Root/Payload/retrieverBuyer.app/assets/app/assets/icons/rating.png
/var/folders/qq/kn3mb_ls71z640nps5cfm5yw0000gn/T/XcodeDistPipeline.~~~TYVn0t/Root/Payload/retrieverBuyer.app/assets/app/assets/icons/searchfilter
/var/folders/qq/kn3mb_ls71z640nps5cfm5yw0000gn/T/XcodeDistPipeline.~~~TYVn0t/Root/Payload/retrieverBuyer.app/assets/app/assets/icons/searchfilter/asian.png
/var/folders/qq/kn3mb_ls71z640nps5cfm5yw0000gn/T/XcodeDistPipeline.~~~TYVn0t/Root/Payload/retrieverBuyer.app/assets/app/assets/icons/searchfilter/brunch.png
/var/folders/qq/kn3mb_ls71z640nps5cfm5yw0000gn/T/XcodeDistPipeline.~~~TYVn0t/Root/Payload/retrieverBuyer.app/assets/app/assets/icons/searchfilter/burger.png
/var/folders/qq/kn3mb_ls71z640nps5cfm5yw0000gn/T/XcodeDistPipeline.~~~TYVn0t/Root/Payload/retrieverBuyer.app/assets/app/assets/icons/searchfilter/cake.png
/var/folders/qq/kn3mb_ls71z640nps5cfm5yw0000gn/T/XcodeDistPipeline.~~~TYVn0t/Root/Payload/retrieverBuyer.app/assets/app/assets/icons/searchfilter/clock.png
/var/folders/qq/kn3mb_ls71z640nps5cfm5yw0000gn/T/XcodeDistPipeline.~~~TYVn0t/Root/Payload/retrieverBuyer.app/assets/app/assets/icons/searchfilter/coffee.png
/var/folders/qq/kn3mb_ls71z640nps5cfm5yw0000gn/T/XcodeDistPipeline.~~~TYVn0t/Root/Payload/retrieverBuyer.app/assets/app/assets/icons/searchfilter/tag.png
/var/folders/qq/kn3mb_ls71z640nps5cfm5yw0000gn/T/XcodeDistPipeline.~~~TYVn0t/Root/Payload/retrieverBuyer.app/assets/app/assets/icons/send.png
/var/folders/qq/kn3mb_ls71z640nps5cfm5yw0000gn/T/XcodeDistPipeline.~~~TYVn0t/Root/Payload/retrieverBuyer.app/assets/app/assets/icons/sort.png
/var/folders/qq/kn3mb_ls71z640nps5cfm5yw0000gn/T/XcodeDistPipeline.~~~TYVn0t/Root/Payload/retrieverBuyer.app/assets/app/assets/icons/star.png
/var/folders/qq/kn3mb_ls71z640nps5cfm5yw0000gn/T/XcodeDistPipeline.~~~TYVn0t/Root/Payload/retrieverBuyer.app/assets/app/assets/icons/success.png
/var/folders/qq/kn3mb_ls71z640nps5cfm5yw0000gn/T/XcodeDistPipeline.~~~TYVn0t/Root/Payload/retrieverBuyer.app/assets/app/assets/icons/time.png
/var/folders/qq/kn3mb_ls71z640nps5cfm5yw0000gn/T/XcodeDistPipeline.~~~TYVn0t/Root/Payload/retrieverBuyer.app/assets/app/assets/icons/track1.png
/var/folders/qq/kn3mb_ls71z640nps5cfm5yw0000gn/T/XcodeDistPipeline.~~~TYVn0t/Root/Payload/retrieverBuyer.app/assets/app/assets/icons/user.png
/var/folders/qq/kn3mb_ls71z640nps5cfm5yw0000gn/T/XcodeDistPipeline.~~~TYVn0t/Root/Payload/retrieverBuyer.app/assets/app/assets/icons/wallet1.png
/var/folders/qq/kn3mb_ls71z640nps5cfm5yw0000gn/T/XcodeDistPipeline.~~~TYVn0t/Root
2023-02-11 02:20:26 +0000  /Payload/retrieverBuyer.app/assets/app/assets/icons/wallet2.png
/var/folders/qq/kn3mb_ls71z640nps5cfm5yw0000gn/T/XcodeDistPipeline.~~~TYVn0t/Root/Payload/retrieverBuyer.app/assets/app/assets/images
/var/folders/qq/kn3mb_ls71z640nps5cfm5yw0000gn/T/XcodeDistPipeline.~~~TYVn0t/Root/Payload/retrieverBuyer.app/assets/app/assets/images/about_us
/var/folders/qq/kn3mb_ls71z640nps5cfm5yw0000gn/T/XcodeDistPipeline.~~~TYVn0t/Root/Payload/retrieverBuyer.app/assets/app/assets/images/about_us/discord.png
/var/folders/qq/kn3mb_ls71z640nps5cfm5yw0000gn/T/XcodeDistPipeline.~~~TYVn0t/Root/Payload/retrieverBuyer.app/assets/app/assets/images/about_us/feedback.png
/var/folders/qq/kn3mb_ls71z640nps5cfm5yw0000gn/T/XcodeDistPipeline.~~~TYVn0t/Root/Payload/retrieverBuyer.app/assets/app/assets/images/about_us/privacy.png
/var/folders/qq/kn3mb_ls71z640nps5cfm5yw0000gn/T/XcodeDistPipeline.~~~TYVn0t/Root/Payload/retrieverBuyer.app/assets/app/assets/images/about_us/terms.png
/var/folders/qq/kn3mb_ls71z640nps5cfm5yw0000gn/T/XcodeDistPipeline.~~~TYVn0t/Root/Payload/retrieverBuyer.app/assets/app/assets/images/about_us/website.png
/var/folders/qq/kn3mb_ls71z640nps5cfm5yw0000gn/T/XcodeDistPipeline.~~~TYVn0t/Root/Payload/retrieverBuyer.app/assets/app/assets/images/ads
/var/folders/qq/kn3mb_ls71z640nps5cfm5yw0000gn/T/XcodeDistPipeline.~~~TYVn0t/Root/Payload/retrieverBuyer.app/assets/app/assets/images/ads/ads.jpg
/var/folders/qq/kn3mb_ls71z640nps5cfm5yw0000gn/T/XcodeDistPipeline.~~~TYVn0t/Root/Payload/retrieverBuyer.app/assets/app/assets/images/blogs
/var/folders/qq/kn3mb_ls71z640nps5cfm5yw0000gn/T/XcodeDistPipeline.~~~TYVn0t/Root/Payload/retrieverBuyer.app/assets/app/assets/images/blogs/blog.jpg
/var/folders/qq/kn3mb_ls71z640nps5cfm5yw0000gn/T/XcodeDistPipeline.~~~TYVn0t/Root/Payload/retrieverBuyer.app/assets/app/assets/images/buyerbackground.png
/var/folders/qq/kn3mb_ls71z640nps5cfm5yw0000gn/T/XcodeDistPipeline.~~~TYVn0t/Root/Payload/retrieverBuyer.app/assets/app/assets/images/card
/var/folders/qq/kn3mb_ls71z640nps5cfm5yw0000gn/T/XcodeDistPipeline.~~~TYVn0t/Root/Payload/retrieverBuyer.app/assets/app/assets/images/card/cvvinfo.png
/var/folders/qq/kn3mb_ls71z640nps5cfm5yw0000gn/T/XcodeDistPipeline.~~~TYVn0t/Root/Payload/retrieverBuyer.app/assets/app/assets/images/card/expiryinfo.png
/var/folders/qq/kn3mb_ls71z640nps5cfm5yw0000gn/T/XcodeDistPipeline.~~~TYVn0t/Root/Payload/retrieverBuyer.app/assets/app/assets/images/carousel
/var/folders/qq/kn3mb_ls71z640nps5cfm5yw0000gn/T/XcodeDistPipeline.~~~TYVn0t/Root/Payload/retrieverBuyer.app/assets/app/assets/images/carousel/carouselimage.jpg
/var/folders/qq/kn3mb_ls71z640nps5cfm5yw0000gn/T/XcodeDistPipeline.~~~TYVn0t/Root/Payload/retrieverBuyer.app/assets/app/assets/images/food1.png
/var/folders/qq/kn3mb_ls71z640nps5cfm5yw0000gn/T/XcodeDistPipeline.~~~TYVn0t/Root/Payload/retrieverBuyer.app/assets/app/assets/images/loginscreenheader.png
/var/folders/qq/kn3mb_ls71z640nps5cfm5yw0000gn/T/XcodeDistPipeline.~~~TYVn0t/Root/Payload/retrieverBuyer.app/assets/app/assets/images/menus
/var/folders/qq/kn3mb_ls71z640nps5cfm5yw0000gn/T/XcodeDistPipeline.~~~TYVn0t/Root/Payload/retrieverBuyer.app/assets/app/assets/images/menus/menu1.png
/var/folders/qq/kn3mb_ls71z640nps5cfm5yw0000gn/T/XcodeDistPipeline.~~~TYVn0t/Root/Payload/retrieverBuyer.app/assets/app/assets/images/menus/menu2.png
/var/folders/qq/kn3mb_ls71z640nps5cfm5yw0000gn/T/XcodeDistPipeline.~~~TYVn0t/Root/Payload/retrieverBuyer.app/assets/app/assets/images/menus/menu3.png
/var/folders/qq/kn3mb_ls71z640nps5cfm5yw0000gn/T/XcodeDistPipeline.~~~TYVn0t/Root/Payload/retrieverBuyer.app/assets/app/assets/images/menus/menu4.png
/var/folders/qq/kn3mb_ls71z640nps5cfm5yw0000gn/T/XcodeDistPipeline.~~~TYVn0t/Root/Payload/retrieverBuyer.app/assets/app/assets/images/menus/menu5.png
/var/folders/qq/kn3mb_ls71z640nps5cfm5yw0000gn/T/XcodeDistPipeline.~~~TYVn0t/Root/Payload/retrieverBuyer.app/assets/app/assets/images/menus/menu6.png
/var/folders/qq/kn3mb_ls71z640nps5cfm5yw0000gn/T/XcodeDistPipeline.~~~TYVn0t/Root/Payload/retrieverBuyer.app/assets/app/assets/images/navigations
/var/folders/qq/kn3m
2023-02-11 02:20:26 +0000  b_ls71z640nps5cfm5yw0000gn/T/XcodeDistPipeline.~~~TYVn0t/Root/Payload/retrieverBuyer.app/assets/app/assets/images/navigations/arrowright.png
/var/folders/qq/kn3mb_ls71z640nps5cfm5yw0000gn/T/XcodeDistPipeline.~~~TYVn0t/Root/Payload/retrieverBuyer.app/assets/app/assets/images/navigations/cog.png
/var/folders/qq/kn3mb_ls71z640nps5cfm5yw0000gn/T/XcodeDistPipeline.~~~TYVn0t/Root/Payload/retrieverBuyer.app/assets/app/assets/images/navigations/history.png
/var/folders/qq/kn3mb_ls71z640nps5cfm5yw0000gn/T/XcodeDistPipeline.~~~TYVn0t/Root/Payload/retrieverBuyer.app/assets/app/assets/images/navigations/profile.png
/var/folders/qq/kn3mb_ls71z640nps5cfm5yw0000gn/T/XcodeDistPipeline.~~~TYVn0t/Root/Payload/retrieverBuyer.app/assets/app/assets/images/navigations/question.png
/var/folders/qq/kn3mb_ls71z640nps5cfm5yw0000gn/T/XcodeDistPipeline.~~~TYVn0t/Root/Payload/retrieverBuyer.app/assets/app/assets/images/navigations/wallet.png
/var/folders/qq/kn3mb_ls71z640nps5cfm5yw0000gn/T/XcodeDistPipeline.~~~TYVn0t/Root/Payload/retrieverBuyer.app/assets/app/assets/images/navigations/wavehand.png
/var/folders/qq/kn3mb_ls71z640nps5cfm5yw0000gn/T/XcodeDistPipeline.~~~TYVn0t/Root/Payload/retrieverBuyer.app/assets/app/assets/images/promo
/var/folders/qq/kn3mb_ls71z640nps5cfm5yw0000gn/T/XcodeDistPipeline.~~~TYVn0t/Root/Payload/retrieverBuyer.app/assets/app/assets/images/promo/promo1.png
/var/folders/qq/kn3mb_ls71z640nps5cfm5yw0000gn/T/XcodeDistPipeline.~~~TYVn0t/Root/Payload/retrieverBuyer.app/assets/app/assets/images/promo/promo2.png
/var/folders/qq/kn3mb_ls71z640nps5cfm5yw0000gn/T/XcodeDistPipeline.~~~TYVn0t/Root/Payload/retrieverBuyer.app/assets/app/assets/images/receiptbackground.png
/var/folders/qq/kn3mb_ls71z640nps5cfm5yw0000gn/T/XcodeDistPipeline.~~~TYVn0t/Root/Payload/retrieverBuyer.app/assets/app/assets/images/retriever_logo
/var/folders/qq/kn3mb_ls71z640nps5cfm5yw0000gn/T/XcodeDistPipeline.~~~TYVn0t/Root/Payload/retrieverBuyer.app/assets/app/assets/images/retriever_logo/logo.png
/var/folders/qq/kn3mb_ls71z640nps5cfm5yw0000gn/T/XcodeDistPipeline.~~~TYVn0t/Root/Payload/retrieverBuyer.app/assets/app/assets/images/services
/var/folders/qq/kn3mb_ls71z640nps5cfm5yw0000gn/T/XcodeDistPipeline.~~~TYVn0t/Root/Payload/retrieverBuyer.app/assets/app/assets/images/services/errands.png
/var/folders/qq/kn3mb_ls71z640nps5cfm5yw0000gn/T/XcodeDistPipeline.~~~TYVn0t/Root/Payload/retrieverBuyer.app/assets/app/assets/images/services/food.png
/var/folders/qq/kn3mb_ls71z640nps5cfm5yw0000gn/T/XcodeDistPipeline.~~~TYVn0t/Root/Payload/retrieverBuyer.app/assets/app/assets/images/services/tools.png
/var/folders/qq/kn3mb_ls71z640nps5cfm5yw0000gn/T/XcodeDistPipeline.~~~TYVn0t/Root/Payload/retrieverBuyer.app/assets/app/assets/images/stores
/var/folders/qq/kn3mb_ls71z640nps5cfm5yw0000gn/T/XcodeDistPipeline.~~~TYVn0t/Root/Payload/retrieverBuyer.app/assets/app/assets/images/stores/coffee.jpg
/var/folders/qq/kn3mb_ls71z640nps5cfm5yw0000gn/T/XcodeDistPipeline.~~~TYVn0t/Root/Payload/retrieverBuyer.app/assets/app/assets/images/stores/hayashi.jpg
/var/folders/qq/kn3mb_ls71z640nps5cfm5yw0000gn/T/XcodeDistPipeline.~~~TYVn0t/Root/Payload/retrieverBuyer.app/assets/app/assets/images/stores/leylam.jpg
/var/folders/qq/kn3mb_ls71z640nps5cfm5yw0000gn/T/XcodeDistPipeline.~~~TYVn0t/Root/Payload/retrieverBuyer.app/assets/app/assets/images/stores/manokan.jpg
/var/folders/qq/kn3mb_ls71z640nps5cfm5yw0000gn/T/XcodeDistPipeline.~~~TYVn0t/Root/Payload/retrieverBuyer.app/assets/app/assets/images/stores/sample.png
/var/folders/qq/kn3mb_ls71z640nps5cfm5yw0000gn/T/XcodeDistPipeline.~~~TYVn0t/Root/Payload/retrieverBuyer.app/assets/app/assets/images/toast
/var/folders/qq/kn3mb_ls71z640nps5cfm5yw0000gn/T/XcodeDistPipeline.~~~TYVn0t/Root/Payload/retrieverBuyer.app/assets/app/assets/images/toast/welcome-toast.png
/var/folders/qq/kn3mb_ls71z640nps5cfm5yw0000gn/T/XcodeDistPipeline.~~~TYVn0t/Root/Payload/retrieverBuyer.app/assets/app/assets/images/treats
/var/folders/qq/kn3mb_ls71z640nps5cfm5yw0000gn/T/XcodeDistPipeline.~~~TYVn0t/Root/Payload/retrieverBuyer.app/assets/app/assets/images/treats/freedelivery.png
/v
2023-02-11 02:20:26 +0000  ar/folders/qq/kn3mb_ls71z640nps5cfm5yw0000gn/T/XcodeDistPipeline.~~~TYVn0t/Root/Payload/retrieverBuyer.app/assets/app/assets/images/treats/moretreats.png
/var/folders/qq/kn3mb_ls71z640nps5cfm5yw0000gn/T/XcodeDistPipeline.~~~TYVn0t/Root/Payload/retrieverBuyer.app/assets/app/assets/images/treats/treatsonsale.png
/var/folders/qq/kn3mb_ls71z640nps5cfm5yw0000gn/T/XcodeDistPipeline.~~~TYVn0t/Root/Payload/retrieverBuyer.app/assets/app/assets/images/users
/var/folders/qq/kn3mb_ls71z640nps5cfm5yw0000gn/T/XcodeDistPipeline.~~~TYVn0t/Root/Payload/retrieverBuyer.app/assets/app/assets/images/users/person.png
/var/folders/qq/kn3mb_ls71z640nps5cfm5yw0000gn/T/XcodeDistPipeline.~~~TYVn0t/Root/Payload/retrieverBuyer.app/assets/node_modules
/var/folders/qq/kn3mb_ls71z640nps5cfm5yw0000gn/T/XcodeDistPipeline.~~~TYVn0t/Root/Payload/retrieverBuyer.app/assets/node_modules/@react-navigation
/var/folders/qq/kn3mb_ls71z640nps5cfm5yw0000gn/T/XcodeDistPipeline.~~~TYVn0t/Root/Payload/retrieverBuyer.app/assets/node_modules/@react-navigation/elements
/var/folders/qq/kn3mb_ls71z640nps5cfm5yw0000gn/T/XcodeDistPipeline.~~~TYVn0t/Root/Payload/retrieverBuyer.app/assets/node_modules/@react-navigation/elements/src
/var/folders/qq/kn3mb_ls71z640nps5cfm5yw0000gn/T/XcodeDistPipeline.~~~TYVn0t/Root/Payload/retrieverBuyer.app/assets/node_modules/@react-navigation/elements/src/assets
/var/folders/qq/kn3mb_ls71z640nps5cfm5yw0000gn/T/XcodeDistPipeline.~~~TYVn0t/Root/Payload/retrieverBuyer.app/assets/node_modules/@react-navigation/elements/src/assets/back-icon-mask.png
/var/folders/qq/kn3mb_ls71z640nps5cfm5yw0000gn/T/XcodeDistPipeline.~~~TYVn0t/Root/Payload/retrieverBuyer.app/assets/node_modules/@react-navigation/elements/src/assets/back-icon.png
/var/folders/qq/kn3mb_ls71z640nps5cfm5yw0000gn/T/XcodeDistPipeline.~~~TYVn0t/Root/Payload/retrieverBuyer.app/assets/node_modules/@react-navigation/elements/src/assets/back-icon@2x.png
/var/folders/qq/kn3mb_ls71z640nps5cfm5yw0000gn/T/XcodeDistPipeline.~~~TYVn0t/Root/Payload/retrieverBuyer.app/assets/node_modules/@react-navigation/elements/src/assets/back-icon@3x.png
/var/folders/qq/kn3mb_ls71z640nps5cfm5yw0000gn/T/XcodeDistPipeline.~~~TYVn0t/Root/Payload/retrieverBuyer.app/assets/node_modules/react-native-element-dropdown
/var/folders/qq/kn3mb_ls71z640nps5cfm5yw0000gn/T/XcodeDistPipeline.~~~TYVn0t/Root/Payload/retrieverBuyer.app/assets/node_modules/react-native-element-dropdown/src
/var/folders/qq/kn3mb_ls71z640nps5cfm5yw0000gn/T/XcodeDistPipeline.~~~TYVn0t/Root/Payload/retrieverBuyer.app/assets/node_modules/react-native-element-dropdown/src/assets
/var/folders/qq/kn3mb_ls71z640nps5cfm5yw0000gn/T/XcodeDistPipeline.~~~TYVn0t/Root/Payload/retrieverBuyer.app/assets/node_modules/react-native-element-dropdown/src/assets/close.png
/var/folders/qq/kn3mb_ls71z640nps5cfm5yw0000gn/T/XcodeDistPipeline.~~~TYVn0t/Root/Payload/retrieverBuyer.app/assets/node_modules/react-native-element-dropdown/src/assets/down.png
/var/folders/qq/kn3mb_ls71z640nps5cfm5yw0000gn/T/XcodeDistPipeline.~~~TYVn0t/Root/Payload/retrieverBuyer.app/assets/node_modules/react-native-google-places-autocomplete
/var/folders/qq/kn3mb_ls71z640nps5cfm5yw0000gn/T/XcodeDistPipeline.~~~TYVn0t/Root/Payload/retrieverBuyer.app/assets/node_modules/react-native-google-places-autocomplete/images
/var/folders/qq/kn3mb_ls71z640nps5cfm5yw0000gn/T/XcodeDistPipeline.~~~TYVn0t/Root/Payload/retrieverBuyer.app/assets/node_modules/react-native-google-places-autocomplete/images/powered_by_google_on_white.png
/var/folders/qq/kn3mb_ls71z640nps5cfm5yw0000gn/T/XcodeDistPipeline.~~~TYVn0t/Root/Payload/retrieverBuyer.app/assets/node_modules/react-native-google-places-autocomplete/images/powered_by_google_on_white@2x.png
/var/folders/qq/kn3mb_ls71z640nps5cfm5yw0000gn/T/XcodeDistPipeline.~~~TYVn0t/Root/Payload/retrieverBuyer.app/assets/node_modules/react-native-google-places-autocomplete/images/powered_by_google_on_white@3x.png
/var/folders/qq/kn3mb_ls71z640nps5cfm5yw0000gn/T/XcodeDistPipeline.~~~TYVn0t/Root/Payload/retrieverBuyer.app/assets/node_modules/react-native-paper
/var/folders/qq/kn3mb_ls71z6
2023-02-11 02:20:26 +0000  40nps5cfm5yw0000gn/T/XcodeDistPipeline.~~~TYVn0t/Root/Payload/retrieverBuyer.app/assets/node_modules/react-native-paper/src
/var/folders/qq/kn3mb_ls71z640nps5cfm5yw0000gn/T/XcodeDistPipeline.~~~TYVn0t/Root/Payload/retrieverBuyer.app/assets/node_modules/react-native-paper/src/assets
/var/folders/qq/kn3mb_ls71z640nps5cfm5yw0000gn/T/XcodeDistPipeline.~~~TYVn0t/Root/Payload/retrieverBuyer.app/assets/node_modules/react-native-paper/src/assets/back-chevron.png
/var/folders/qq/kn3mb_ls71z640nps5cfm5yw0000gn/T/XcodeDistPipeline.~~~TYVn0t/Root/Payload/retrieverBuyer.app/assets/node_modules/react-native-ratings
/var/folders/qq/kn3mb_ls71z640nps5cfm5yw0000gn/T/XcodeDistPipeline.~~~TYVn0t/Root/Payload/retrieverBuyer.app/assets/node_modules/react-native-ratings/dist
/var/folders/qq/kn3mb_ls71z640nps5cfm5yw0000gn/T/XcodeDistPipeline.~~~TYVn0t/Root/Payload/retrieverBuyer.app/assets/node_modules/react-native-ratings/dist/images
/var/folders/qq/kn3mb_ls71z640nps5cfm5yw0000gn/T/XcodeDistPipeline.~~~TYVn0t/Root/Payload/retrieverBuyer.app/assets/node_modules/react-native-ratings/dist/images/airbnb-star-selected.png
/var/folders/qq/kn3mb_ls71z640nps5cfm5yw0000gn/T/XcodeDistPipeline.~~~TYVn0t/Root/Payload/retrieverBuyer.app/assets/node_modules/react-native-ratings/dist/images/airbnb-star.png
/var/folders/qq/kn3mb_ls71z640nps5cfm5yw0000gn/T/XcodeDistPipeline.~~~TYVn0t/Root/Payload/retrieverBuyer.app/assets/node_modules/react-native-ratings/dist/images/bell.png
/var/folders/qq/kn3mb_ls71z640nps5cfm5yw0000gn/T/XcodeDistPipeline.~~~TYVn0t/Root/Payload/retrieverBuyer.app/assets/node_modules/react-native-ratings/dist/images/heart.png
/var/folders/qq/kn3mb_ls71z640nps5cfm5yw0000gn/T/XcodeDistPipeline.~~~TYVn0t/Root/Payload/retrieverBuyer.app/assets/node_modules/react-native-ratings/dist/images/rocket.png
/var/folders/qq/kn3mb_ls71z640nps5cfm5yw0000gn/T/XcodeDistPipeline.~~~TYVn0t/Root/Payload/retrieverBuyer.app/assets/node_modules/react-native-ratings/dist/images/star.png
/var/folders/qq/kn3mb_ls71z640nps5cfm5yw0000gn/T/XcodeDistPipeline.~~~TYVn0t/Root/Payload/retrieverBuyer.app/embedded.mobileprovision
/var/folders/qq/kn3mb_ls71z640nps5cfm5yw0000gn/T/XcodeDistPipeline.~~~TYVn0t/Root/Payload/retrieverBuyer.app/gRPCCertificates-Cpp.bundle
/var/folders/qq/kn3mb_ls71z640nps5cfm5yw0000gn/T/XcodeDistPipeline.~~~TYVn0t/Root/Payload/retrieverBuyer.app/gRPCCertificates-Cpp.bundle/Info.plist
/var/folders/qq/kn3mb_ls71z640nps5cfm5yw0000gn/T/XcodeDistPipeline.~~~TYVn0t/Root/Payload/retrieverBuyer.app/gRPCCertificates-Cpp.bundle/roots.pem
/var/folders/qq/kn3mb_ls71z640nps5cfm5yw0000gn/T/XcodeDistPipeline.~~~TYVn0t/Root/Payload/retrieverBuyer.app/main.jsbundle
/var/folders/qq/kn3mb_ls71z640nps5cfm5yw0000gn/T/XcodeDistPipeline.~~~TYVn0t/Root/Payload/retrieverBuyer.app/retrieverBuyer

2023-02-11 02:20:26 +0000  Platform thinningVariants for 'appletvos'
2023-02-11 02:20:26 +0000      {:device=>{:target=>"j305ap", :productType=>"AppleTV11,1", :displayName=>"Apple TV 4K (2nd generation)"}, :traits=>{:deploymentTarget=>#<Gem::Version "15.0">, :passDeploymentTargetToAssetutil=>true, :architecture=>"arm64e", :artworkDevIdiom=>"tv", :artworkHostedIdioms=>[], :artworkScaleFactor=>2, :artworkDevSubtype=>3840, :artworkDisplayGamut=>"P3", :artworkDynamicDisplayMode=>"1080pSDR", :devPerfMemoryClass=>4, :gfxFeatureSetClass=>"MTL5,1", :gfxFeatureSetFallbacks=>["MTL4,1", "MTL3,2", "MTL3,1", "MTL2,2", "MTL1,2", "GLES2,0"], :featuresToRemove=>[], :supportsEmbeddedWatchApp=>false, :supportsEmbeddedUniversalWatchApp=>false, :hasSwiftRuntime=>true, :supportsEncryptionFormat2=>true, :supportsSwiftConcurrencyNatively=>true}}
    {:device=>{:target=>"j42dap", :productType=>"AppleTV5,3", :displayName=>"Apple TV"}, :traits=>{:deploymentTarget=>#<Gem::Version "15.0">, :passDeploymentTargetToAssetutil=>true, :architecture=>"arm64", :artworkDevIdiom=>"tv", :artworkHostedIdioms=>[], :artworkScaleFactor=>1, :artworkDisplayGamut=>"sRGB", :devPerfMemoryClass=>2, :gfxFeatureSetClass=>"APPLE2", :gfxFeatureSetFallbacks=>["APPLE1", "GLES2,0"], :featuresToRemove=>[], :supportsEmbeddedWatchApp=>false, :supportsEmbeddedUniversalWatchApp=>false, :hasSwiftRuntime=>true, :supportsEncryptionFormat2=>true, :supportsSwiftConcurrencyNatively=>true}}
    {:device=>{:target=>"j105aap", :productType=>"AppleTV6,2", :displayName=>"Apple TV 4K"}, :traits=>{:deploymentTarget=>#<Gem::Version "15.0">, :passDeploymentTargetToAssetutil=>true, :architecture=>"arm64", :artworkDevIdiom=>"tv", :artworkHostedIdioms=>[], :artworkScaleFactor=>2, :artworkDevSubtype=>3840, :artworkDisplayGamut=>"P3", :artworkDynamicDisplayMode=>"1080pSDR", :devPerfMemoryClass=>4, :gfxFeatureSetClass=>"APPLE3", :gfxFeatureSetFallbacks=>["APPLE3v1", "APPLE2", "APPLE1", "GLES2,0"], :featuresToRemove=>[], :supportsEmbeddedWatchApp=>false, :supportsEmbeddedUniversalWatchApp=>false, :hasSwiftRuntime=>true, :supportsEncryptionFormat2=>true, :supportsSwiftConcurrencyNatively=>true}}
    {:device=>{:target=>"j305ap", :productType=>"AppleTV11,1", :displayName=>"Apple TV 4K (2nd generation)"}, :traits=>{:deploymentTarget=>#<Gem::Version "14.0">, :passDeploymentTargetToAssetutil=>true, :architecture=>"arm64e", :artworkDevIdiom=>"tv", :artworkHostedIdioms=>[], :artworkScaleFactor=>2, :artworkDevSubtype=>3840, :artworkDisplayGamut=>"P3", :artworkDynamicDisplayMode=>"1080pSDR", :devPerfMemoryClass=>4, :gfxFeatureSetClass=>"MTL5,1", :gfxFeatureSetFallbacks=>["MTL4,1", "MTL3,2", "MTL3,1", "MTL2,2", "MTL1,2", "GLES2,0"], :featuresToRemove=>[], :supportsEmbeddedWatchApp=>false, :supportsEmbeddedUniversalWatchApp=>false, :hasSwiftRuntime=>true, :supportsEncryptionFormat2=>true, :supportsSwiftConcurrencyNatively=>false}}
    {:device=>{:target=>"j33ap", :productType=>"AppleTV3,1", :displayName=>"AppleTV"}, :traits=>{:deploymentTarget=>#<Gem::Version "10.0">, :passDeploymentTargetToAssetutil=>false, :architecture=>"armv7", :artworkDevIdiom=>"tv", :artworkHostedIdioms=>[], :artworkScaleFactor=>1, :artworkDisplayGamut=>"sRGB", :devPerfMemoryClass=>0, :gfxFeatureSetClass=>"GLES2,0", :gfxFeatureSetFallbacks=>[], :featuresToRemove=>[], :supportsEmbeddedWatchApp=>false, :supportsEmbeddedUniversalWatchApp=>false, :hasSwiftRuntime=>false, :supportsEncryptionFormat2=>false, :supportsSwiftConcurrencyNatively=>false}}
    {:device=>{:target=>"j33ap", :productType=>"AppleTV3,1", :displayName=>"AppleTV"}, :traits=>{:deploymentTarget=>#<Gem::Version "9.0">, :passDeploymentTargetToAssetutil=>false, :architecture=>"armv7", :artworkDevIdiom=>"tv", :artworkHostedIdioms=>[], :artworkScaleFactor=>1, :artworkDisplayGamut=>"sRGB", :devPerfMemoryClass=>0, :gfxFeatureSetClass=>"GLES2,0", :gfxFeatureSetFallbacks=>[], :featuresToRemove=>[], :supportsEmbeddedWatchApp=>false, :supportsEmbeddedUniversalWatchApp=>false, :hasSwiftRuntime=>false, :supportsEncryptionFormat2=>false, :supportsSwiftConcurrencyNatively=>false}}
    {:device=>{:target=>"j33iap", :productType=>"AppleTV3,2", :displayName=>"AppleTV"}, :traits=>{:deploymen
2023-02-11 02:20:26 +0000  tTarget=>#<Gem::Version "10.0">, :passDeploymentTargetToAssetutil=>false, :architecture=>"armv7", :artworkDevIdiom=>"tv", :artworkHostedIdioms=>[], :artworkScaleFactor=>1, :artworkDisplayGamut=>"sRGB", :devPerfMemoryClass=>0, :gfxFeatureSetClass=>"GLES2,0", :gfxFeatureSetFallbacks=>[], :featuresToRemove=>[], :supportsEmbeddedWatchApp=>false, :supportsEmbeddedUniversalWatchApp=>false, :hasSwiftRuntime=>false, :supportsEncryptionFormat2=>false, :supportsSwiftConcurrencyNatively=>false}}
    {:device=>{:target=>"j33iap", :productType=>"AppleTV3,2", :displayName=>"AppleTV"}, :traits=>{:deploymentTarget=>#<Gem::Version "9.0">, :passDeploymentTargetToAssetutil=>false, :architecture=>"armv7", :artworkDevIdiom=>"tv", :artworkHostedIdioms=>[], :artworkScaleFactor=>1, :artworkDisplayGamut=>"sRGB", :devPerfMemoryClass=>0, :gfxFeatureSetClass=>"GLES2,0", :gfxFeatureSetFallbacks=>[], :featuresToRemove=>[], :supportsEmbeddedWatchApp=>false, :supportsEmbeddedUniversalWatchApp=>false, :hasSwiftRuntime=>false, :supportsEncryptionFormat2=>false, :supportsSwiftConcurrencyNatively=>false}}
    {:device=>{:target=>"j42dap", :productType=>"AppleTV5,3", :displayName=>"Apple TV"}, :traits=>{:deploymentTarget=>#<Gem::Version "10.0">, :passDeploymentTargetToAssetutil=>false, :architecture=>"arm64", :artworkDevIdiom=>"tv", :artworkHostedIdioms=>[], :artworkScaleFactor=>1, :artworkDisplayGamut=>"sRGB", :devPerfMemoryClass=>2, :gfxFeatureSetClass=>"APPLE2", :gfxFeatureSetFallbacks=>["APPLE1", "GLES2,0"], :featuresToRemove=>[], :supportsEmbeddedWatchApp=>false, :supportsEmbeddedUniversalWatchApp=>false, :hasSwiftRuntime=>false, :supportsEncryptionFormat2=>false, :supportsSwiftConcurrencyNatively=>false}}
    {:device=>{:target=>"j42dap", :productType=>"AppleTV5,3", :displayName=>"Apple TV"}, :traits=>{:deploymentTarget=>#<Gem::Version "11.0">, :passDeploymentTargetToAssetutil=>false, :architecture=>"arm64", :artworkDevIdiom=>"tv", :artworkHostedIdioms=>[], :artworkScaleFactor=>1, :artworkDisplayGamut=>"sRGB", :devPerfMemoryClass=>2, :gfxFeatureSetClass=>"APPLE2", :gfxFeatureSetFallbacks=>["APPLE1", "GLES2,0"], :featuresToRemove=>[], :supportsEmbeddedWatchApp=>false, :supportsEmbeddedUniversalWatchApp=>false, :hasSwiftRuntime=>false, :supportsEncryptionFormat2=>false, :supportsSwiftConcurrencyNatively=>false}}
    {:device=>{:target=>"j42dap", :productType=>"AppleTV5,3", :displayName=>"Apple TV"}, :traits=>{:deploymentTarget=>#<Gem::Version "12.0">, :passDeploymentTargetToAssetutil=>true, :architecture=>"arm64", :artworkDevIdiom=>"tv", :artworkHostedIdioms=>[], :artworkScaleFactor=>1, :artworkDisplayGamut=>"sRGB", :devPerfMemoryClass=>2, :gfxFeatureSetClass=>"MTL2,2", :gfxFeatureSetFallbacks=>["MTL1,2", "GLES2,0"], :featuresToRemove=>[], :supportsEmbeddedWatchApp=>false, :supportsEmbeddedUniversalWatchApp=>false, :hasSwiftRuntime=>false, :supportsEncryptionFormat2=>false, :supportsSwiftConcurrencyNatively=>false}}
    {:device=>{:target=>"j42dap", :productType=>"AppleTV5,3", :displayName=>"Apple TV"}, :traits=>{:deploymentTarget=>#<Gem::Version "12.2">, :passDeploymentTargetToAssetutil=>true, :architecture=>"arm64", :artworkDevIdiom=>"tv", :artworkHostedIdioms=>[], :artworkScaleFactor=>1, :artworkDisplayGamut=>"sRGB", :devPerfMemoryClass=>2, :gfxFeatureSetClass=>"MTL2,2", :gfxFeatureSetFallbacks=>["MTL1,2", "GLES2,0"], :featuresToRemove=>[], :supportsEmbeddedWatchApp=>false, :supportsEmbeddedUniversalWatchApp=>false, :hasSwiftRuntime=>true, :supportsEncryptionFormat2=>false, :supportsSwiftConcurrencyNatively=>false}}
    {:device=>{:target=>"j42dap", :productType=>"AppleTV5,3", :displayName=>"Apple TV"}, :traits=>{:deploymentTarget=>#<Gem::Version "13.0">, :passDeploymentTargetToAssetutil=>true, :architecture=>"arm64", :artworkDevIdiom=>"tv", :artworkHostedIdioms=>[], :artworkScaleFactor=>1, :artworkDisplayGamut=>"sRGB", :devPerfMemoryClass=>2, :gfxFeatureSetClass=>"APPLE2", :gfxFeatureSetFallbacks=>["APPLE1", "GLES2,0"], :featuresToRemove=>[], :supportsEmbeddedWatchApp=>false, :supportsEmbeddedUniversalWatchApp=>false, :hasSwiftRuntime=>true, :suppor
2023-02-11 02:20:26 +0000  tsEncryptionFormat2=>true, :supportsSwiftConcurrencyNatively=>false}}
    {:device=>{:target=>"j42dap", :productType=>"AppleTV5,3", :displayName=>"Apple TV"}, :traits=>{:deploymentTarget=>#<Gem::Version "14.0">, :passDeploymentTargetToAssetutil=>true, :architecture=>"arm64", :artworkDevIdiom=>"tv", :artworkHostedIdioms=>[], :artworkScaleFactor=>1, :artworkDisplayGamut=>"sRGB", :devPerfMemoryClass=>2, :gfxFeatureSetClass=>"APPLE2", :gfxFeatureSetFallbacks=>["APPLE1", "GLES2,0"], :featuresToRemove=>[], :supportsEmbeddedWatchApp=>false, :supportsEmbeddedUniversalWatchApp=>false, :hasSwiftRuntime=>true, :supportsEncryptionFormat2=>true, :supportsSwiftConcurrencyNatively=>false}}
    {:device=>{:target=>"j42dap", :productType=>"AppleTV5,3", :displayName=>"Apple TV"}, :traits=>{:deploymentTarget=>#<Gem::Version "9.0">, :passDeploymentTargetToAssetutil=>false, :architecture=>"arm64", :artworkDevIdiom=>"tv", :artworkHostedIdioms=>[], :artworkScaleFactor=>1, :artworkDisplayGamut=>"sRGB", :devPerfMemoryClass=>2, :gfxFeatureSetClass=>"APPLE2", :gfxFeatureSetFallbacks=>["APPLE1", "GLES2,0"], :featuresToRemove=>[], :supportsEmbeddedWatchApp=>false, :supportsEmbeddedUniversalWatchApp=>false, :hasSwiftRuntime=>false, :supportsEncryptionFormat2=>false, :supportsSwiftConcurrencyNatively=>false}}
    {:device=>{:target=>"j105aap", :productType=>"AppleTV6,2", :displayName=>"Apple TV 4K"}, :traits=>{:deploymentTarget=>#<Gem::Version "11.0">, :passDeploymentTargetToAssetutil=>false, :architecture=>"arm64", :artworkDevIdiom=>"tv", :artworkHostedIdioms=>[], :artworkScaleFactor=>2, :artworkDevSubtype=>3840, :artworkDisplayGamut=>"P3", :artworkDynamicDisplayMode=>"1080pSDR", :devPerfMemoryClass=>4, :gfxFeatureSetClass=>"APPLE3", :gfxFeatureSetFallbacks=>["APPLE3v1", "APPLE2", "APPLE1", "GLES2,0"], :featuresToRemove=>[], :supportsEmbeddedWatchApp=>false, :supportsEmbeddedUniversalWatchApp=>false, :hasSwiftRuntime=>false, :supportsEncryptionFormat2=>false, :supportsSwiftConcurrencyNatively=>false}}
    {:device=>{:target=>"j105aap", :productType=>"AppleTV6,2", :displayName=>"Apple TV 4K"}, :traits=>{:deploymentTarget=>#<Gem::Version "12.0">, :passDeploymentTargetToAssetutil=>true, :architecture=>"arm64", :artworkDevIdiom=>"tv", :artworkHostedIdioms=>[], :artworkScaleFactor=>2, :artworkDevSubtype=>3840, :artworkDisplayGamut=>"P3", :artworkDynamicDisplayMode=>"1080pSDR", :devPerfMemoryClass=>4, :gfxFeatureSetClass=>"MTL3,2", :gfxFeatureSetFallbacks=>["MTL3,1", "MTL2,2", "MTL1,2", "GLES2,0"], :featuresToRemove=>[], :supportsEmbeddedWatchApp=>false, :supportsEmbeddedUniversalWatchApp=>false, :hasSwiftRuntime=>false, :supportsEncryptionFormat2=>false, :supportsSwiftConcurrencyNatively=>false}}
    {:device=>{:target=>"j105aap", :productType=>"AppleTV6,2", :displayName=>"Apple TV 4K"}, :traits=>{:deploymentTarget=>#<Gem::Version "12.2">, :passDeploymentTargetToAssetutil=>true, :architecture=>"arm64", :artworkDevIdiom=>"tv", :artworkHostedIdioms=>[], :artworkScaleFactor=>2, :artworkDevSubtype=>3840, :artworkDisplayGamut=>"P3", :artworkDynamicDisplayMode=>"1080pSDR", :devPerfMemoryClass=>4, :gfxFeatureSetClass=>"MTL3,2", :gfxFeatureSetFallbacks=>["MTL3,1", "MTL2,2", "MTL1,2", "GLES2,0"], :featuresToRemove=>[], :supportsEmbeddedWatchApp=>false, :supportsEmbeddedUniversalWatchApp=>false, :hasSwiftRuntime=>true, :supportsEncryptionFormat2=>false, :supportsSwiftConcurrencyNatively=>false}}
    {:device=>{:target=>"j105aap", :productType=>"AppleTV6,2", :displayName=>"Apple TV 4K"}, :traits=>{:deploymentTarget=>#<Gem::Version "13.0">, :passDeploymentTargetToAssetutil=>true, :architecture=>"arm64", :artworkDevIdiom=>"tv", :artworkHostedIdioms=>[], :artworkScaleFactor=>2, :artworkDevSubtype=>3840, :artworkDisplayGamut=>"P3", :artworkDynamicDisplayMode=>"1080pSDR", :devPerfMemoryClass=>4, :gfxFeatureSetClass=>"APPLE3", :gfxFeatureSetFallbacks=>["APPLE3v1", "APPLE2", "APPLE1", "GLES2,0"], :featuresToRemove=>[], :supportsEmbeddedWatchApp=>false, :supportsEmbeddedUniversalWatchApp=>false, :hasSwiftRuntime=>true, :supportsEncryptionFormat2=>true, :supportsSwiftConcurr
2023-02-11 02:20:26 +0000  encyNatively=>false}}
    {:device=>{:target=>"j105aap", :productType=>"AppleTV6,2", :displayName=>"Apple TV 4K"}, :traits=>{:deploymentTarget=>#<Gem::Version "14.0">, :passDeploymentTargetToAssetutil=>true, :architecture=>"arm64", :artworkDevIdiom=>"tv", :artworkHostedIdioms=>[], :artworkScaleFactor=>2, :artworkDevSubtype=>3840, :artworkDisplayGamut=>"P3", :artworkDynamicDisplayMode=>"1080pSDR", :devPerfMemoryClass=>4, :gfxFeatureSetClass=>"APPLE3", :gfxFeatureSetFallbacks=>["APPLE3v1", "APPLE2", "APPLE1", "GLES2,0"], :featuresToRemove=>[], :supportsEmbeddedWatchApp=>false, :supportsEmbeddedUniversalWatchApp=>false, :hasSwiftRuntime=>true, :supportsEncryptionFormat2=>true, :supportsSwiftConcurrencyNatively=>false}}
warning: Configuration issue: platform AppleTVSimulator.platform doesn't have any non-simulator SDKs; ignoring it
2023-02-11 02:20:26 +0000  warning: Couldn't load device traits database for platform 'driverkit' from /Applications/Xcode.app/Contents/Developer/Platforms/DriverKit.platform/usr/standalone/device_traits.db:
#<SQLite3::CantOpenException: unable to open database file>
    /Applications/Xcode.app/Contents/Developer/usr/bin/ipatool:3915:in `initialize'
    /Applications/Xcode.app/Contents/Developer/usr/bin/ipatool:3915:in `new'
    /Applications/Xcode.app/Contents/Developer/usr/bin/ipatool:3915:in `initialize'
    /Applications/Xcode.app/Contents/Developer/usr/bin/ipatool:3860:in `new'
    /Applications/Xcode.app/Contents/Developer/usr/bin/ipatool:3860:in `block in allKnownPlatforms'
    /Applications/Xcode.app/Contents/Developer/usr/bin/ipatool:3824:in `each'
    /Applications/Xcode.app/Contents/Developer/usr/bin/ipatool:3824:in `allKnownPlatforms'
    /Applications/Xcode.app/Contents/Developer/usr/bin/ipatool:4031:in `<main>'
2023-02-11 02:20:26 +0000  Platform thinningVariants for 'watchos'
2023-02-11 02:20:26 +0000      {:device=>{:target=>"n111sap", :productType=>"Watch3,1", :displayName=>"Apple Watch Series 3 (GPS + Cellular) 38mm"}, :traits=>{:deploymentTarget=>#<Gem::Version "8.0">, :passDeploymentTargetToAssetutil=>true, :architecture=>"armv7k", :artworkDevIdiom=>"watch", :artworkHostedIdioms=>[], :artworkScaleFactor=>2, :artworkDevSubtype=>320, :artworkDisplayGamut=>"sRGB", :devPerfMemoryClass=>0, :gfxFeatureSetClass=>"GLES2,0", :gfxFeatureSetFallbacks=>[], :featuresToRemove=>[], :supportsEmbeddedWatchApp=>false, :supportsEmbeddedUniversalWatchApp=>false, :hasSwiftRuntime=>true, :supportsEncryptionFormat2=>true, :supportsSwiftConcurrencyNatively=>true}}
    {:device=>{:target=>"n111bap", :productType=>"Watch3,2", :displayName=>"Apple Watch Series 3 (GPS + Cellular) 42mm"}, :traits=>{:deploymentTarget=>#<Gem::Version "8.0">, :passDeploymentTargetToAssetutil=>true, :architecture=>"armv7k", :artworkDevIdiom=>"watch", :artworkHostedIdioms=>[], :artworkScaleFactor=>2, :artworkDevSubtype=>384, :artworkDisplayGamut=>"sRGB", :devPerfMemoryClass=>0, :gfxFeatureSetClass=>"GLES2,0", :gfxFeatureSetFallbacks=>[], :featuresToRemove=>[], :supportsEmbeddedWatchApp=>false, :supportsEmbeddedUniversalWatchApp=>false, :hasSwiftRuntime=>true, :supportsEncryptionFormat2=>true, :supportsSwiftConcurrencyNatively=>true}}
    {:device=>{:target=>"n121sap", :productType=>"Watch3,3", :displayName=>"Apple Watch Series 3 (GPS) 38mm"}, :traits=>{:deploymentTarget=>#<Gem::Version "8.0">, :passDeploymentTargetToAssetutil=>true, :architecture=>"armv7k", :artworkDevIdiom=>"watch", :artworkHostedIdioms=>[], :artworkScaleFactor=>2, :artworkDevSubtype=>320, :artworkDisplayGamut=>"sRGB", :devPerfMemoryClass=>0, :gfxFeatureSetClass=>"GLES2,0", :gfxFeatureSetFallbacks=>[], :featuresToRemove=>[], :supportsEmbeddedWatchApp=>false, :supportsEmbeddedUniversalWatchApp=>false, :hasSwiftRuntime=>true, :supportsEncryptionFormat2=>true, :supportsSwiftConcurrencyNatively=>true}}
    {:device=>{:target=>"n121bap", :productType=>"Watch3,4", :displayName=>"Apple Watch Series 3 (GPS) 42mm"}, :traits=>{:deploymentTarget=>#<Gem::Version "8.0">, :passDeploymentTargetToAssetutil=>true, :architecture=>"armv7k", :artworkDevIdiom=>"watch", :artworkHostedIdioms=>[], :artworkScaleFactor=>2, :artworkDevSubtype=>384, :artworkDisplayGamut=>"sRGB", :devPerfMemoryClass=>0, :gfxFeatureSetClass=>"GLES2,0", :gfxFeatureSetFallbacks=>[], :featuresToRemove=>[], :supportsEmbeddedWatchApp=>false, :supportsEmbeddedUniversalWatchApp=>false, :hasSwiftRuntime=>true, :supportsEncryptionFormat2=>true, :supportsSwiftConcurrencyNatively=>true}}
    {:device=>{:target=>"n131sap", :productType=>"Watch4,1", :displayName=>"Apple Watch Series 4"}, :traits=>{:deploymentTarget=>#<Gem::Version "8.0">, :passDeploymentTargetToAssetutil=>true, :architecture=>"arm64e", :artworkDevIdiom=>"watch", :artworkHostedIdioms=>[], :artworkScaleFactor=>2, :artworkDevSubtype=>340, :artworkDisplayGamut=>"P3", :devPerfMemoryClass=>1, :gfxFeatureSetClass=>"APPLE5", :gfxFeatureSetFallbacks=>["APPLE3", "APPLE2", "GLES2,0"], :featuresToRemove=>[], :supportsEmbeddedWatchApp=>false, :supportsEmbeddedUniversalWatchApp=>false, :hasSwiftRuntime=>true, :supportsEncryptionFormat2=>true, :supportsSwiftConcurrencyNatively=>true}}
    {:device=>{:target=>"n131bap", :productType=>"Watch4,2", :displayName=>"Apple Watch Series 4"}, :traits=>{:deploymentTarget=>#<Gem::Version "8.0">, :passDeploymentTargetToAssetutil=>true, :architecture=>"arm64e", :artworkDevIdiom=>"watch", :artworkHostedIdioms=>[], :artworkScaleFactor=>2, :artworkDevSubtype=>390, :artworkDisplayGamut=>"P3", :devPerfMemoryClass=>1, :gfxFeatureSetClass=>"APPLE5", :gfxFeatureSetFallbacks=>["APPLE3", "APPLE2", "GLES2,0"], :featuresToRemove=>[], :supportsEmbeddedWatchApp=>false, :supportsEmbeddedUniversalWatchApp=>false, :hasSwiftRuntime=>true, :supportsEncryptionFormat2=>true, :supportsSwiftConcurrencyNatively=>true}}
    {:device=>{:target=>"n141sap", :productType=>"Watch4,3", :displayName=>"Apple Watch Series 4"}, :traits=>{:deploymentTarget=>#<Gem::Version "8.0">, :passDeploymentTargetT
2023-02-11 02:20:26 +0000  oAssetutil=>true, :architecture=>"arm64e", :artworkDevIdiom=>"watch", :artworkHostedIdioms=>[], :artworkScaleFactor=>2, :artworkDevSubtype=>340, :artworkDisplayGamut=>"P3", :devPerfMemoryClass=>1, :gfxFeatureSetClass=>"APPLE5", :gfxFeatureSetFallbacks=>["APPLE3", "APPLE2", "GLES2,0"], :featuresToRemove=>[], :supportsEmbeddedWatchApp=>false, :supportsEmbeddedUniversalWatchApp=>false, :hasSwiftRuntime=>true, :supportsEncryptionFormat2=>true, :supportsSwiftConcurrencyNatively=>true}}
    {:device=>{:target=>"n141bap", :productType=>"Watch4,4", :displayName=>"Apple Watch Series 4"}, :traits=>{:deploymentTarget=>#<Gem::Version "8.0">, :passDeploymentTargetToAssetutil=>true, :architecture=>"arm64e", :artworkDevIdiom=>"watch", :artworkHostedIdioms=>[], :artworkScaleFactor=>2, :artworkDevSubtype=>390, :artworkDisplayGamut=>"P3", :devPerfMemoryClass=>1, :gfxFeatureSetClass=>"APPLE5", :gfxFeatureSetFallbacks=>["APPLE3", "APPLE2", "GLES2,0"], :featuresToRemove=>[], :supportsEmbeddedWatchApp=>false, :supportsEmbeddedUniversalWatchApp=>false, :hasSwiftRuntime=>true, :supportsEncryptionFormat2=>true, :supportsSwiftConcurrencyNatively=>true}}
    {:device=>{:target=>"n144sap", :productType=>"Watch5,1", :displayName=>"Apple Watch Series 5"}, :traits=>{:deploymentTarget=>#<Gem::Version "8.0">, :passDeploymentTargetToAssetutil=>true, :architecture=>"arm64e", :artworkDevIdiom=>"watch", :artworkHostedIdioms=>[], :artworkScaleFactor=>2, :artworkDevSubtype=>340, :artworkDisplayGamut=>"P3", :devPerfMemoryClass=>1, :gfxFeatureSetClass=>"APPLE5", :gfxFeatureSetFallbacks=>["APPLE3", "APPLE2", "GLES2,0"], :featuresToRemove=>[], :supportsEmbeddedWatchApp=>false, :supportsEmbeddedUniversalWatchApp=>false, :hasSwiftRuntime=>true, :supportsEncryptionFormat2=>true, :supportsSwiftConcurrencyNatively=>true}}
    {:device=>{:target=>"n140bap", :productType=>"Watch5,10", :displayName=>"Apple Watch SE (GPS)"}, :traits=>{:deploymentTarget=>#<Gem::Version "8.0">, :passDeploymentTargetToAssetutil=>true, :architecture=>"arm64e", :artworkDevIdiom=>"watch", :artworkHostedIdioms=>[], :artworkScaleFactor=>2, :artworkDevSubtype=>390, :artworkDisplayGamut=>"P3", :devPerfMemoryClass=>1, :gfxFeatureSetClass=>"APPLE5", :gfxFeatureSetFallbacks=>["APPLE3", "APPLE2", "GLES2,0"], :featuresToRemove=>[], :supportsEmbeddedWatchApp=>false, :supportsEmbeddedUniversalWatchApp=>false, :hasSwiftRuntime=>true, :supportsEncryptionFormat2=>true, :supportsSwiftConcurrencyNatively=>true}}
    {:device=>{:target=>"n142sap", :productType=>"Watch5,11", :displayName=>"Apple Watch SE (GPS + Cellular)"}, :traits=>{:deploymentTarget=>#<Gem::Version "8.0">, :passDeploymentTargetToAssetutil=>true, :architecture=>"arm64e", :artworkDevIdiom=>"watch", :artworkHostedIdioms=>[], :artworkScaleFactor=>2, :artworkDevSubtype=>340, :artworkDisplayGamut=>"P3", :devPerfMemoryClass=>1, :gfxFeatureSetClass=>"APPLE5", :gfxFeatureSetFallbacks=>["APPLE3", "APPLE2", "GLES2,0"], :featuresToRemove=>[], :supportsEmbeddedWatchApp=>false, :supportsEmbeddedUniversalWatchApp=>false, :hasSwiftRuntime=>true, :supportsEncryptionFormat2=>true, :supportsSwiftConcurrencyNatively=>true}}
    {:device=>{:target=>"n142bap", :productType=>"Watch5,12", :displayName=>"Apple Watch SE (GPS + Cellular)"}, :traits=>{:deploymentTarget=>#<Gem::Version "8.0">, :passDeploymentTargetToAssetutil=>true, :architecture=>"arm64e", :artworkDevIdiom=>"watch", :artworkHostedIdioms=>[], :artworkScaleFactor=>2, :artworkDevSubtype=>390, :artworkDisplayGamut=>"P3", :devPerfMemoryClass=>1, :gfxFeatureSetClass=>"APPLE5", :gfxFeatureSetFallbacks=>["APPLE3", "APPLE2", "GLES2,0"], :featuresToRemove=>[], :supportsEmbeddedWatchApp=>false, :supportsEmbeddedUniversalWatchApp=>false, :hasSwiftRuntime=>true, :supportsEncryptionFormat2=>true, :supportsSwiftConcurrencyNatively=>true}}
    {:device=>{:target=>"n144bap", :productType=>"Watch5,2", :displayName=>"Apple Watch Series 5"}, :traits=>{:deploymentTarget=>#<Gem::Version "8.0">, :passDeploymentTargetToAssetutil=>true, :architecture=>"arm64e", :artworkDevIdiom=>"watch", :artworkHostedIdioms=>[], :artworkScaleFa
2023-02-11 02:20:26 +0000  ctor=>2, :artworkDevSubtype=>390, :artworkDisplayGamut=>"P3", :devPerfMemoryClass=>1, :gfxFeatureSetClass=>"APPLE5", :gfxFeatureSetFallbacks=>["APPLE3", "APPLE2", "GLES2,0"], :featuresToRemove=>[], :supportsEmbeddedWatchApp=>false, :supportsEmbeddedUniversalWatchApp=>false, :hasSwiftRuntime=>true, :supportsEncryptionFormat2=>true, :supportsSwiftConcurrencyNatively=>true}}
    {:device=>{:target=>"n146sap", :productType=>"Watch5,3", :displayName=>"Apple Watch Series 5"}, :traits=>{:deploymentTarget=>#<Gem::Version "8.0">, :passDeploymentTargetToAssetutil=>true, :architecture=>"arm64e", :artworkDevIdiom=>"watch", :artworkHostedIdioms=>[], :artworkScaleFactor=>2, :artworkDevSubtype=>340, :artworkDisplayGamut=>"P3", :devPerfMemoryClass=>1, :gfxFeatureSetClass=>"APPLE5", :gfxFeatureSetFallbacks=>["APPLE3", "APPLE2", "GLES2,0"], :featuresToRemove=>[], :supportsEmbeddedWatchApp=>false, :supportsEmbeddedUniversalWatchApp=>false, :hasSwiftRuntime=>true, :supportsEncryptionFormat2=>true, :supportsSwiftConcurrencyNatively=>true}}
    {:device=>{:target=>"n146bap", :productType=>"Watch5,4", :displayName=>"Apple Watch Series 5"}, :traits=>{:deploymentTarget=>#<Gem::Version "8.0">, :passDeploymentTargetToAssetutil=>true, :architecture=>"arm64e", :artworkDevIdiom=>"watch", :artworkHostedIdioms=>[], :artworkScaleFactor=>2, :artworkDevSubtype=>390, :artworkDisplayGamut=>"P3", :devPerfMemoryClass=>1, :gfxFeatureSetClass=>"APPLE5", :gfxFeatureSetFallbacks=>["APPLE3", "APPLE2", "GLES2,0"], :featuresToRemove=>[], :supportsEmbeddedWatchApp=>false, :supportsEmbeddedUniversalWatchApp=>false, :hasSwiftRuntime=>true, :supportsEncryptionFormat2=>true, :supportsSwiftConcurrencyNatively=>true}}
    {:device=>{:target=>"n140sap", :productType=>"Watch5,9", :displayName=>"Apple Watch SE (GPS)"}, :traits=>{:deploymentTarget=>#<Gem::Version "8.0">, :passDeploymentTargetToAssetutil=>true, :architecture=>"arm64e", :artworkDevIdiom=>"watch", :artworkHostedIdioms=>[], :artworkScaleFactor=>2, :artworkDevSubtype=>340, :artworkDisplayGamut=>"P3", :devPerfMemoryClass=>1, :gfxFeatureSetClass=>"APPLE5", :gfxFeatureSetFallbacks=>["APPLE3", "APPLE2", "GLES2,0"], :featuresToRemove=>[], :supportsEmbeddedWatchApp=>false, :supportsEmbeddedUniversalWatchApp=>false, :hasSwiftRuntime=>true, :supportsEncryptionFormat2=>true, :supportsSwiftConcurrencyNatively=>true}}
    {:device=>{:target=>"n157sap", :productType=>"Watch6,1", :displayName=>"Apple Watch Series 6 (GPS)"}, :traits=>{:deploymentTarget=>#<Gem::Version "8.0">, :passDeploymentTargetToAssetutil=>true, :architecture=>"arm64e", :artworkDevIdiom=>"watch", :artworkHostedIdioms=>[], :artworkScaleFactor=>2, :artworkDevSubtype=>340, :artworkDisplayGamut=>"P3", :devPerfMemoryClass=>15, :gfxFeatureSetClass=>"APPLE5", :gfxFeatureSetFallbacks=>["APPLE3", "APPLE2", "GLES2,0"], :featuresToRemove=>[], :supportsEmbeddedWatchApp=>false, :supportsEmbeddedUniversalWatchApp=>false, :hasSwiftRuntime=>true, :supportsEncryptionFormat2=>true, :supportsSwiftConcurrencyNatively=>true}}
    {:device=>{:target=>"n157bap", :productType=>"Watch6,2", :displayName=>"Apple Watch Series 6 (GPS)"}, :traits=>{:deploymentTarget=>#<Gem::Version "8.0">, :passDeploymentTargetToAssetutil=>true, :architecture=>"arm64e", :artworkDevIdiom=>"watch", :artworkHostedIdioms=>[], :artworkScaleFactor=>2, :artworkDevSubtype=>390, :artworkDisplayGamut=>"P3", :devPerfMemoryClass=>15, :gfxFeatureSetClass=>"APPLE5", :gfxFeatureSetFallbacks=>["APPLE3", "APPLE2", "GLES2,0"], :featuresToRemove=>[], :supportsEmbeddedWatchApp=>false, :supportsEmbeddedUniversalWatchApp=>false, :hasSwiftRuntime=>true, :supportsEncryptionFormat2=>true, :supportsSwiftConcurrencyNatively=>true}}
    {:device=>{:target=>"n158sap", :productType=>"Watch6,3", :displayName=>"Apple Watch Series 6 (GPS + Cellular)"}, :traits=>{:deploymentTarget=>#<Gem::Version "8.0">, :passDeploymentTargetToAssetutil=>true, :architecture=>"arm64e", :artworkDevIdiom=>"watch", :artworkHostedIdioms=>[], :artworkScaleFactor=>2, :artworkDevSubtype=>340, :artworkDisplayGamut=>"P3", :devPerfMemoryClass=>15, :gfxFeatureSetClas
2023-02-11 02:20:26 +0000  s=>"APPLE5", :gfxFeatureSetFallbacks=>["APPLE3", "APPLE2", "GLES2,0"], :featuresToRemove=>[], :supportsEmbeddedWatchApp=>false, :supportsEmbeddedUniversalWatchApp=>false, :hasSwiftRuntime=>true, :supportsEncryptionFormat2=>true, :supportsSwiftConcurrencyNatively=>true}}
    {:device=>{:target=>"n158bap", :productType=>"Watch6,4", :displayName=>"Apple Watch Series 6 (GPS + Cellular)"}, :traits=>{:deploymentTarget=>#<Gem::Version "8.0">, :passDeploymentTargetToAssetutil=>true, :architecture=>"arm64e", :artworkDevIdiom=>"watch", :artworkHostedIdioms=>[], :artworkScaleFactor=>2, :artworkDevSubtype=>390, :artworkDisplayGamut=>"P3", :devPerfMemoryClass=>15, :gfxFeatureSetClass=>"APPLE5", :gfxFeatureSetFallbacks=>["APPLE3", "APPLE2", "GLES2,0"], :featuresToRemove=>[], :supportsEmbeddedWatchApp=>false, :supportsEmbeddedUniversalWatchApp=>false, :hasSwiftRuntime=>true, :supportsEncryptionFormat2=>true, :supportsSwiftConcurrencyNatively=>true}}
    {:device=>{:target=>"n187sap", :productType=>"Watch6,6", :displayName=>"Apple Watch Series 7 (GPS)"}, :traits=>{:deploymentTarget=>#<Gem::Version "8.0">, :passDeploymentTargetToAssetutil=>true, :architecture=>"arm64e", :artworkDevIdiom=>"watch", :artworkHostedIdioms=>[], :artworkScaleFactor=>2, :artworkDevSubtype=>430, :artworkDisplayGamut=>"P3", :devPerfMemoryClass=>15, :gfxFeatureSetClass=>"APPLE5", :gfxFeatureSetFallbacks=>["APPLE4", "APPLE3", "APPLE2", "GLES2,0"], :featuresToRemove=>[], :supportsEmbeddedWatchApp=>false, :supportsEmbeddedUniversalWatchApp=>false, :hasSwiftRuntime=>true, :supportsEncryptionFormat2=>true, :supportsSwiftConcurrencyNatively=>true}}
    {:device=>{:target=>"n187bap", :productType=>"Watch6,7", :displayName=>"Apple Watch Series 7 (GPS)"}, :traits=>{:deploymentTarget=>#<Gem::Version "8.0">, :passDeploymentTargetToAssetutil=>true, :architecture=>"arm64e", :artworkDevIdiom=>"watch", :artworkHostedIdioms=>[], :artworkScaleFactor=>2, :artworkDevSubtype=>484, :artworkDisplayGamut=>"P3", :devPerfMemoryClass=>15, :gfxFeatureSetClass=>"APPLE5", :gfxFeatureSetFallbacks=>["APPLE4", "APPLE3", "APPLE2", "GLES2,0"], :featuresToRemove=>[], :supportsEmbeddedWatchApp=>false, :supportsEmbeddedUniversalWatchApp=>false, :hasSwiftRuntime=>true, :supportsEncryptionFormat2=>true, :supportsSwiftConcurrencyNatively=>true}}
    {:device=>{:target=>"n188sap", :productType=>"Watch6,8", :displayName=>"Apple Watch Series 7 (GPS + Cellular)"}, :traits=>{:deploymentTarget=>#<Gem::Version "8.0">, :passDeploymentTargetToAssetutil=>true, :architecture=>"arm64e", :artworkDevIdiom=>"watch", :artworkHostedIdioms=>[], :artworkScaleFactor=>2, :artworkDevSubtype=>430, :artworkDisplayGamut=>"P3", :devPerfMemoryClass=>15, :gfxFeatureSetClass=>"APPLE5", :gfxFeatureSetFallbacks=>["APPLE4", "APPLE3", "APPLE2", "GLES2,0"], :featuresToRemove=>[], :supportsEmbeddedWatchApp=>false, :supportsEmbeddedUniversalWatchApp=>false, :hasSwiftRuntime=>true, :supportsEncryptionFormat2=>true, :supportsSwiftConcurrencyNatively=>true}}
    {:device=>{:target=>"n188bap", :productType=>"Watch6,9", :displayName=>"Apple Watch Series 7 (GPS + Cellular)"}, :traits=>{:deploymentTarget=>#<Gem::Version "8.0">, :passDeploymentTargetToAssetutil=>true, :architecture=>"arm64e", :artworkDevIdiom=>"watch", :artworkHostedIdioms=>[], :artworkScaleFactor=>2, :artworkDevSubtype=>484, :artworkDisplayGamut=>"P3", :devPerfMemoryClass=>15, :gfxFeatureSetClass=>"APPLE5", :gfxFeatureSetFallbacks=>["APPLE4", "APPLE3", "APPLE2", "GLES2,0"], :featuresToRemove=>[], :supportsEmbeddedWatchApp=>false, :supportsEmbeddedUniversalWatchApp=>false, :hasSwiftRuntime=>true, :supportsEncryptionFormat2=>true, :supportsSwiftConcurrencyNatively=>true}}
    {:device=>{:target=>"n27aap", :productType=>"Watch1,1", :displayName=>"Apple Watch (1st generation) 38mm"}, :traits=>{:deploymentTarget=>#<Gem::Version "4.0">, :passDeploymentTargetToAssetutil=>true, :architecture=>"armv7k", :artworkDevIdiom=>"watch", :artworkHostedIdioms=>[], :artworkScaleFactor=>2, :artworkDevSubtype=>320, :artworkDisplayGamut=>"sRGB", :devPerfMemoryClass=>0, :gfxFeatureSetClass=>"GLES2,0", 
2023-02-11 02:20:26 +0000  :gfxFeatureSetFallbacks=>[], :featuresToRemove=>[], :supportsEmbeddedWatchApp=>false, :supportsEmbeddedUniversalWatchApp=>false, :hasSwiftRuntime=>false, :supportsEncryptionFormat2=>false, :supportsSwiftConcurrencyNatively=>false}}
    {:device=>{:target=>"n28aap", :productType=>"Watch1,2", :displayName=>"Apple Watch (1st generation) 42mm"}, :traits=>{:deploymentTarget=>#<Gem::Version "4.0">, :passDeploymentTargetToAssetutil=>true, :architecture=>"armv7k", :artworkDevIdiom=>"watch", :artworkHostedIdioms=>[], :artworkScaleFactor=>2, :artworkDevSubtype=>384, :artworkDisplayGamut=>"sRGB", :devPerfMemoryClass=>0, :gfxFeatureSetClass=>"GLES2,0", :gfxFeatureSetFallbacks=>[], :featuresToRemove=>[], :supportsEmbeddedWatchApp=>false, :supportsEmbeddedUniversalWatchApp=>false, :hasSwiftRuntime=>false, :supportsEncryptionFormat2=>false, :supportsSwiftConcurrencyNatively=>false}}
    {:device=>{:target=>"n74ap", :productType=>"Watch2,3", :displayName=>"Apple Watch Series 2 38mm"}, :traits=>{:deploymentTarget=>#<Gem::Version "5.2">, :passDeploymentTargetToAssetutil=>true, :architecture=>"armv7k", :artworkDevIdiom=>"watch", :artworkHostedIdioms=>[], :artworkScaleFactor=>2, :artworkDevSubtype=>320, :artworkDisplayGamut=>"sRGB", :devPerfMemoryClass=>0, :gfxFeatureSetClass=>"GLES2,0", :gfxFeatureSetFallbacks=>[], :featuresToRemove=>[], :supportsEmbeddedWatchApp=>false, :supportsEmbeddedUniversalWatchApp=>false, :hasSwiftRuntime=>true, :supportsEncryptionFormat2=>false, :supportsSwiftConcurrencyNatively=>false}}
    {:device=>{:target=>"n74ap", :productType=>"Watch2,3", :displayName=>"Apple Watch Series 2 38mm"}, :traits=>{:deploymentTarget=>#<Gem::Version "6.0">, :passDeploymentTargetToAssetutil=>true, :architecture=>"armv7k", :artworkDevIdiom=>"watch", :artworkHostedIdioms=>[], :artworkScaleFactor=>2, :artworkDevSubtype=>320, :artworkDisplayGamut=>"sRGB", :devPerfMemoryClass=>0, :gfxFeatureSetClass=>"GLES2,0", :gfxFeatureSetFallbacks=>[], :featuresToRemove=>[], :supportsEmbeddedWatchApp=>false, :supportsEmbeddedUniversalWatchApp=>false, :hasSwiftRuntime=>true, :supportsEncryptionFormat2=>true, :supportsSwiftConcurrencyNatively=>false}}
    {:device=>{:target=>"n75ap", :productType=>"Watch2,4", :displayName=>"Apple Watch Series 2 42mm"}, :traits=>{:deploymentTarget=>#<Gem::Version "5.2">, :passDeploymentTargetToAssetutil=>true, :architecture=>"armv7k", :artworkDevIdiom=>"watch", :artworkHostedIdioms=>[], :artworkScaleFactor=>2, :artworkDevSubtype=>384, :artworkDisplayGamut=>"sRGB", :devPerfMemoryClass=>0, :gfxFeatureSetClass=>"GLES2,0", :gfxFeatureSetFallbacks=>[], :featuresToRemove=>[], :supportsEmbeddedWatchApp=>false, :supportsEmbeddedUniversalWatchApp=>false, :hasSwiftRuntime=>true, :supportsEncryptionFormat2=>false, :supportsSwiftConcurrencyNatively=>false}}
    {:device=>{:target=>"n75ap", :productType=>"Watch2,4", :displayName=>"Apple Watch Series 2 42mm"}, :traits=>{:deploymentTarget=>#<Gem::Version "6.0">, :passDeploymentTargetToAssetutil=>true, :architecture=>"armv7k", :artworkDevIdiom=>"watch", :artworkHostedIdioms=>[], :artworkScaleFactor=>2, :artworkDevSubtype=>384, :artworkDisplayGamut=>"sRGB", :devPerfMemoryClass=>0, :gfxFeatureSetClass=>"GLES2,0", :gfxFeatureSetFallbacks=>[], :featuresToRemove=>[], :supportsEmbeddedWatchApp=>false, :supportsEmbeddedUniversalWatchApp=>false, :hasSwiftRuntime=>true, :supportsEncryptionFormat2=>true, :supportsSwiftConcurrencyNatively=>false}}
2023-02-11 02:20:26 +0000      {:device=>{:target=>"n27dap", :productType=>"Watch2,6", :displayName=>"Apple Watch Series 1 38mm"}, :traits=>{:deploymentTarget=>#<Gem::Version "5.2">, :passDeploymentTargetToAssetutil=>true, :architecture=>"armv7k", :artworkDevIdiom=>"watch", :artworkHostedIdioms=>[], :artworkScaleFactor=>2, :artworkDevSubtype=>320, :devPerfMemoryClass=>0, :gfxFeatureSetClass=>"GLES2,0", :gfxFeatureSetFallbacks=>[], :featuresToRemove=>[], :supportsEmbeddedWatchApp=>false, :supportsEmbeddedUniversalWatchApp=>false, :hasSwiftRuntime=>true, :supportsEncryptionFormat2=>false, :supportsSwiftConcurrencyNatively=>false}}
    {:device=>{:target=>"n27dap", :productType=>"Watch2,6", :displayName=>"Apple Watch Series 1 38mm"}, :traits=>{:deploymentTarget=>#<Gem::Version "6.0">, :passDeploymentTargetToAssetutil=>true, :architecture=>"armv7k", :artworkDevIdiom=>"watch", :artworkHostedIdioms=>[], :artworkScaleFactor=>2, :artworkDevSubtype=>320, :artworkDisplayGamut=>"sRGB", :devPerfMemoryClass=>0, :gfxFeatureSetClass=>"GLES2,0", :gfxFeatureSetFallbacks=>[], :featuresToRemove=>[], :supportsEmbeddedWatchApp=>false, :supportsEmbeddedUniversalWatchApp=>false, :hasSwiftRuntime=>true, :supportsEncryptionFormat2=>true, :supportsSwiftConcurrencyNatively=>false}}
    {:device=>{:target=>"n28dap", :productType=>"Watch2,7", :displayName=>"Apple Watch Series 1 42mm"}, :traits=>{:deploymentTarget=>#<Gem::Version "5.2">, :passDeploymentTargetToAssetutil=>true, :architecture=>"armv7k", :artworkDevIdiom=>"watch", :artworkHostedIdioms=>[], :artworkScaleFactor=>2, :artworkDevSubtype=>384, :devPerfMemoryClass=>0, :gfxFeatureSetClass=>"GLES2,0", :gfxFeatureSetFallbacks=>[], :featuresToRemove=>[], :supportsEmbeddedWatchApp=>false, :supportsEmbeddedUniversalWatchApp=>false, :hasSwiftRuntime=>true, :supportsEncryptionFormat2=>false, :supportsSwiftConcurrencyNatively=>false}}
    {:device=>{:target=>"n28dap", :productType=>"Watch2,7", :displayName=>"Apple Watch Series 1 42mm"}, :traits=>{:deploymentTarget=>#<Gem::Version "6.0">, :passDeploymentTargetToAssetutil=>true, :architecture=>"armv7k", :artworkDevIdiom=>"watch", :artworkHostedIdioms=>[], :artworkScaleFactor=>2, :artworkDevSubtype=>384, :artworkDisplayGamut=>"sRGB", :devPerfMemoryClass=>0, :gfxFeatureSetClass=>"GLES2,0", :gfxFeatureSetFallbacks=>[], :featuresToRemove=>[], :supportsEmbeddedWatchApp=>false, :supportsEmbeddedUniversalWatchApp=>false, :hasSwiftRuntime=>true, :supportsEncryptionFormat2=>true, :supportsSwiftConcurrencyNatively=>false}}
    {:device=>{:target=>"n111sap", :productType=>"Watch3,1", :displayName=>"Apple Watch Series 3 (GPS + Cellular) 38mm"}, :traits=>{:deploymentTarget=>#<Gem::Version "5.2">, :passDeploymentTargetToAssetutil=>true, :architecture=>"armv7k", :artworkDevIdiom=>"watch", :artworkHostedIdioms=>[], :artworkScaleFactor=>2, :artworkDevSubtype=>320, :artworkDisplayGamut=>"sRGB", :devPerfMemoryClass=>0, :gfxFeatureSetClass=>"GLES2,0", :gfxFeatureSetFallbacks=>[], :featuresToRemove=>[], :supportsEmbeddedWatchApp=>false, :supportsEmbeddedUniversalWatchApp=>false, :hasSwiftRuntime=>true, :supportsEncryptionFormat2=>false, :supportsSwiftConcurrencyNatively=>false}}
2023-02-11 02:20:26 +0000      {:device=>{:target=>"n111sap", :productType=>"Watch3,1", :displayName=>"Apple Watch Series 3 (GPS + Cellular) 38mm"}, :traits=>{:deploymentTarget=>#<Gem::Version "6.0">, :passDeploymentTargetToAssetutil=>true, :architecture=>"armv7k", :artworkDevIdiom=>"watch", :artworkHostedIdioms=>[], :artworkScaleFactor=>2, :artworkDevSubtype=>320, :artworkDisplayGamut=>"sRGB", :devPerfMemoryClass=>0, :gfxFeatureSetClass=>"GLES2,0", :gfxFeatureSetFallbacks=>[], :featuresToRemove=>[], :supportsEmbeddedWatchApp=>false, :supportsEmbeddedUniversalWatchApp=>false, :hasSwiftRuntime=>true, :supportsEncryptionFormat2=>true, :supportsSwiftConcurrencyNatively=>false}}
    {:device=>{:target=>"n111sap", :productType=>"Watch3,1", :displayName=>"Apple Watch Series 3 (GPS + Cellular) 38mm"}, :traits=>{:deploymentTarget=>#<Gem::Version "7.0">, :passDeploymentTargetToAssetutil=>true, :architecture=>"armv7k", :artworkDevIdiom=>"watch", :artworkHostedIdioms=>[], :artworkScaleFactor=>2, :artworkDevSubtype=>320, :artworkDisplayGamut=>"sRGB", :devPerfMemoryClass=>0, :gfxFeatureSetClass=>"GLES2,0", :gfxFeatureSetFallbacks=>[], :featuresToRemove=>[], :supportsEmbeddedWatchApp=>false, :supportsEmbeddedUniversalWatchApp=>false, :hasSwiftRuntime=>true, :supportsEncryptionFormat2=>true, :supportsSwiftConcurrencyNatively=>false}}
    {:device=>{:target=>"n111bap", :productType=>"Watch3,2", :displayName=>"Apple Watch Series 3 (GPS + Cellular) 42mm"}, :traits=>{:deploymentTarget=>#<Gem::Version "5.2">, :passDeploymentTargetToAssetutil=>true, :architecture=>"armv7k", :artworkDevIdiom=>"watch", :artworkHostedIdioms=>[], :artworkScaleFactor=>2, :artworkDevSubtype=>384, :artworkDisplayGamut=>"sRGB", :devPerfMemoryClass=>0, :gfxFeatureSetClass=>"GLES2,0", :gfxFeatureSetFallbacks=>[], :featuresToRemove=>[], :supportsEmbeddedWatchApp=>false, :supportsEmbeddedUniversalWatchApp=>false, :hasSwiftRuntime=>true, :supportsEncryptionFormat2=>false, :supportsSwiftConcurrencyNatively=>false}}
    {:device=>{:target=>"n111bap", :productType=>"Watch3,2", :displayName=>"Apple Watch Series 3 (GPS + Cellular) 42mm"}, :traits=>{:deploymentTarget=>#<Gem::Version "6.0">, :passDeploymentTargetToAssetutil=>true, :architecture=>"armv7k", :artworkDevIdiom=>"watch", :artworkHostedIdioms=>[], :artworkScaleFactor=>2, :artworkDevSubtype=>384, :artworkDisplayGamut=>"sRGB", :devPerfMemoryClass=>0, :gfxFeatureSetClass=>"GLES2,0", :gfxFeatureSetFallbacks=>[], :featuresToRemove=>[], :supportsEmbeddedWatchApp=>false, :supportsEmbeddedUniversalWatchApp=>false, :hasSwiftRuntime=>true, :supportsEncryptionFormat2=>true, :supportsSwiftConcurrencyNatively=>false}}
    {:device=>{:target=>"n111bap", :productType=>"Watch3,2", :displayName=>"Apple Watch Series 3 (GPS + Cellular) 42mm"}, :traits=>{:deploymentTarget=>#<Gem::Version "7.0">, :passDeploymentTargetToAssetutil=>true, :architecture=>"armv7k", :artworkDevIdiom=>"watch", :artworkHostedIdioms=>[], :artworkScaleFactor=>2, :artworkDevSubtype=>384, :artworkDisplayGamut=>"sRGB", :devPerfMemoryClass=>0, :gfxFeatureSetClass=>"GLES2,0", :gfxFeatureSetFallbacks=>[], :featuresToRemove=>[], :supportsEmbeddedWatchApp=>false, :supportsEmbeddedUniversalWatchApp=>false, :hasSwiftRuntime=>true, :supportsEncryptionFormat2=>true, :supportsSwiftConcurrencyNatively=>false}}
2023-02-11 02:20:26 +0000      {:device=>{:target=>"n121sap", :productType=>"Watch3,3", :displayName=>"Apple Watch Series 3 (GPS) 38mm"}, :traits=>{:deploymentTarget=>#<Gem::Version "5.2">, :passDeploymentTargetToAssetutil=>true, :architecture=>"armv7k", :artworkDevIdiom=>"watch", :artworkHostedIdioms=>[], :artworkScaleFactor=>2, :artworkDevSubtype=>320, :artworkDisplayGamut=>"sRGB", :devPerfMemoryClass=>0, :gfxFeatureSetClass=>"GLES2,0", :gfxFeatureSetFallbacks=>[], :featuresToRemove=>[], :supportsEmbeddedWatchApp=>false, :supportsEmbeddedUniversalWatchApp=>false, :hasSwiftRuntime=>true, :supportsEncryptionFormat2=>false, :supportsSwiftConcurrencyNatively=>false}}
    {:device=>{:target=>"n121sap", :productType=>"Watch3,3", :displayName=>"Apple Watch Series 3 (GPS) 38mm"}, :traits=>{:deploymentTarget=>#<Gem::Version "6.0">, :passDeploymentTargetToAssetutil=>true, :architecture=>"armv7k", :artworkDevIdiom=>"watch", :artworkHostedIdioms=>[], :artworkScaleFactor=>2, :artworkDevSubtype=>320, :artworkDisplayGamut=>"sRGB", :devPerfMemoryClass=>0, :gfxFeatureSetClass=>"GLES2,0", :gfxFeatureSetFallbacks=>[], :featuresToRemove=>[], :supportsEmbeddedWatchApp=>false, :supportsEmbeddedUniversalWatchApp=>false, :hasSwiftRuntime=>true, :supportsEncryptionFormat2=>true, :supportsSwiftConcurrencyNatively=>false}}
    {:device=>{:target=>"n121sap", :productType=>"Watch3,3", :displayName=>"Apple Watch Series 3 (GPS) 38mm"}, :traits=>{:deploymentTarget=>#<Gem::Version "7.0">, :passDeploymentTargetToAssetutil=>true, :architecture=>"armv7k", :artworkDevIdiom=>"watch", :artworkHostedIdioms=>[], :artworkScaleFactor=>2, :artworkDevSubtype=>320, :artworkDisplayGamut=>"sRGB", :devPerfMemoryClass=>0, :gfxFeatureSetClass=>"GLES2,0", :gfxFeatureSetFallbacks=>[], :featuresToRemove=>[], :supportsEmbeddedWatchApp=>false, :supportsEmbeddedUniversalWatchApp=>false, :hasSwiftRuntime=>true, :supportsEncryptionFormat2=>true, :supportsSwiftConcurrencyNatively=>false}}
    {:device=>{:target=>"n121bap", :productType=>"Watch3,4", :displayName=>"Apple Watch Series 3 (GPS) 42mm"}, :traits=>{:deploymentTarget=>#<Gem::Version "5.2">, :passDeploymentTargetToAssetutil=>true, :architecture=>"armv7k", :artworkDevIdiom=>"watch", :artworkHostedIdioms=>[], :artworkScaleFactor=>2, :artworkDevSubtype=>384, :artworkDisplayGamut=>"sRGB", :devPerfMemoryClass=>0, :gfxFeatureSetClass=>"GLES2,0", :gfxFeatureSetFallbacks=>[], :featuresToRemove=>[], :supportsEmbeddedWatchApp=>false, :supportsEmbeddedUniversalWatchApp=>false, :hasSwiftRuntime=>true, :supportsEncryptionFormat2=>false, :supportsSwiftConcurrencyNatively=>false}}
    {:device=>{:target=>"n121bap", :productType=>"Watch3,4", :displayName=>"Apple Watch Series 3 (GPS) 42mm"}, :traits=>{:deploymentTarget=>#<Gem::Version "6.0">, :passDeploymentTargetToAssetutil=>true, :architecture=>"armv7k", :artworkDevIdiom=>"watch", :artworkHostedIdioms=>[], :artworkScaleFactor=>2, :artworkDevSubtype=>384, :artworkDisplayGamut=>"sRGB", :devPerfMemoryClass=>0, :gfxFeatureSetClass=>"GLES2,0", :gfxFeatureSetFallbacks=>[], :featuresToRemove=>[], :supportsEmbeddedWatchApp=>false, :supportsEmbeddedUniversalWatchApp=>false, :hasSwiftRuntime=>true, :supportsEncryptionFormat2=>true, :supportsSwiftConcurrencyNatively=>false}}
    {:device=>{:target=>"n121bap", :productType=>"Watch3,4", :displayName=>"Apple Watch Series 3 (GPS) 42mm"}, :traits=>{:deploymentTarget=>#<Gem::Version "7.0">, :passDeploymentTargetToAssetutil=>true, :architecture=>"armv7k", :artworkDevIdiom=>"watch", :artworkHostedIdioms=>[], :artworkScaleFactor=>2, :artworkDevSubtype=>384, :artworkDisplayGamut=>"sRGB", :devPerfMemoryClass=>0, :gfxFeatureSetClass=>"GLES2,0", :gfxFeatureSetFallbacks=>[], :featuresToRemove=>[], :supportsEmbeddedWatchApp=>false, :supportsEmbeddedUniversalWatchApp=>false, :hasSwiftRuntime=>true, :supportsEncryptionFormat2=>true, :supportsSwiftConcurrencyNatively=>false}}
2023-02-11 02:20:26 +0000      {:device=>{:target=>"n131sap", :productType=>"Watch4,1", :displayName=>"Apple Watch Series 4"}, :traits=>{:deploymentTarget=>#<Gem::Version "5.2">, :passDeploymentTargetToAssetutil=>true, :architecture=>"arm64e", :artworkDevIdiom=>"watch", :artworkHostedIdioms=>[], :artworkScaleFactor=>2, :artworkDevSubtype=>340, :artworkDisplayGamut=>"P3", :devPerfMemoryClass=>1, :gfxFeatureSetClass=>"MTL5,1", :gfxFeatureSetFallbacks=>["MTL3,2", "MTL2,2", "GLES2,0"], :featuresToRemove=>[], :supportsEmbeddedWatchApp=>false, :supportsEmbeddedUniversalWatchApp=>false, :hasSwiftRuntime=>true, :supportsEncryptionFormat2=>false, :supportsSwiftConcurrencyNatively=>false}}
    {:device=>{:target=>"n131sap", :productType=>"Watch4,1", :displayName=>"Apple Watch Series 4"}, :traits=>{:deploymentTarget=>#<Gem::Version "6.0">, :passDeploymentTargetToAssetutil=>true, :architecture=>"arm64e", :artworkDevIdiom=>"watch", :artworkHostedIdioms=>[], :artworkScaleFactor=>2, :artworkDevSubtype=>340, :artworkDisplayGamut=>"P3", :devPerfMemoryClass=>1, :gfxFeatureSetClass=>"APPLE5", :gfxFeatureSetFallbacks=>["APPLE3", "APPLE2", "GLES2,0"], :featuresToRemove=>[], :supportsEmbeddedWatchApp=>false, :supportsEmbeddedUniversalWatchApp=>false, :hasSwiftRuntime=>true, :supportsEncryptionFormat2=>true, :supportsSwiftConcurrencyNatively=>false}}
    {:device=>{:target=>"n131sap", :productType=>"Watch4,1", :displayName=>"Apple Watch Series 4"}, :traits=>{:deploymentTarget=>#<Gem::Version "7.0">, :passDeploymentTargetToAssetutil=>true, :architecture=>"arm64e", :artworkDevIdiom=>"watch", :artworkHostedIdioms=>[], :artworkScaleFactor=>2, :artworkDevSubtype=>340, :artworkDisplayGamut=>"P3", :devPerfMemoryClass=>1, :gfxFeatureSetClass=>"APPLE5", :gfxFeatureSetFallbacks=>["APPLE3", "APPLE2", "GLES2,0"], :featuresToRemove=>[], :supportsEmbeddedWatchApp=>false, :supportsEmbeddedUniversalWatchApp=>false, :hasSwiftRuntime=>true, :supportsEncryptionFormat2=>true, :supportsSwiftConcurrencyNatively=>false}}
2023-02-11 02:20:26 +0000      {:device=>{:target=>"n131bap", :productType=>"Watch4,2", :displayName=>"Apple Watch Series 4"}, :traits=>{:deploymentTarget=>#<Gem::Version "5.2">, :passDeploymentTargetToAssetutil=>true, :architecture=>"arm64e", :artworkDevIdiom=>"watch", :artworkHostedIdioms=>[], :artworkScaleFactor=>2, :artworkDevSubtype=>390, :artworkDisplayGamut=>"P3", :devPerfMemoryClass=>1, :gfxFeatureSetClass=>"MTL5,1", :gfxFeatureSetFallbacks=>["MTL3,2", "MTL2,2", "GLES2,0"], :featuresToRemove=>[], :supportsEmbeddedWatchApp=>false, :supportsEmbeddedUniversalWatchApp=>false, :hasSwiftRuntime=>true, :supportsEncryptionFormat2=>false, :supportsSwiftConcurrencyNatively=>false}}
    {:device=>{:target=>"n131bap", :productType=>"Watch4,2", :displayName=>"Apple Watch Series 4"}, :traits=>{:deploymentTarget=>#<Gem::Version "6.0">, :passDeploymentTargetToAssetutil=>true, :architecture=>"arm64e", :artworkDevIdiom=>"watch", :artworkHostedIdioms=>[], :artworkScaleFactor=>2, :artworkDevSubtype=>390, :artworkDisplayGamut=>"P3", :devPerfMemoryClass=>1, :gfxFeatureSetClass=>"APPLE5", :gfxFeatureSetFallbacks=>["APPLE3", "APPLE2", "GLES2,0"], :featuresToRemove=>[], :supportsEmbeddedWatchApp=>false, :supportsEmbeddedUniversalWatchApp=>false, :hasSwiftRuntime=>true, :supportsEncryptionFormat2=>true, :supportsSwiftConcurrencyNatively=>false}}
    {:device=>{:target=>"n131bap", :productType=>"Watch4,2", :displayName=>"Apple Watch Series 4"}, :traits=>{:deploymentTarget=>#<Gem::Version "7.0">, :passDeploymentTargetToAssetutil=>true, :architecture=>"arm64e", :artworkDevIdiom=>"watch", :artworkHostedIdioms=>[], :artworkScaleFactor=>2, :artworkDevSubtype=>390, :artworkDisplayGamut=>"P3", :devPerfMemoryClass=>1, :gfxFeatureSetClass=>"APPLE5", :gfxFeatureSetFallbacks=>["APPLE3", "APPLE2", "GLES2,0"], :featuresToRemove=>[], :supportsEmbeddedWatchApp=>false, :supportsEmbeddedUniversalWatchApp=>false, :hasSwiftRuntime=>true, :supportsEncryptionFormat2=>true, :supportsSwiftConcurrencyNatively=>false}}
    {:device=>{:target=>"n141sap", :productType=>"Watch4,3", :displayName=>"Apple Watch Series 4"}, :traits=>{:deploymentTarget=>#<Gem::Version "5.2">, :passDeploymentTargetToAssetutil=>true, :architecture=>"arm64e", :artworkDevIdiom=>"watch", :artworkHostedIdioms=>[], :artworkScaleFactor=>2, :artworkDevSubtype=>340, :artworkDisplayGamut=>"P3", :devPerfMemoryClass=>1, :gfxFeatureSetClass=>"MTL5,1", :gfxFeatureSetFallbacks=>["MTL3,2", "MTL2,2", "GLES2,0"], :featuresToRemove=>[], :supportsEmbeddedWatchApp=>false, :supportsEmbeddedUniversalWatchApp=>false, :hasSwiftRuntime=>true, :supportsEncryptionFormat2=>false, :supportsSwiftConcurrencyNatively=>false}}
    {:device=>{:target=>"n141sap", :productType=>"Watch4,3", :displayName=>"Apple Watch Series 4"}, :traits=>{:deploymentTarget=>#<Gem::Version "6.0">, :passDeploymentTargetToAssetutil=>true, :architecture=>"arm64e", :artworkDevIdiom=>"watch", :artworkHostedIdioms=>[], :artworkScaleFactor=>2, :artworkDevSubtype=>340, :artworkDisplayGamut=>"P3", :devPerfMemoryClass=>1, :gfxFeatureSetClass=>"APPLE5", :gfxFeatureSetFallbacks=>["APPLE3", "APPLE2", "GLES2,0"], :featuresToRemove=>[], :supportsEmbeddedWatchApp=>false, :supportsEmbeddedUniversalWatchApp=>false, :hasSwiftRuntime=>true, :supportsEncryptionFormat2=>true, :supportsSwiftConcurrencyNatively=>false}}
2023-02-11 02:20:26 +0000      {:device=>{:target=>"n141sap", :productType=>"Watch4,3", :displayName=>"Apple Watch Series 4"}, :traits=>{:deploymentTarget=>#<Gem::Version "7.0">, :passDeploymentTargetToAssetutil=>true, :architecture=>"arm64e", :artworkDevIdiom=>"watch", :artworkHostedIdioms=>[], :artworkScaleFactor=>2, :artworkDevSubtype=>340, :artworkDisplayGamut=>"P3", :devPerfMemoryClass=>1, :gfxFeatureSetClass=>"APPLE5", :gfxFeatureSetFallbacks=>["APPLE3", "APPLE2", "GLES2,0"], :featuresToRemove=>[], :supportsEmbeddedWatchApp=>false, :supportsEmbeddedUniversalWatchApp=>false, :hasSwiftRuntime=>true, :supportsEncryptionFormat2=>true, :supportsSwiftConcurrencyNatively=>false}}
    {:device=>{:target=>"n141bap", :productType=>"Watch4,4", :displayName=>"Apple Watch Series 4"}, :traits=>{:deploymentTarget=>#<Gem::Version "5.2">, :passDeploymentTargetToAssetutil=>true, :architecture=>"arm64e", :artworkDevIdiom=>"watch", :artworkHostedIdioms=>[], :artworkScaleFactor=>2, :artworkDevSubtype=>390, :artworkDisplayGamut=>"P3", :devPerfMemoryClass=>1, :gfxFeatureSetClass=>"MTL5,1", :gfxFeatureSetFallbacks=>["MTL3,2", "MTL2,2", "GLES2,0"], :featuresToRemove=>[], :supportsEmbeddedWatchApp=>false, :supportsEmbeddedUniversalWatchApp=>false, :hasSwiftRuntime=>true, :supportsEncryptionFormat2=>false, :supportsSwiftConcurrencyNatively=>false}}
    {:device=>{:target=>"n141bap", :productType=>"Watch4,4", :displayName=>"Apple Watch Series 4"}, :traits=>{:deploymentTarget=>#<Gem::Version "6.0">, :passDeploymentTargetToAssetutil=>true, :architecture=>"arm64e", :artworkDevIdiom=>"watch", :artworkHostedIdioms=>[], :artworkScaleFactor=>2, :artworkDevSubtype=>390, :artworkDisplayGamut=>"P3", :devPerfMemoryClass=>1, :gfxFeatureSetClass=>"APPLE5", :gfxFeatureSetFallbacks=>["APPLE3", "APPLE2", "GLES2,0"], :featuresToRemove=>[], :supportsEmbeddedWatchApp=>false, :supportsEmbeddedUniversalWatchApp=>false, :hasSwiftRuntime=>true, :supportsEncryptionFormat2=>true, :supportsSwiftConcurrencyNatively=>false}}
    {:device=>{:target=>"n141bap", :productType=>"Watch4,4", :displayName=>"Apple Watch Series 4"}, :traits=>{:deploymentTarget=>#<Gem::Version "7.0">, :passDeploymentTargetToAssetutil=>true, :architecture=>"arm64e", :artworkDevIdiom=>"watch", :artworkHostedIdioms=>[], :artworkScaleFactor=>2, :artworkDevSubtype=>390, :artworkDisplayGamut=>"P3", :devPerfMemoryClass=>1, :gfxFeatureSetClass=>"APPLE5", :gfxFeatureSetFallbacks=>["APPLE3", "APPLE2", "GLES2,0"], :featuresToRemove=>[], :supportsEmbeddedWatchApp=>false, :supportsEmbeddedUniversalWatchApp=>false, :hasSwiftRuntime=>true, :supportsEncryptionFormat2=>true, :supportsSwiftConcurrencyNatively=>false}}
2023-02-11 02:20:26 +0000      {:device=>{:target=>"n144sap", :productType=>"Watch5,1", :displayName=>"Apple Watch Series 5"}, :traits=>{:deploymentTarget=>#<Gem::Version "6.0">, :passDeploymentTargetToAssetutil=>true, :architecture=>"arm64e", :artworkDevIdiom=>"watch", :artworkHostedIdioms=>[], :artworkScaleFactor=>2, :artworkDevSubtype=>340, :artworkDisplayGamut=>"P3", :devPerfMemoryClass=>1, :gfxFeatureSetClass=>"APPLE5", :gfxFeatureSetFallbacks=>["APPLE3", "APPLE2", "GLES2,0"], :featuresToRemove=>[], :supportsEmbeddedWatchApp=>false, :supportsEmbeddedUniversalWatchApp=>false, :hasSwiftRuntime=>true, :supportsEncryptionFormat2=>true, :supportsSwiftConcurrencyNatively=>false}}
    {:device=>{:target=>"n144sap", :productType=>"Watch5,1", :displayName=>"Apple Watch Series 5"}, :traits=>{:deploymentTarget=>#<Gem::Version "7.0">, :passDeploymentTargetToAssetutil=>true, :architecture=>"arm64e", :artworkDevIdiom=>"watch", :artworkHostedIdioms=>[], :artworkScaleFactor=>2, :artworkDevSubtype=>340, :artworkDisplayGamut=>"P3", :devPerfMemoryClass=>1, :gfxFeatureSetClass=>"APPLE5", :gfxFeatureSetFallbacks=>["APPLE3", "APPLE2", "GLES2,0"], :featuresToRemove=>[], :supportsEmbeddedWatchApp=>false, :supportsEmbeddedUniversalWatchApp=>false, :hasSwiftRuntime=>true, :supportsEncryptionFormat2=>true, :supportsSwiftConcurrencyNatively=>false}}
    {:device=>{:target=>"n140bap", :productType=>"Watch5,10", :displayName=>"Apple Watch SE (GPS)"}, :traits=>{:deploymentTarget=>#<Gem::Version "7.0">, :passDeploymentTargetToAssetutil=>true, :architecture=>"arm64e", :artworkDevIdiom=>"watch", :artworkHostedIdioms=>[], :artworkScaleFactor=>2, :artworkDevSubtype=>390, :artworkDisplayGamut=>"P3", :devPerfMemoryClass=>1, :gfxFeatureSetClass=>"APPLE5", :gfxFeatureSetFallbacks=>["APPLE3", "APPLE2", "GLES2,0"], :featuresToRemove=>[], :supportsEmbeddedWatchApp=>false, :supportsEmbeddedUniversalWatchApp=>false, :hasSwiftRuntime=>true, :supportsEncryptionFormat2=>true, :supportsSwiftConcurrencyNatively=>false}}
    {:device=>{:target=>"n142sap", :productType=>"Watch5,11", :displayName=>"Apple Watch SE (GPS + Cellular)"}, :traits=>{:deploymentTarget=>#<Gem::Version "7.0">, :passDeploymentTargetToAssetutil=>true, :architecture=>"arm64e", :artworkDevIdiom=>"watch", :artworkHostedIdioms=>[], :artworkScaleFactor=>2, :artworkDevSubtype=>340, :artworkDisplayGamut=>"P3", :devPerfMemoryClass=>1, :gfxFeatureSetClass=>"APPLE5", :gfxFeatureSetFallbacks=>["APPLE3", "APPLE2", "GLES2,0"], :featuresToRemove=>[], :supportsEmbeddedWatchApp=>false, :supportsEmbeddedUniversalWatchApp=>false, :hasSwiftRuntime=>true, :supportsEncryptionFormat2=>true, :supportsSwiftConcurrencyNatively=>false}}
2023-02-11 02:20:26 +0000      {:device=>{:target=>"n142bap", :productType=>"Watch5,12", :displayName=>"Apple Watch SE (GPS + Cellular)"}, :traits=>{:deploymentTarget=>#<Gem::Version "7.0">, :passDeploymentTargetToAssetutil=>true, :architecture=>"arm64e", :artworkDevIdiom=>"watch", :artworkHostedIdioms=>[], :artworkScaleFactor=>2, :artworkDevSubtype=>390, :artworkDisplayGamut=>"P3", :devPerfMemoryClass=>1, :gfxFeatureSetClass=>"APPLE5", :gfxFeatureSetFallbacks=>["APPLE3", "APPLE2", "GLES2,0"], :featuresToRemove=>[], :supportsEmbeddedWatchApp=>false, :supportsEmbeddedUniversalWatchApp=>false, :hasSwiftRuntime=>true, :supportsEncryptionFormat2=>true, :supportsSwiftConcurrencyNatively=>false}}
    {:device=>{:target=>"n144bap", :productType=>"Watch5,2", :displayName=>"Apple Watch Series 5"}, :traits=>{:deploymentTarget=>#<Gem::Version "6.0">, :passDeploymentTargetToAssetutil=>true, :architecture=>"arm64e", :artworkDevIdiom=>"watch", :artworkHostedIdioms=>[], :artworkScaleFactor=>2, :artworkDevSubtype=>390, :artworkDisplayGamut=>"P3", :devPerfMemoryClass=>1, :gfxFeatureSetClass=>"APPLE5", :gfxFeatureSetFallbacks=>["APPLE3", "APPLE2", "GLES2,0"], :featuresToRemove=>[], :supportsEmbeddedWatchApp=>false, :supportsEmbeddedUniversalWatchApp=>false, :hasSwiftRuntime=>true, :supportsEncryptionFormat2=>true, :supportsSwiftConcurrencyNatively=>false}}
    {:device=>{:target=>"n144bap", :productType=>"Watch5,2", :displayName=>"Apple Watch Series 5"}, :traits=>{:deploymentTarget=>#<Gem::Version "7.0">, :passDeploymentTargetToAssetutil=>true, :architecture=>"arm64e", :artworkDevIdiom=>"watch", :artworkHostedIdioms=>[], :artworkScaleFactor=>2, :artworkDevSubtype=>390, :artworkDisplayGamut=>"P3", :devPerfMemoryClass=>1, :gfxFeatureSetClass=>"APPLE5", :gfxFeatureSetFallbacks=>["APPLE3", "APPLE2", "GLES2,0"], :featuresToRemove=>[], :supportsEmbeddedWatchApp=>false, :supportsEmbeddedUniversalWatchApp=>false, :hasSwiftRuntime=>true, :supportsEncryptionFormat2=>true, :supportsSwiftConcurrencyNatively=>false}}
    {:device=>{:target=>"n146sap", :productType=>"Watch5,3", :displayName=>"Apple Watch Series 5"}, :traits=>{:deploymentTarget=>#<Gem::Version "6.0">, :passDeploymentTargetToAssetutil=>true, :architecture=>"arm64e", :artworkDevIdiom=>"watch", :artworkHostedIdioms=>[], :artworkScaleFactor=>2, :artworkDevSubtype=>340, :artworkDisplayGamut=>"P3", :devPerfMemoryClass=>1, :gfxFeatureSetClass=>"APPLE5", :gfxFeatureSetFallbacks=>["APPLE3", "APPLE2", "GLES2,0"], :featuresToRemove=>[], :supportsEmbeddedWatchApp=>false, :supportsEmbeddedUniversalWatchApp=>false, :hasSwiftRuntime=>true, :supportsEncryptionFormat2=>true, :supportsSwiftConcurrencyNatively=>false}}
    {:device=>{:target=>"n146sap", :productType=>"Watch5,3", :displayName=>"Apple Watch Series 5"}, :traits=>{:deploymentTarget=>#<Gem::Version "7.0">, :passDeploymentTargetToAssetutil=>true, :architecture=>"arm64e", :artworkDevIdiom=>"watch", :artworkHostedIdioms=>[], :artworkScaleFactor=>2, :artworkDevSubtype=>340, :artworkDisplayGamut=>"P3", :devPerfMemoryClass=>1, :gfxFeatureSetClass=>"APPLE5", :gfxFeatureSetFallbacks=>["APPLE3", "APPLE2", "GLES2,0"], :featuresToRemove=>[], :supportsEmbeddedWatchApp=>false, :supportsEmbeddedUniversalWatchApp=>false, :hasSwiftRuntime=>true, :supportsEncryptionFormat2=>true, :supportsSwiftConcurrencyNatively=>false}}
    {:device=>{:target=>"n146bap", :productType=>"Watch5,4", :displayName=>"Apple Watch Series 5"}, :traits=>{:deploymentTarget=>#<Gem::Version "6.0">, :passDeploymentTargetToAssetutil=>true, :architecture=>"arm64e", :artworkDevIdiom=>"watch", :artworkHostedIdioms=>[], :artworkScaleFactor=>2, :artworkDevSubtype=>390, :artworkDisplayGamut=>"P3", :devPerfMemoryClass=>1, :gfxFeatureSetClass=>"APPLE5", :gfxFeatureSetFallbacks=>["APPLE3", "APPLE2", "GLES2,0"], :featuresToRemove=>[], :supportsEmbeddedWatchApp=>false, :supportsEmbeddedUniversalWatchApp=>false, :hasSwiftRuntime=>true, :supportsEncryptionFormat2=>true, :supportsSwiftConcurrencyNatively=>false}}
    {:device=>{:target=>"n146bap", :productType=>"Watch5,4", :displayName=>"Apple Watch Series 5"}, :traits=>{:deploym
2023-02-11 02:20:26 +0000  entTarget=>#<Gem::Version "7.0">, :passDeploymentTargetToAssetutil=>true, :architecture=>"arm64e", :artworkDevIdiom=>"watch", :artworkHostedIdioms=>[], :artworkScaleFactor=>2, :artworkDevSubtype=>390, :artworkDisplayGamut=>"P3", :devPerfMemoryClass=>1, :gfxFeatureSetClass=>"APPLE5", :gfxFeatureSetFallbacks=>["APPLE3", "APPLE2", "GLES2,0"], :featuresToRemove=>[], :supportsEmbeddedWatchApp=>false, :supportsEmbeddedUniversalWatchApp=>false, :hasSwiftRuntime=>true, :supportsEncryptionFormat2=>true, :supportsSwiftConcurrencyNatively=>false}}
    {:device=>{:target=>"n140sap", :productType=>"Watch5,9", :displayName=>"Apple Watch SE (GPS)"}, :traits=>{:deploymentTarget=>#<Gem::Version "7.0">, :passDeploymentTargetToAssetutil=>true, :architecture=>"arm64e", :artworkDevIdiom=>"watch", :artworkHostedIdioms=>[], :artworkScaleFactor=>2, :artworkDevSubtype=>340, :artworkDisplayGamut=>"P3", :devPerfMemoryClass=>1, :gfxFeatureSetClass=>"APPLE5", :gfxFeatureSetFallbacks=>["APPLE3", "APPLE2", "GLES2,0"], :featuresToRemove=>[], :supportsEmbeddedWatchApp=>false, :supportsEmbeddedUniversalWatchApp=>false, :hasSwiftRuntime=>true, :supportsEncryptionFormat2=>true, :supportsSwiftConcurrencyNatively=>false}}
    {:device=>{:target=>"n157sap", :productType=>"Watch6,1", :displayName=>"Apple Watch Series 6 (GPS)"}, :traits=>{:deploymentTarget=>#<Gem::Version "7.0">, :passDeploymentTargetToAssetutil=>true, :architecture=>"arm64e", :artworkDevIdiom=>"watch", :artworkHostedIdioms=>[], :artworkScaleFactor=>2, :artworkDevSubtype=>340, :artworkDisplayGamut=>"P3", :devPerfMemoryClass=>15, :gfxFeatureSetClass=>"APPLE5", :gfxFeatureSetFallbacks=>["APPLE3", "APPLE2", "GLES2,0"], :featuresToRemove=>[], :supportsEmbeddedWatchApp=>false, :supportsEmbeddedUniversalWatchApp=>false, :hasSwiftRuntime=>true, :supportsEncryptionFormat2=>true, :supportsSwiftConcurrencyNatively=>false}}
    {:device=>{:target=>"n157bap", :productType=>"Watch6,2", :displayName=>"Apple Watch Series 6 (GPS)"}, :traits=>{:deploymentTarget=>#<Gem::Version "7.0">, :passDeploymentTargetToAssetutil=>true, :architecture=>"arm64e", :artworkDevIdiom=>"watch", :artworkHostedIdioms=>[], :artworkScaleFactor=>2, :artworkDevSubtype=>390, :artworkDisplayGamut=>"P3", :devPerfMemoryClass=>15, :gfxFeatureSetClass=>"APPLE5", :gfxFeatureSetFallbacks=>["APPLE3", "APPLE2", "GLES2,0"], :featuresToRemove=>[], :supportsEmbeddedWatchApp=>false, :supportsEmbeddedUniversalWatchApp=>false, :hasSwiftRuntime=>true, :supportsEncryptionFormat2=>true, :supportsSwiftConcurrencyNatively=>false}}
    {:device=>{:target=>"n158sap", :productType=>"Watch6,3", :displayName=>"Apple Watch Series 6 (GPS + Cellular)"}, :traits=>{:deploymentTarget=>#<Gem::Version "7.0">, :passDeploymentTargetToAssetutil=>true, :architecture=>"arm64e", :artworkDevIdiom=>"watch", :artworkHostedIdioms=>[], :artworkScaleFactor=>2, :artworkDevSubtype=>340, :artworkDisplayGamut=>"P3", :devPerfMemoryClass=>15, :gfxFeatureSetClass=>"APPLE5", :gfxFeatureSetFallbacks=>["APPLE3", "APPLE2", "GLES2,0"], :featuresToRemove=>[], :supportsEmbeddedWatchApp=>false, :supportsEmbeddedUniversalWatchApp=>false, :hasSwiftRuntime=>true, :supportsEncryptionFormat2=>true, :supportsSwiftConcurrencyNatively=>false}}
    {:device=>{:target=>"n158bap", :productType=>"Watch6,4", :displayName=>"Apple Watch Series 6 (GPS + Cellular)"}, :traits=>{:deploymentTarget=>#<Gem::Version "7.0">, :passDeploymentTargetToAssetutil=>true, :architecture=>"arm64e", :artworkDevIdiom=>"watch", :artworkHostedIdioms=>[], :artworkScaleFactor=>2, :artworkDevSubtype=>390, :artworkDisplayGamut=>"P3", :devPerfMemoryClass=>15, :gfxFeatureSetClass=>"APPLE5", :gfxFeatureSetFallbacks=>["APPLE3", "APPLE2", "GLES2,0"], :featuresToRemove=>[], :supportsEmbeddedWatchApp=>false, :supportsEmbeddedUniversalWatchApp=>false, :hasSwiftRuntime=>true, :supportsEncryptionFormat2=>true, :supportsSwiftConcurrencyNatively=>false}}
2023-02-11 02:20:26 +0000  warning: Configuration issue: platform WatchSimulator.platform doesn't have any non-simulator SDKs; ignoring it
2023-02-11 02:20:26 +0000  Platform thinningVariants for 'iphoneos'
2023-02-11 02:20:26 +0000      {:device=>{:target=>"j210ap", :productType=>"iPad11,1", :displayName=>"iPad mini (5th generation)"}, :traits=>{:deploymentTarget=>#<Gem::Version "15.0">, :passDeploymentTargetToAssetutil=>true, :architecture=>"arm64e", :artworkDevIdiom=>"pad", :artworkHostedIdioms=>[], :artworkScaleFactor=>2, :artworkDisplayGamut=>"P3", :devPerfMemoryClass=>4, :gfxFeatureSetClass=>"APPLE5", :gfxFeatureSetFallbacks=>["APPLE4", "APPLE3", "APPLE3v1", "APPLE2", "APPLE1", "GLES2,0"], :featuresToRemove=>[], :supportsEmbeddedWatchApp=>false, :supportsEmbeddedUniversalWatchApp=>false, :hasSwiftRuntime=>true, :supportsEncryptionFormat2=>true, :supportsSwiftConcurrencyNatively=>true}}
    {:device=>{:target=>"j211ap", :productType=>"iPad11,2", :displayName=>"iPad mini (5th generation)"}, :traits=>{:deploymentTarget=>#<Gem::Version "15.0">, :passDeploymentTargetToAssetutil=>true, :architecture=>"arm64e", :artworkDevIdiom=>"pad", :artworkHostedIdioms=>[], :artworkScaleFactor=>2, :artworkDisplayGamut=>"P3", :devPerfMemoryClass=>4, :gfxFeatureSetClass=>"APPLE5", :gfxFeatureSetFallbacks=>["APPLE4", "APPLE3", "APPLE3v1", "APPLE2", "APPLE1", "GLES2,0"], :featuresToRemove=>[], :supportsEmbeddedWatchApp=>false, :supportsEmbeddedUniversalWatchApp=>false, :hasSwiftRuntime=>true, :supportsEncryptionFormat2=>true, :supportsSwiftConcurrencyNatively=>true}}
    {:device=>{:target=>"j217ap", :productType=>"iPad11,3", :displayName=>"iPad Air (3rd generation)"}, :traits=>{:deploymentTarget=>#<Gem::Version "15.0">, :passDeploymentTargetToAssetutil=>true, :architecture=>"arm64e", :artworkDevIdiom=>"pad", :artworkHostedIdioms=>[], :artworkScaleFactor=>2, :artworkDevSubtype=>2224, :artworkDisplayGamut=>"P3", :devPerfMemoryClass=>4, :gfxFeatureSetClass=>"APPLE5", :gfxFeatureSetFallbacks=>["APPLE4", "APPLE3", "APPLE3v1", "APPLE2", "APPLE1", "GLES2,0"], :featuresToRemove=>[], :supportsEmbeddedWatchApp=>false, :supportsEmbeddedUniversalWatchApp=>false, :hasSwiftRuntime=>true, :supportsEncryptionFormat2=>true, :supportsSwiftConcurrencyNatively=>true}}
    {:device=>{:target=>"j218ap", :productType=>"iPad11,4", :displayName=>"iPad Air (3rd generation)"}, :traits=>{:deploymentTarget=>#<Gem::Version "15.0">, :passDeploymentTargetToAssetutil=>true, :architecture=>"arm64e", :artworkDevIdiom=>"pad", :artworkHostedIdioms=>[], :artworkScaleFactor=>2, :artworkDevSubtype=>2224, :artworkDisplayGamut=>"P3", :devPerfMemoryClass=>4, :gfxFeatureSetClass=>"APPLE5", :gfxFeatureSetFallbacks=>["APPLE4", "APPLE3", "APPLE3v1", "APPLE2", "APPLE1", "GLES2,0"], :featuresToRemove=>[], :supportsEmbeddedWatchApp=>false, :supportsEmbeddedUniversalWatchApp=>false, :hasSwiftRuntime=>true, :supportsEncryptionFormat2=>true, :supportsSwiftConcurrencyNatively=>true}}
    {:device=>{:target=>"j171aap", :productType=>"iPad11,6", :displayName=>"iPad (8th generation)"}, :traits=>{:deploymentTarget=>#<Gem::Version "15.0">, :passDeploymentTargetToAssetutil=>true, :architecture=>"arm64e", :artworkDevIdiom=>"pad", :artworkHostedIdioms=>[], :artworkScaleFactor=>2, :artworkDevSubtype=>2160, :artworkDisplayGamut=>"sRGB", :devPerfMemoryClass=>4, :gfxFeatureSetClass=>"APPLE5", :gfxFeatureSetFallbacks=>["APPLE4", "APPLE3v1", "APPLE2", "APPLE1", "GLES2,0"], :featuresToRemove=>[], :supportsEmbeddedWatchApp=>false, :supportsEmbeddedUniversalWatchApp=>false, :hasSwiftRuntime=>true, :supportsEncryptionFormat2=>true, :supportsSwiftConcurrencyNatively=>true}}
    {:device=>{:target=>"j172aap", :productType=>"iPad11,7", :displayName=>"iPad (8th generation)"}, :traits=>{:deploymentTarget=>#<Gem::Version "15.0">, :passDeploymentTargetToAssetutil=>true, :architecture=>"arm64e", :artworkDevIdiom=>"pad", :artworkHostedIdioms=>[], :artworkScaleFactor=>2, :artworkDevSubtype=>2160, :artworkDisplayGamut=>"sRGB", :devPerfMemoryClass=>4, :gfxFeatureSetClass=>"APPLE5", :gfxFeatureSetFallbacks=>["APPLE4", "APPLE3v1", "APPLE2", "APPLE1", "GLES2,0"], :featuresToRemove=>[], :supportsEmbeddedWatchApp=>false, :supportsEmbeddedUniversalWatchApp=>false, :hasSwiftRuntime=>true, :supportsEncryptionFormat2=>true, :supportsSwiftConcurrencyNatively=
2023-02-11 02:20:26 +0000  >true}}
    {:device=>{:target=>"j181ap", :productType=>"iPad12,1", :displayName=>"iPad (9th generation)"}, :traits=>{:deploymentTarget=>#<Gem::Version "15.0">, :passDeploymentTargetToAssetutil=>true, :architecture=>"arm64e", :artworkDevIdiom=>"pad", :artworkHostedIdioms=>[], :artworkScaleFactor=>2, :artworkDevSubtype=>2160, :artworkDisplayGamut=>"sRGB", :devPerfMemoryClass=>4, :gfxFeatureSetClass=>"APPLE6", :gfxFeatureSetFallbacks=>["APPLE5", "APPLE4", "APPLE3v1", "APPLE2", "APPLE1", "GLES2,0"], :featuresToRemove=>[], :supportsEmbeddedWatchApp=>false, :supportsEmbeddedUniversalWatchApp=>false, :hasSwiftRuntime=>true, :supportsEncryptionFormat2=>true, :supportsSwiftConcurrencyNatively=>true}}
    {:device=>{:target=>"j182ap", :productType=>"iPad12,2", :displayName=>"iPad (9th generation)"}, :traits=>{:deploymentTarget=>#<Gem::Version "15.0">, :passDeploymentTargetToAssetutil=>true, :architecture=>"arm64e", :artworkDevIdiom=>"pad", :artworkHostedIdioms=>[], :artworkScaleFactor=>2, :artworkDevSubtype=>2160, :artworkDisplayGamut=>"sRGB", :devPerfMemoryClass=>4, :gfxFeatureSetClass=>"APPLE6", :gfxFeatureSetFallbacks=>["APPLE5", "APPLE4", "APPLE3v1", "APPLE2", "APPLE1", "GLES2,0"], :featuresToRemove=>[], :supportsEmbeddedWatchApp=>false, :supportsEmbeddedUniversalWatchApp=>false, :hasSwiftRuntime=>true, :supportsEncryptionFormat2=>true, :supportsSwiftConcurrencyNatively=>true}}
    {:device=>{:target=>"j307ap", :productType=>"iPad13,1", :displayName=>"iPad Air (4th generation)"}, :traits=>{:deploymentTarget=>#<Gem::Version "15.0">, :passDeploymentTargetToAssetutil=>true, :architecture=>"arm64e", :artworkDevIdiom=>"pad", :artworkHostedIdioms=>[], :artworkScaleFactor=>2, :artworkDevSubtype=>2360, :artworkDisplayGamut=>"P3", :devPerfMemoryClass=>3, :gfxFeatureSetClass=>"APPLE7", :gfxFeatureSetFallbacks=>["APPLE6", "APPLE5", "APPLE4", "APPLE3", "APPLE3v1", "APPLE2", "APPLE1", "GLES2,0"], :featuresToRemove=>[], :supportsEmbeddedWatchApp=>false, :supportsEmbeddedUniversalWatchApp=>false, :hasSwiftRuntime=>true, :supportsEncryptionFormat2=>true, :supportsSwiftConcurrencyNatively=>true}}
    {:device=>{:target=>"j523ap", :productType=>"iPad13,10", :displayName=>"iPad Pro (12.9-inch) (5th generation)"}, :traits=>{:deploymentTarget=>#<Gem::Version "15.0">, :passDeploymentTargetToAssetutil=>true, :architecture=>"arm64e", :artworkDevIdiom=>"pad", :artworkHostedIdioms=>[], :artworkScaleFactor=>2, :artworkDevSubtype=>2732, :artworkDisplayGamut=>"P3", :devPerfMemoryClass=>8, :gfxFeatureSetClass=>"APPLE7", :gfxFeatureSetFallbacks=>["APPLE6", "APPLE5", "APPLE4", "APPLE3", "APPLE3v1", "APPLE2", "APPLE1", "GLES2,0"], :featuresToRemove=>[], :supportsEmbeddedWatchApp=>false, :supportsEmbeddedUniversalWatchApp=>false, :hasSwiftRuntime=>true, :supportsEncryptionFormat2=>true, :supportsSwiftConcurrencyNatively=>true}}
    {:device=>{:target=>"j523xap", :productType=>"iPad13,11", :displayName=>"iPad Pro (12.9-inch) (5th generation)"}, :traits=>{:deploymentTarget=>#<Gem::Version "15.0">, :passDeploymentTargetToAssetutil=>true, :architecture=>"arm64e", :artworkDevIdiom=>"pad", :artworkHostedIdioms=>[], :artworkScaleFactor=>2, :artworkDevSubtype=>2732, :artworkDisplayGamut=>"P3", :devPerfMemoryClass=>16, :gfxFeatureSetClass=>"APPLE7", :gfxFeatureSetFallbacks=>["APPLE6", "APPLE5", "APPLE4", "APPLE3", "APPLE3v1", "APPLE2", "APPLE1", "GLES2,0"], :featuresToRemove=>[], :supportsEmbeddedWatchApp=>false, :supportsEmbeddedUniversalWatchApp=>false, :hasSwiftRuntime=>true, :supportsEncryptionFormat2=>true, :supportsSwiftConcurrencyNatively=>true}}
    {:device=>{:target=>"j308ap", :productType=>"iPad13,2", :displayName=>"iPad Air (4th generation)"}, :traits=>{:deploymentTarget=>#<Gem::Version "15.0">, :passDeploymentTargetToAssetutil=>true, :architecture=>"arm64e", :artworkDevIdiom=>"pad", :artworkHostedIdioms=>[], :artworkScaleFactor=>2, :artworkDevSubtype=>2360, :artworkDisplayGamut=>"P3", :devPerfMemoryClass=>3, :gfxFeatureSetClass=>"APPLE7", :gfxFeatureSetFallbacks=>["APPLE6", "APPLE5", "APPLE4", "APPLE3", "APPLE3v1", "APPLE2", "APPLE1", "GLES2,0"], :feature
2023-02-11 02:20:26 +0000  sToRemove=>[], :supportsEmbeddedWatchApp=>false, :supportsEmbeddedUniversalWatchApp=>false, :hasSwiftRuntime=>true, :supportsEncryptionFormat2=>true, :supportsSwiftConcurrencyNatively=>true}}
    {:device=>{:target=>"j517ap", :productType=>"iPad13,4", :displayName=>"iPad Pro (11-inch) (3rd generation)"}, :traits=>{:deploymentTarget=>#<Gem::Version "15.0">, :passDeploymentTargetToAssetutil=>true, :architecture=>"arm64e", :artworkDevIdiom=>"pad", :artworkHostedIdioms=>[], :artworkScaleFactor=>2, :artworkDevSubtype=>2388, :artworkDisplayGamut=>"P3", :devPerfMemoryClass=>8, :gfxFeatureSetClass=>"APPLE7", :gfxFeatureSetFallbacks=>["APPLE6", "APPLE5", "APPLE4", "APPLE3", "APPLE3v1", "APPLE2", "APPLE1", "GLES2,0"], :featuresToRemove=>[], :supportsEmbeddedWatchApp=>false, :supportsEmbeddedUniversalWatchApp=>false, :hasSwiftRuntime=>true, :supportsEncryptionFormat2=>true, :supportsSwiftConcurrencyNatively=>true}}
    {:device=>{:target=>"j517xap", :productType=>"iPad13,5", :displayName=>"iPad Pro (11-inch) (3rd generation)"}, :traits=>{:deploymentTarget=>#<Gem::Version "15.0">, :passDeploymentTargetToAssetutil=>true, :architecture=>"arm64e", :artworkDevIdiom=>"pad", :artworkHostedIdioms=>[], :artworkScaleFactor=>2, :artworkDevSubtype=>2388, :artworkDisplayGamut=>"P3", :devPerfMemoryClass=>16, :gfxFeatureSetClass=>"APPLE7", :gfxFeatureSetFallbacks=>["APPLE6", "APPLE5", "APPLE4", "APPLE3", "APPLE3v1", "APPLE2", "APPLE1", "GLES2,0"], :featuresToRemove=>[], :supportsEmbeddedWatchApp=>false, :supportsEmbeddedUniversalWatchApp=>false, :hasSwiftRuntime=>true, :supportsEncryptionFormat2=>true, :supportsSwiftConcurrencyNatively=>true}}
    {:device=>{:target=>"j518ap", :productType=>"iPad13,6", :displayName=>"iPad Pro (11-inch) (3rd generation)"}, :traits=>{:deploymentTarget=>#<Gem::Version "15.0">, :passDeploymentTargetToAssetutil=>true, :architecture=>"arm64e", :artworkDevIdiom=>"pad", :artworkHostedIdioms=>[], :artworkScaleFactor=>2, :artworkDevSubtype=>2388, :artworkDisplayGamut=>"P3", :devPerfMemoryClass=>8, :gfxFeatureSetClass=>"APPLE7", :gfxFeatureSetFallbacks=>["APPLE6", "APPLE5", "APPLE4", "APPLE3", "APPLE3v1", "APPLE2", "APPLE1", "GLES2,0"], :featuresToRemove=>[], :supportsEmbeddedWatchApp=>false, :supportsEmbeddedUniversalWatchApp=>false, :hasSwiftRuntime=>true, :supportsEncryptionFormat2=>true, :supportsSwiftConcurrencyNatively=>true}}
    {:device=>{:target=>"j518xap", :productType=>"iPad13,7", :displayName=>"iPad Pro (11-inch) (3rd generation)"}, :traits=>{:deploymentTarget=>#<Gem::Version "15.0">, :passDeploymentTargetToAssetutil=>true, :architecture=>"arm64e", :artworkDevIdiom=>"pad", :artworkHostedIdioms=>[], :artworkScaleFactor=>2, :artworkDevSubtype=>2388, :artworkDisplayGamut=>"P3", :devPerfMemoryClass=>16, :gfxFeatureSetClass=>"APPLE7", :gfxFeatureSetFallbacks=>["APPLE6", "APPLE5", "APPLE4", "APPLE3", "APPLE3v1", "APPLE2", "APPLE1", "GLES2,0"], :featuresToRemove=>[], :supportsEmbeddedWatchApp=>false, :supportsEmbeddedUniversalWatchApp=>false, :hasSwiftRuntime=>true, :supportsEncryptionFormat2=>true, :supportsSwiftConcurrencyNatively=>true}}
    {:device=>{:target=>"j522ap", :productType=>"iPad13,8", :displayName=>"iPad Pro (12.9-inch) (5th generation)"}, :traits=>{:deploymentTarget=>#<Gem::Version "15.0">, :passDeploymentTargetToAssetutil=>true, :architecture=>"arm64e", :artworkDevIdiom=>"pad", :artworkHostedIdioms=>[], :artworkScaleFactor=>2, :artworkDevSubtype=>2732, :artworkDisplayGamut=>"P3", :devPerfMemoryClass=>8, :gfxFeatureSetClass=>"APPLE7", :gfxFeatureSetFallbacks=>["APPLE6", "APPLE5", "APPLE4", "APPLE3", "APPLE3v1", "APPLE2", "APPLE1", "GLES2,0"], :featuresToRemove=>[], :supportsEmbeddedWatchApp=>false, :supportsEmbeddedUniversalWatchApp=>false, :hasSwiftRuntime=>true, :supportsEncryptionFormat2=>true, :supportsSwiftConcurrencyNatively=>true}}
    {:device=>{:target=>"j522xap", :productType=>"iPad13,9", :displayName=>"iPad Pro (12.9-inch) (5th generation)"}, :traits=>{:deploymentTarget=>#<Gem::Version "15.0">, :passDeploymentTargetToAssetutil=>true, :architecture=>"arm64e", :artworkDevIdiom=>"pad", :artwork
2023-02-11 02:20:26 +0000  HostedIdioms=>[], :artworkScaleFactor=>2, :artworkDevSubtype=>2732, :artworkDisplayGamut=>"P3", :devPerfMemoryClass=>16, :gfxFeatureSetClass=>"APPLE7", :gfxFeatureSetFallbacks=>["APPLE6", "APPLE5", "APPLE4", "APPLE3", "APPLE3v1", "APPLE2", "APPLE1", "GLES2,0"], :featuresToRemove=>[], :supportsEmbeddedWatchApp=>false, :supportsEmbeddedUniversalWatchApp=>false, :hasSwiftRuntime=>true, :supportsEncryptionFormat2=>true, :supportsSwiftConcurrencyNatively=>true}}
    {:device=>{:target=>"j310ap", :productType=>"iPad14,1", :displayName=>"iPad mini (6th generation)"}, :traits=>{:deploymentTarget=>#<Gem::Version "15.0">, :passDeploymentTargetToAssetutil=>true, :architecture=>"arm64e", :artworkDevIdiom=>"pad", :artworkHostedIdioms=>[], :artworkScaleFactor=>2, :artworkDevSubtype=>2266, :artworkDisplayGamut=>"P3", :devPerfMemoryClass=>3, :gfxFeatureSetClass=>"APPLE8", :gfxFeatureSetFallbacks=>["APPLE7", "APPLE6", "APPLE5", "APPLE4", "APPLE3", "APPLE2", "APPLE1", "GLES2,0"], :featuresToRemove=>[], :supportsEmbeddedWatchApp=>false, :supportsEmbeddedUniversalWatchApp=>false, :hasSwiftRuntime=>true, :supportsEncryptionFormat2=>true, :supportsSwiftConcurrencyNatively=>true}}
    {:device=>{:target=>"j311ap", :productType=>"iPad14,2", :displayName=>"iPad mini (6th generation)"}, :traits=>{:deploymentTarget=>#<Gem::Version "15.0">, :passDeploymentTargetToAssetutil=>true, :architecture=>"arm64e", :artworkDevIdiom=>"pad", :artworkHostedIdioms=>[], :artworkScaleFactor=>2, :artworkDevSubtype=>2266, :artworkDisplayGamut=>"P3", :devPerfMemoryClass=>3, :gfxFeatureSetClass=>"APPLE8", :gfxFeatureSetFallbacks=>["APPLE7", "APPLE6", "APPLE5", "APPLE4", "APPLE3", "APPLE2", "APPLE1", "GLES2,0"], :featuresToRemove=>[], :supportsEmbeddedWatchApp=>false, :supportsEmbeddedUniversalWatchApp=>false, :hasSwiftRuntime=>true, :supportsEncryptionFormat2=>true, :supportsSwiftConcurrencyNatively=>true}}
    {:device=>{:target=>"j96ap", :productType=>"iPad5,1", :displayName=>"iPad mini 4"}, :traits=>{:deploymentTarget=>#<Gem::Version "15.0">, :passDeploymentTargetToAssetutil=>true, :architecture=>"arm64", :artworkDevIdiom=>"pad", :artworkHostedIdioms=>[], :artworkScaleFactor=>2, :artworkDisplayGamut=>"sRGB", :devPerfMemoryClass=>2, :gfxFeatureSetClass=>"APPLE2", :gfxFeatureSetFallbacks=>["APPLE1", "GLES2,0"], :featuresToRemove=>[], :supportsEmbeddedWatchApp=>false, :supportsEmbeddedUniversalWatchApp=>false, :hasSwiftRuntime=>true, :supportsEncryptionFormat2=>true, :supportsSwiftConcurrencyNatively=>true}}
    {:device=>{:target=>"j97ap", :productType=>"iPad5,2", :displayName=>"iPad mini 4"}, :traits=>{:deploymentTarget=>#<Gem::Version "15.0">, :passDeploymentTargetToAssetutil=>true, :architecture=>"arm64", :artworkDevIdiom=>"pad", :artworkHostedIdioms=>[], :artworkScaleFactor=>2, :artworkDisplayGamut=>"sRGB", :devPerfMemoryClass=>2, :gfxFeatureSetClass=>"APPLE2", :gfxFeatureSetFallbacks=>["APPLE1", "GLES2,0"], :featuresToRemove=>[], :supportsEmbeddedWatchApp=>false, :supportsEmbeddedUniversalWatchApp=>false, :hasSwiftRuntime=>true, :supportsEncryptionFormat2=>true, :supportsSwiftConcurrencyNatively=>true}}
    {:device=>{:target=>"j81ap", :productType=>"iPad5,3", :displayName=>"iPad Air 2"}, :traits=>{:deploymentTarget=>#<Gem::Version "15.0">, :passDeploymentTargetToAssetutil=>true, :architecture=>"arm64", :artworkDevIdiom=>"pad", :artworkHostedIdioms=>[], :artworkScaleFactor=>2, :artworkDisplayGamut=>"sRGB", :devPerfMemoryClass=>2, :gfxFeatureSetClass=>"APPLE2", :gfxFeatureSetFallbacks=>["APPLE1", "GLES2,0"], :featuresToRemove=>[], :supportsEmbeddedWatchApp=>false, :supportsEmbeddedUniversalWatchApp=>false, :hasSwiftRuntime=>true, :supportsEncryptionFormat2=>true, :supportsSwiftConcurrencyNatively=>true}}
    {:device=>{:target=>"j82ap", :productType=>"iPad5,4", :displayName=>"iPad Air 2"}, :traits=>{:deploymentTarget=>#<Gem::Version "15.0">, :passDeploymentTargetToAssetutil=>true, :architecture=>"arm64", :artworkDevIdiom=>"pad", :artworkHostedIdioms=>[], :artworkScaleFactor=>2, :artworkDisplayGamut=>"sRGB", :devPerfMemoryClass=>2, :gfxFeatureSetClass=>"APPLE2", :g
2023-02-11 02:20:26 +0000  fxFeatureSetFallbacks=>["APPLE1", "GLES2,0"], :featuresToRemove=>[], :supportsEmbeddedWatchApp=>false, :supportsEmbeddedUniversalWatchApp=>false, :hasSwiftRuntime=>true, :supportsEncryptionFormat2=>true, :supportsSwiftConcurrencyNatively=>true}}
    {:device=>{:target=>"j71sap", :productType=>"iPad6,11", :displayName=>"iPad (5th generation)"}, :traits=>{:deploymentTarget=>#<Gem::Version "15.0">, :passDeploymentTargetToAssetutil=>true, :architecture=>"arm64", :artworkDevIdiom=>"pad", :artworkHostedIdioms=>[], :artworkScaleFactor=>2, :artworkDisplayGamut=>"sRGB", :devPerfMemoryClass=>2, :gfxFeatureSetClass=>"APPLE3", :gfxFeatureSetFallbacks=>["APPLE3v1", "APPLE2", "APPLE1", "GLES2,0"], :featuresToRemove=>[], :supportsEmbeddedWatchApp=>false, :supportsEmbeddedUniversalWatchApp=>false, :hasSwiftRuntime=>true, :supportsEncryptionFormat2=>true, :supportsSwiftConcurrencyNatively=>true}}
    {:device=>{:target=>"j71tap", :productType=>"iPad6,11", :displayName=>"iPad (5th generation)"}, :traits=>{:deploymentTarget=>#<Gem::Version "15.0">, :passDeploymentTargetToAssetutil=>true, :architecture=>"arm64", :artworkDevIdiom=>"pad", :artworkHostedIdioms=>[], :artworkScaleFactor=>2, :artworkDisplayGamut=>"sRGB", :devPerfMemoryClass=>2, :gfxFeatureSetClass=>"APPLE3", :gfxFeatureSetFallbacks=>["APPLE3v1", "APPLE2", "APPLE1", "GLES2,0"], :featuresToRemove=>[], :supportsEmbeddedWatchApp=>false, :supportsEmbeddedUniversalWatchApp=>false, :hasSwiftRuntime=>true, :supportsEncryptionFormat2=>true, :supportsSwiftConcurrencyNatively=>true}}
    {:device=>{:target=>"j72sap", :productType=>"iPad6,12", :displayName=>"iPad (5th generation)"}, :traits=>{:deploymentTarget=>#<Gem::Version "15.0">, :passDeploymentTargetToAssetutil=>true, :architecture=>"arm64", :artworkDevIdiom=>"pad", :artworkHostedIdioms=>[], :artworkScaleFactor=>2, :artworkDisplayGamut=>"sRGB", :devPerfMemoryClass=>2, :gfxFeatureSetClass=>"APPLE3", :gfxFeatureSetFallbacks=>["APPLE3v1", "APPLE2", "APPLE1", "GLES2,0"], :featuresToRemove=>[], :supportsEmbeddedWatchApp=>false, :supportsEmbeddedUniversalWatchApp=>false, :hasSwiftRuntime=>true, :supportsEncryptionFormat2=>true, :supportsSwiftConcurrencyNatively=>true}}
    {:device=>{:target=>"j72tap", :productType=>"iPad6,12", :displayName=>"iPad (5th generation)"}, :traits=>{:deploymentTarget=>#<Gem::Version "15.0">, :passDeploymentTargetToAssetutil=>true, :architecture=>"arm64", :artworkDevIdiom=>"pad", :artworkHostedIdioms=>[], :artworkScaleFactor=>2, :artworkDisplayGamut=>"sRGB", :devPerfMemoryClass=>2, :gfxFeatureSetClass=>"APPLE3", :gfxFeatureSetFallbacks=>["APPLE3v1", "APPLE2", "APPLE1", "GLES2,0"], :featuresToRemove=>[], :supportsEmbeddedWatchApp=>false, :supportsEmbeddedUniversalWatchApp=>false, :hasSwiftRuntime=>true, :supportsEncryptionFormat2=>true, :supportsSwiftConcurrencyNatively=>true}}
    {:device=>{:target=>"j127ap", :productType=>"iPad6,3", :displayName=>"iPad Pro (9.7-inch)"}, :traits=>{:deploymentTarget=>#<Gem::Version "15.0">, :passDeploymentTargetToAssetutil=>true, :architecture=>"arm64", :artworkDevIdiom=>"pad", :artworkHostedIdioms=>[], :artworkScaleFactor=>2, :artworkDisplayGamut=>"P3", :devPerfMemoryClass=>2, :gfxFeatureSetClass=>"APPLE3", :gfxFeatureSetFallbacks=>["APPLE3v1", "APPLE2", "APPLE1", "GLES2,0"], :featuresToRemove=>[], :supportsEmbeddedWatchApp=>false, :supportsEmbeddedUniversalWatchApp=>false, :hasSwiftRuntime=>true, :supportsEncryptionFormat2=>true, :supportsSwiftConcurrencyNatively=>true}}
    {:device=>{:target=>"j128ap", :productType=>"iPad6,4", :displayName=>"iPad Pro (9.7-inch)"}, :traits=>{:deploymentTarget=>#<Gem::Version "15.0">, :passDeploymentTargetToAssetutil=>true, :architecture=>"arm64", :artworkDevIdiom=>"pad", :artworkHostedIdioms=>[], :artworkScaleFactor=>2, :artworkDisplayGamut=>"P3", :devPerfMemoryClass=>2, :gfxFeatureSetClass=>"APPLE3", :gfxFeatureSetFallbacks=>["APPLE3v1", "APPLE2", "APPLE1", "GLES2,0"], :featuresToRemove=>[], :supportsEmbeddedWatchApp=>false, :supportsEmbeddedUniversalWatchApp=>false, :hasSwiftRuntime=>true, :supportsEncryptionFormat2=>true, :supportsSwiftConcur
2023-02-11 02:20:26 +0000  rencyNatively=>true}}
    {:device=>{:target=>"j98aap", :productType=>"iPad6,7", :displayName=>"iPad Pro (12.9-inch)"}, :traits=>{:deploymentTarget=>#<Gem::Version "15.0">, :passDeploymentTargetToAssetutil=>true, :architecture=>"arm64", :artworkDevIdiom=>"pad", :artworkHostedIdioms=>[], :artworkScaleFactor=>2, :artworkDevSubtype=>2732, :artworkDisplayGamut=>"sRGB", :devPerfMemoryClass=>3, :gfxFeatureSetClass=>"APPLE3", :gfxFeatureSetFallbacks=>["APPLE3v1", "APPLE2", "APPLE1", "GLES2,0"], :featuresToRemove=>[], :supportsEmbeddedWatchApp=>false, :supportsEmbeddedUniversalWatchApp=>false, :hasSwiftRuntime=>true, :supportsEncryptionFormat2=>true, :supportsSwiftConcurrencyNatively=>true}}
    {:device=>{:target=>"j99aap", :productType=>"iPad6,8", :displayName=>"iPad Pro (12.9-inch)"}, :traits=>{:deploymentTarget=>#<Gem::Version "15.0">, :passDeploymentTargetToAssetutil=>true, :architecture=>"arm64", :artworkDevIdiom=>"pad", :artworkHostedIdioms=>[], :artworkScaleFactor=>2, :artworkDevSubtype=>2732, :artworkDisplayGamut=>"sRGB", :devPerfMemoryClass=>3, :gfxFeatureSetClass=>"APPLE3", :gfxFeatureSetFallbacks=>["APPLE3v1", "APPLE2", "APPLE1", "GLES2,0"], :featuresToRemove=>[], :supportsEmbeddedWatchApp=>false, :supportsEmbeddedUniversalWatchApp=>false, :hasSwiftRuntime=>true, :supportsEncryptionFormat2=>true, :supportsSwiftConcurrencyNatively=>true}}
    {:device=>{:target=>"j120ap", :productType=>"iPad7,1", :displayName=>"iPad Pro (12.9-inch) (2nd generation)"}, :traits=>{:deploymentTarget=>#<Gem::Version "15.0">, :passDeploymentTargetToAssetutil=>true, :architecture=>"arm64", :artworkDevIdiom=>"pad", :artworkHostedIdioms=>[], :artworkScaleFactor=>2, :artworkDevSubtype=>2732, :artworkDisplayGamut=>"P3", :devPerfMemoryClass=>3, :gfxFeatureSetClass=>"APPLE3", :gfxFeatureSetFallbacks=>["APPLE3v1", "APPLE2", "APPLE1", "GLES2,0"], :featuresToRemove=>[], :supportsEmbeddedWatchApp=>false, :supportsEmbeddedUniversalWatchApp=>false, :hasSwiftRuntime=>true, :supportsEncryptionFormat2=>true, :supportsSwiftConcurrencyNatively=>true}}
    {:device=>{:target=>"j171ap", :productType=>"iPad7,11", :displayName=>"iPad (7th generation)"}, :traits=>{:deploymentTarget=>#<Gem::Version "15.0">, :passDeploymentTargetToAssetutil=>true, :architecture=>"arm64", :artworkDevIdiom=>"pad", :artworkHostedIdioms=>[], :artworkScaleFactor=>2, :artworkDisplayGamut=>"sRGB", :devPerfMemoryClass=>4, :gfxFeatureSetClass=>"APPLE3", :gfxFeatureSetFallbacks=>["APPLE3v1", "APPLE2", "APPLE1", "GLES2,0"], :featuresToRemove=>[], :supportsEmbeddedWatchApp=>false, :supportsEmbeddedUniversalWatchApp=>false, :hasSwiftRuntime=>true, :supportsEncryptionFormat2=>true, :supportsSwiftConcurrencyNatively=>true}}
    {:device=>{:target=>"j172ap", :productType=>"iPad7,12", :displayName=>"iPad (7th generation)"}, :traits=>{:deploymentTarget=>#<Gem::Version "15.0">, :passDeploymentTargetToAssetutil=>true, :architecture=>"arm64", :artworkDevIdiom=>"pad", :artworkHostedIdioms=>[], :artworkScaleFactor=>2, :artworkDisplayGamut=>"sRGB", :devPerfMemoryClass=>4, :gfxFeatureSetClass=>"APPLE3", :gfxFeatureSetFallbacks=>["APPLE3v1", "APPLE2", "APPLE1", "GLES2,0"], :featuresToRemove=>[], :supportsEmbeddedWatchApp=>false, :supportsEmbeddedUniversalWatchApp=>false, :hasSwiftRuntime=>true, :supportsEncryptionFormat2=>true, :supportsSwiftConcurrencyNatively=>true}}
    {:device=>{:target=>"j121ap", :productType=>"iPad7,2", :displayName=>"iPad Pro (12.9-inch) (2nd generation)"}, :traits=>{:deploymentTarget=>#<Gem::Version "15.0">, :passDeploymentTargetToAssetutil=>true, :architecture=>"arm64", :artworkDevIdiom=>"pad", :artworkHostedIdioms=>[], :artworkScaleFactor=>2, :artworkDevSubtype=>2732, :artworkDisplayGamut=>"P3", :devPerfMemoryClass=>3, :gfxFeatureSetClass=>"APPLE3", :gfxFeatureSetFallbacks=>["APPLE3v1", "APPLE2", "APPLE1", "GLES2,0"], :featuresToRemove=>[], :supportsEmbeddedWatchApp=>false, :supportsEmbeddedUniversalWatchApp=>false, :hasSwiftRuntime=>true, :supportsEncryptionFormat2=>true, :supportsSwiftConcurrencyNatively=>true}}
    {:device=>{:target=>"j207ap", :productType=>"iPad7,3", :displa
2023-02-11 02:20:26 +0000  yName=>"iPad Pro (10.5-inch)"}, :traits=>{:deploymentTarget=>#<Gem::Version "15.0">, :passDeploymentTargetToAssetutil=>true, :architecture=>"arm64", :artworkDevIdiom=>"pad", :artworkHostedIdioms=>[], :artworkScaleFactor=>2, :artworkDevSubtype=>2224, :artworkDisplayGamut=>"P3", :devPerfMemoryClass=>3, :gfxFeatureSetClass=>"APPLE3", :gfxFeatureSetFallbacks=>["APPLE3v1", "APPLE2", "APPLE1", "GLES2,0"], :featuresToRemove=>[], :supportsEmbeddedWatchApp=>false, :supportsEmbeddedUniversalWatchApp=>false, :hasSwiftRuntime=>true, :supportsEncryptionFormat2=>true, :supportsSwiftConcurrencyNatively=>true}}
    {:device=>{:target=>"j208ap", :productType=>"iPad7,4", :displayName=>"iPad Pro (10.5-inch)"}, :traits=>{:deploymentTarget=>#<Gem::Version "15.0">, :passDeploymentTargetToAssetutil=>true, :architecture=>"arm64", :artworkDevIdiom=>"pad", :artworkHostedIdioms=>[], :artworkScaleFactor=>2, :artworkDevSubtype=>2224, :artworkDisplayGamut=>"P3", :devPerfMemoryClass=>3, :gfxFeatureSetClass=>"APPLE3", :gfxFeatureSetFallbacks=>["APPLE3v1", "APPLE2", "APPLE1", "GLES2,0"], :featuresToRemove=>[], :supportsEmbeddedWatchApp=>false, :supportsEmbeddedUniversalWatchApp=>false, :hasSwiftRuntime=>true, :supportsEncryptionFormat2=>true, :supportsSwiftConcurrencyNatively=>true}}
    {:device=>{:target=>"j71bap", :productType=>"iPad7,5", :displayName=>"iPad (6th generation)"}, :traits=>{:deploymentTarget=>#<Gem::Version "15.0">, :passDeploymentTargetToAssetutil=>true, :architecture=>"arm64", :artworkDevIdiom=>"pad", :artworkHostedIdioms=>[], :artworkScaleFactor=>2, :artworkDisplayGamut=>"sRGB", :devPerfMemoryClass=>2, :gfxFeatureSetClass=>"APPLE3", :gfxFeatureSetFallbacks=>["APPLE3v1", "APPLE2", "APPLE1", "GLES2,0"], :featuresToRemove=>[], :supportsEmbeddedWatchApp=>false, :supportsEmbeddedUniversalWatchApp=>false, :hasSwiftRuntime=>true, :supportsEncryptionFormat2=>true, :supportsSwiftConcurrencyNatively=>true}}
    {:device=>{:target=>"j72bap", :productType=>"iPad7,6", :displayName=>"iPad (6th generation)"}, :traits=>{:deploymentTarget=>#<Gem::Version "15.0">, :passDeploymentTargetToAssetutil=>true, :architecture=>"arm64", :artworkDevIdiom=>"pad", :artworkHostedIdioms=>[], :artworkScaleFactor=>2, :artworkDisplayGamut=>"sRGB", :devPerfMemoryClass=>2, :gfxFeatureSetClass=>"APPLE3", :gfxFeatureSetFallbacks=>["APPLE3v1", "APPLE2", "APPLE1", "GLES2,0"], :featuresToRemove=>[], :supportsEmbeddedWatchApp=>false, :supportsEmbeddedUniversalWatchApp=>false, :hasSwiftRuntime=>true, :supportsEncryptionFormat2=>true, :supportsSwiftConcurrencyNatively=>true}}
    {:device=>{:target=>"j317ap", :productType=>"iPad8,1", :displayName=>"iPad Pro (11-inch)"}, :traits=>{:deploymentTarget=>#<Gem::Version "15.0">, :passDeploymentTargetToAssetutil=>true, :architecture=>"arm64e", :artworkDevIdiom=>"pad", :artworkHostedIdioms=>[], :artworkScaleFactor=>2, :artworkDevSubtype=>2388, :artworkDisplayGamut=>"P3", :devPerfMemoryClass=>3, :gfxFeatureSetClass=>"APPLE5", :gfxFeatureSetFallbacks=>["APPLE4", "APPLE3", "APPLE3v1", "APPLE2", "APPLE1", "GLES2,0"], :featuresToRemove=>[], :supportsEmbeddedWatchApp=>false, :supportsEmbeddedUniversalWatchApp=>false, :hasSwiftRuntime=>true, :supportsEncryptionFormat2=>true, :supportsSwiftConcurrencyNatively=>true}}
    {:device=>{:target=>"j418ap", :productType=>"iPad8,10", :displayName=>"iPad Pro (11-inch) (2nd generation)"}, :traits=>{:deploymentTarget=>#<Gem::Version "15.0">, :passDeploymentTargetToAssetutil=>true, :architecture=>"arm64e", :artworkDevIdiom=>"pad", :artworkHostedIdioms=>[], :artworkScaleFactor=>2, :artworkDevSubtype=>2388, :artworkDisplayGamut=>"P3", :devPerfMemoryClass=>6, :gfxFeatureSetClass=>"APPLE5", :gfxFeatureSetFallbacks=>["APPLE4", "APPLE3", "APPLE3v1", "APPLE2", "APPLE1", "GLES2,0"], :featuresToRemove=>[], :supportsEmbeddedWatchApp=>false, :supportsEmbeddedUniversalWatchApp=>false, :hasSwiftRuntime=>true, :supportsEncryptionFormat2=>true, :supportsSwiftConcurrencyNatively=>true}}
    {:device=>{:target=>"j420ap", :productType=>"iPad8,11", :displayName=>"iPad Pro (12.9-inch) (4th generation)"}, :traits=>{:deploymentT
2023-02-11 02:20:26 +0000  arget=>#<Gem::Version "15.0">, :passDeploymentTargetToAssetutil=>true, :architecture=>"arm64e", :artworkDevIdiom=>"pad", :artworkHostedIdioms=>[], :artworkScaleFactor=>2, :artworkDevSubtype=>2732, :artworkDisplayGamut=>"P3", :devPerfMemoryClass=>6, :gfxFeatureSetClass=>"APPLE5", :gfxFeatureSetFallbacks=>["APPLE4", "APPLE3", "APPLE3v1", "APPLE2", "APPLE1", "GLES2,0"], :featuresToRemove=>[], :supportsEmbeddedWatchApp=>false, :supportsEmbeddedUniversalWatchApp=>false, :hasSwiftRuntime=>true, :supportsEncryptionFormat2=>true, :supportsSwiftConcurrencyNatively=>true}}
    {:device=>{:target=>"j421ap", :productType=>"iPad8,12", :displayName=>"iPad Pro (12.9-inch) (4th generation)"}, :traits=>{:deploymentTarget=>#<Gem::Version "15.0">, :passDeploymentTargetToAssetutil=>true, :architecture=>"arm64e", :artworkDevIdiom=>"pad", :artworkHostedIdioms=>[], :artworkScaleFactor=>2, :artworkDevSubtype=>2732, :artworkDisplayGamut=>"P3", :devPerfMemoryClass=>6, :gfxFeatureSetClass=>"APPLE5", :gfxFeatureSetFallbacks=>["APPLE4", "APPLE3", "APPLE3v1", "APPLE2", "APPLE1", "GLES2,0"], :featuresToRemove=>[], :supportsEmbeddedWatchApp=>false, :supportsEmbeddedUniversalWatchApp=>false, :hasSwiftRuntime=>true, :supportsEncryptionFormat2=>true, :supportsSwiftConcurrencyNatively=>true}}
    {:device=>{:target=>"j317xap", :productType=>"iPad8,2", :displayName=>"iPad Pro (11-inch)"}, :traits=>{:deploymentTarget=>#<Gem::Version "15.0">, :passDeploymentTargetToAssetutil=>true, :architecture=>"arm64e", :artworkDevIdiom=>"pad", :artworkHostedIdioms=>[], :artworkScaleFactor=>2, :artworkDevSubtype=>2388, :artworkDisplayGamut=>"P3", :devPerfMemoryClass=>6, :gfxFeatureSetClass=>"APPLE5", :gfxFeatureSetFallbacks=>["APPLE4", "APPLE3", "APPLE3v1", "APPLE2", "APPLE1", "GLES2,0"], :featuresToRemove=>[], :supportsEmbeddedWatchApp=>false, :supportsEmbeddedUniversalWatchApp=>false, :hasSwiftRuntime=>true, :supportsEncryptionFormat2=>true, :supportsSwiftConcurrencyNatively=>true}}
    {:device=>{:target=>"j318ap", :productType=>"iPad8,3", :displayName=>"iPad Pro (11-inch)"}, :traits=>{:deploymentTarget=>#<Gem::Version "15.0">, :passDeploymentTargetToAssetutil=>true, :architecture=>"arm64e", :artworkDevIdiom=>"pad", :artworkHostedIdioms=>[], :artworkScaleFactor=>2, :artworkDevSubtype=>2388, :artworkDisplayGamut=>"P3", :devPerfMemoryClass=>3, :gfxFeatureSetClass=>"APPLE5", :gfxFeatureSetFallbacks=>["APPLE4", "APPLE3", "APPLE3v1", "APPLE2", "APPLE1", "GLES2,0"], :featuresToRemove=>[], :supportsEmbeddedWatchApp=>false, :supportsEmbeddedUniversalWatchApp=>false, :hasSwiftRuntime=>true, :supportsEncryptionFormat2=>true, :supportsSwiftConcurrencyNatively=>true}}
    {:device=>{:target=>"j318xap", :productType=>"iPad8,4", :displayName=>"iPad Pro (11-inch)"}, :traits=>{:deploymentTarget=>#<Gem::Version "15.0">, :passDeploymentTargetToAssetutil=>true, :architecture=>"arm64e", :artworkDevIdiom=>"pad", :artworkHostedIdioms=>[], :artworkScaleFactor=>2, :artworkDevSubtype=>2388, :artworkDisplayGamut=>"P3", :devPerfMemoryClass=>6, :gfxFeatureSetClass=>"APPLE5", :gfxFeatureSetFallbacks=>["APPLE4", "APPLE3", "APPLE3v1", "APPLE2", "APPLE1", "GLES2,0"], :featuresToRemove=>[], :supportsEmbeddedWatchApp=>false, :supportsEmbeddedUniversalWatchApp=>false, :hasSwiftRuntime=>true, :supportsEncryptionFormat2=>true, :supportsSwiftConcurrencyNatively=>true}}
    {:device=>{:target=>"j320ap", :productType=>"iPad8,5", :displayName=>"iPad Pro (12.9-inch) (3rd generation)"}, :traits=>{:deploymentTarget=>#<Gem::Version "15.0">, :passDeploymentTargetToAssetutil=>true, :architecture=>"arm64e", :artworkDevIdiom=>"pad", :artworkHostedIdioms=>[], :artworkScaleFactor=>2, :artworkDevSubtype=>2732, :artworkDisplayGamut=>"P3", :devPerfMemoryClass=>3, :gfxFeatureSetClass=>"APPLE5", :gfxFeatureSetFallbacks=>["APPLE4", "APPLE3", "APPLE3v1", "APPLE2", "APPLE1", "GLES2,0"], :featuresToRemove=>[], :supportsEmbeddedWatchApp=>false, :supportsEmbeddedUniversalWatchApp=>false, :hasSwiftRuntime=>true, :supportsEncryptionFormat2=>true, :supportsSwiftConcurrencyNatively=>true}}
    {:device=>{:target=>"j320xap", :productTy
2023-02-11 02:20:26 +0000  pe=>"iPad8,6", :displayName=>"iPad Pro (12.9-inch) (3rd generation)"}, :traits=>{:deploymentTarget=>#<Gem::Version "15.0">, :passDeploymentTargetToAssetutil=>true, :architecture=>"arm64e", :artworkDevIdiom=>"pad", :artworkHostedIdioms=>[], :artworkScaleFactor=>2, :artworkDevSubtype=>2732, :artworkDisplayGamut=>"P3", :devPerfMemoryClass=>6, :gfxFeatureSetClass=>"APPLE5", :gfxFeatureSetFallbacks=>["APPLE4", "APPLE3", "APPLE3v1", "APPLE2", "APPLE1", "GLES2,0"], :featuresToRemove=>[], :supportsEmbeddedWatchApp=>false, :supportsEmbeddedUniversalWatchApp=>false, :hasSwiftRuntime=>true, :supportsEncryptionFormat2=>true, :supportsSwiftConcurrencyNatively=>true}}
    {:device=>{:target=>"j321ap", :productType=>"iPad8,7", :displayName=>"iPad Pro (12.9-inch) (3rd generation)"}, :traits=>{:deploymentTarget=>#<Gem::Version "15.0">, :passDeploymentTargetToAssetutil=>true, :architecture=>"arm64e", :artworkDevIdiom=>"pad", :artworkHostedIdioms=>[], :artworkScaleFactor=>2, :artworkDevSubtype=>2732, :artworkDisplayGamut=>"P3", :devPerfMemoryClass=>3, :gfxFeatureSetClass=>"APPLE5", :gfxFeatureSetFallbacks=>["APPLE4", "APPLE3", "APPLE3v1", "APPLE2", "APPLE1", "GLES2,0"], :featuresToRemove=>[], :supportsEmbeddedWatchApp=>false, :supportsEmbeddedUniversalWatchApp=>false, :hasSwiftRuntime=>true, :supportsEncryptionFormat2=>true, :supportsSwiftConcurrencyNatively=>true}}
    {:device=>{:target=>"j321xap", :productType=>"iPad8,8", :displayName=>"iPad Pro (12.9-inch) (3rd generation)"}, :traits=>{:deploymentTarget=>#<Gem::Version "15.0">, :passDeploymentTargetToAssetutil=>true, :architecture=>"arm64e", :artworkDevIdiom=>"pad", :artworkHostedIdioms=>[], :artworkScaleFactor=>2, :artworkDevSubtype=>2732, :artworkDisplayGamut=>"P3", :devPerfMemoryClass=>6, :gfxFeatureSetClass=>"APPLE5", :gfxFeatureSetFallbacks=>["APPLE4", "APPLE3", "APPLE3v1", "APPLE2", "APPLE1", "GLES2,0"], :featuresToRemove=>[], :supportsEmbeddedWatchApp=>false, :supportsEmbeddedUniversalWatchApp=>false, :hasSwiftRuntime=>true, :supportsEncryptionFormat2=>true, :supportsSwiftConcurrencyNatively=>true}}
    {:device=>{:target=>"j417ap", :productType=>"iPad8,9", :displayName=>"iPad Pro (11-inch) (2nd generation)"}, :traits=>{:deploymentTarget=>#<Gem::Version "15.0">, :passDeploymentTargetToAssetutil=>true, :architecture=>"arm64e", :artworkDevIdiom=>"pad", :artworkHostedIdioms=>[], :artworkScaleFactor=>2, :artworkDevSubtype=>2388, :artworkDisplayGamut=>"P3", :devPerfMemoryClass=>6, :gfxFeatureSetClass=>"APPLE5", :gfxFeatureSetFallbacks=>["APPLE4", "APPLE3", "APPLE3v1", "APPLE2", "APPLE1", "GLES2,0"], :featuresToRemove=>[], :supportsEmbeddedWatchApp=>false, :supportsEmbeddedUniversalWatchApp=>false, :hasSwiftRuntime=>true, :supportsEncryptionFormat2=>true, :supportsSwiftConcurrencyNatively=>true}}
    {:device=>{:target=>"d20ap", :productType=>"iPhone10,1", :displayName=>"iPhone 8"}, :traits=>{:deploymentTarget=>#<Gem::Version "15.0">, :passDeploymentTargetToAssetutil=>true, :architecture=>"arm64", :artworkDevIdiom=>"phone", :artworkHostedIdioms=>["car"], :artworkScaleFactor=>2, :artworkDevSubtype=>569, :artworkDisplayGamut=>"P3", :devPerfMemoryClass=>2, :gfxFeatureSetClass=>"APPLE4", :gfxFeatureSetFallbacks=>["APPLE3", "APPLE3v1", "APPLE2", "APPLE1", "GLES2,0"], :featuresToRemove=>[], :supportsEmbeddedWatchApp=>false, :supportsEmbeddedUniversalWatchApp=>false, :hasSwiftRuntime=>true, :supportsEncryptionFormat2=>true, :supportsSwiftConcurrencyNatively=>true}}
    {:device=>{:target=>"d21ap", :productType=>"iPhone10,2", :displayName=>"iPhone 8 Plus"}, :traits=>{:deploymentTarget=>#<Gem::Version "15.0">, :passDeploymentTargetToAssetutil=>true, :architecture=>"arm64", :artworkDevIdiom=>"phone", :artworkHostedIdioms=>["car"], :artworkScaleFactor=>3, :artworkDevSubtype=>570, :artworkDisplayGamut=>"P3", :devPerfMemoryClass=>4, :gfxFeatureSetClass=>"APPLE4", :gfxFeatureSetFallbacks=>["APPLE3", "APPLE3v1", "APPLE2", "APPLE1", "GLES2,0"], :featuresToRemove=>[], :supportsEmbeddedWatchApp=>false, :supportsEmbeddedUniversalWatchApp=>false, :hasSwiftRuntime=>true, :supportsEncryptionFormat2=>true, 
2023-02-11 02:20:26 +0000  :supportsSwiftConcurrencyNatively=>true}}
    {:device=>{:target=>"d22ap", :productType=>"iPhone10,3", :displayName=>"iPhone X"}, :traits=>{:deploymentTarget=>#<Gem::Version "15.0">, :passDeploymentTargetToAssetutil=>true, :architecture=>"arm64", :artworkDevIdiom=>"phone", :artworkHostedIdioms=>["car"], :artworkScaleFactor=>3, :artworkDevSubtype=>2436, :artworkDisplayGamut=>"P3", :devPerfMemoryClass=>4, :gfxFeatureSetClass=>"APPLE4", :gfxFeatureSetFallbacks=>["APPLE3", "APPLE3v1", "APPLE2", "APPLE1", "GLES2,0"], :featuresToRemove=>[], :supportsEmbeddedWatchApp=>false, :supportsEmbeddedUniversalWatchApp=>false, :hasSwiftRuntime=>true, :supportsEncryptionFormat2=>true, :supportsSwiftConcurrencyNatively=>true}}
    {:device=>{:target=>"d201ap", :productType=>"iPhone10,4", :displayName=>"iPhone 8"}, :traits=>{:deploymentTarget=>#<Gem::Version "15.0">, :passDeploymentTargetToAssetutil=>true, :architecture=>"arm64", :artworkDevIdiom=>"phone", :artworkHostedIdioms=>["car"], :artworkScaleFactor=>2, :artworkDevSubtype=>569, :artworkDisplayGamut=>"P3", :devPerfMemoryClass=>2, :gfxFeatureSetClass=>"APPLE4", :gfxFeatureSetFallbacks=>["APPLE3", "APPLE3v1", "APPLE2", "APPLE1", "GLES2,0"], :featuresToRemove=>[], :supportsEmbeddedWatchApp=>false, :supportsEmbeddedUniversalWatchApp=>false, :hasSwiftRuntime=>true, :supportsEncryptionFormat2=>true, :supportsSwiftConcurrencyNatively=>true}}
    {:device=>{:target=>"d211ap", :productType=>"iPhone10,5", :displayName=>"iPhone 8 Plus"}, :traits=>{:deploymentTarget=>#<Gem::Version "15.0">, :passDeploymentTargetToAssetutil=>true, :architecture=>"arm64", :artworkDevIdiom=>"phone", :artworkHostedIdioms=>["car"], :artworkScaleFactor=>3, :artworkDevSubtype=>570, :artworkDisplayGamut=>"P3", :devPerfMemoryClass=>4, :gfxFeatureSetClass=>"APPLE4", :gfxFeatureSetFallbacks=>["APPLE3", "APPLE3v1", "APPLE2", "APPLE1", "GLES2,0"], :featuresToRemove=>[], :supportsEmbeddedWatchApp=>false, :supportsEmbeddedUniversalWatchApp=>false, :hasSwiftRuntime=>true, :supportsEncryptionFormat2=>true, :supportsSwiftConcurrencyNatively=>true}}
    {:device=>{:target=>"d221ap", :productType=>"iPhone10,6", :displayName=>"iPhone X"}, :traits=>{:deploymentTarget=>#<Gem::Version "15.0">, :passDeploymentTargetToAssetutil=>true, :architecture=>"arm64", :artworkDevIdiom=>"phone", :artworkHostedIdioms=>["car"], :artworkScaleFactor=>3, :artworkDevSubtype=>2436, :artworkDisplayGamut=>"P3", :devPerfMemoryClass=>4, :gfxFeatureSetClass=>"APPLE4", :gfxFeatureSetFallbacks=>["APPLE3", "APPLE3v1", "APPLE2", "APPLE1", "GLES2,0"], :featuresToRemove=>[], :supportsEmbeddedWatchApp=>false, :supportsEmbeddedUniversalWatchApp=>false, :hasSwiftRuntime=>true, :supportsEncryptionFormat2=>true, :supportsSwiftConcurrencyNatively=>true}}
    {:device=>{:target=>"d321ap", :productType=>"iPhone11,2", :displayName=>"iPhone XS"}, :traits=>{:deploymentTarget=>#<Gem::Version "15.0">, :passDeploymentTargetToAssetutil=>true, :architecture=>"arm64e", :artworkDevIdiom=>"phone", :artworkHostedIdioms=>["car"], :artworkScaleFactor=>3, :artworkDevSubtype=>2436, :artworkDisplayGamut=>"P3", :devPerfMemoryClass=>3, :gfxFeatureSetClass=>"APPLE5", :gfxFeatureSetFallbacks=>["APPLE4", "APPLE3", "APPLE3v1", "APPLE2", "APPLE1", "GLES2,0"], :featuresToRemove=>[], :supportsEmbeddedWatchApp=>false, :supportsEmbeddedUniversalWatchApp=>false, :hasSwiftRuntime=>true, :supportsEncryptionFormat2=>true, :supportsSwiftConcurrencyNatively=>true}}
    {:device=>{:target=>"d331ap", :productType=>"iPhone11,4", :displayName=>"iPhone XS Max"}, :traits=>{:deploymentTarget=>#<Gem::Version "15.0">, :passDeploymentTargetToAssetutil=>true, :architecture=>"arm64e", :artworkDevIdiom=>"phone", :artworkHostedIdioms=>["car"], :artworkScaleFactor=>3, :artworkDevSubtype=>2688, :artworkDisplayGamut=>"P3", :devPerfMemoryClass=>3, :gfxFeatureSetClass=>"APPLE5", :gfxFeatureSetFallbacks=>["APPLE4", "APPLE3", "APPLE3v1", "APPLE2", "APPLE1", "GLES2,0"], :featuresToRemove=>[], :supportsEmbeddedWatchApp=>false, :supportsEmbeddedUniversalWatchApp=>false, :hasSwiftRuntime=>true, :supportsEncryptionFormat2=>true, :sup
2023-02-11 02:20:26 +0000  portsSwiftConcurrencyNatively=>true}}
    {:device=>{:target=>"d331pap", :productType=>"iPhone11,6", :displayName=>"iPhone XS Max"}, :traits=>{:deploymentTarget=>#<Gem::Version "15.0">, :passDeploymentTargetToAssetutil=>true, :architecture=>"arm64e", :artworkDevIdiom=>"phone", :artworkHostedIdioms=>["car"], :artworkScaleFactor=>3, :artworkDevSubtype=>2688, :artworkDisplayGamut=>"P3", :devPerfMemoryClass=>3, :gfxFeatureSetClass=>"APPLE5", :gfxFeatureSetFallbacks=>["APPLE4", "APPLE3", "APPLE3v1", "APPLE2", "APPLE1", "GLES2,0"], :featuresToRemove=>[], :supportsEmbeddedWatchApp=>false, :supportsEmbeddedUniversalWatchApp=>false, :hasSwiftRuntime=>true, :supportsEncryptionFormat2=>true, :supportsSwiftConcurrencyNatively=>true}}
    {:device=>{:target=>"n841ap", :productType=>"iPhone11,8", :displayName=>"iPhone XR"}, :traits=>{:deploymentTarget=>#<Gem::Version "15.0">, :passDeploymentTargetToAssetutil=>true, :architecture=>"arm64e", :artworkDevIdiom=>"phone", :artworkHostedIdioms=>["car"], :artworkScaleFactor=>2, :artworkDevSubtype=>1792, :artworkDisplayGamut=>"P3", :devPerfMemoryClass=>4, :gfxFeatureSetClass=>"APPLE5", :gfxFeatureSetFallbacks=>["APPLE4", "APPLE3", "APPLE3v1", "APPLE2", "APPLE1", "GLES2,0"], :featuresToRemove=>[], :supportsEmbeddedWatchApp=>false, :supportsEmbeddedUniversalWatchApp=>false, :hasSwiftRuntime=>true, :supportsEncryptionFormat2=>true, :supportsSwiftConcurrencyNatively=>true}}
    {:device=>{:target=>"n104ap", :productType=>"iPhone12,1", :displayName=>"iPhone 11"}, :traits=>{:deploymentTarget=>#<Gem::Version "15.0">, :passDeploymentTargetToAssetutil=>true, :architecture=>"arm64e", :artworkDevIdiom=>"phone", :artworkHostedIdioms=>["car"], :artworkScaleFactor=>2, :artworkDevSubtype=>1792, :artworkDisplayGamut=>"P3", :devPerfMemoryClass=>3, :gfxFeatureSetClass=>"APPLE6", :gfxFeatureSetFallbacks=>["APPLE5", "APPLE4", "APPLE3", "APPLE3v1", "APPLE2", "APPLE1", "GLES2,0"], :featuresToRemove=>[], :supportsEmbeddedWatchApp=>false, :supportsEmbeddedUniversalWatchApp=>false, :hasSwiftRuntime=>true, :supportsEncryptionFormat2=>true, :supportsSwiftConcurrencyNatively=>true}}
    {:device=>{:target=>"d421ap", :productType=>"iPhone12,3", :displayName=>"iPhone 11 Pro"}, :traits=>{:deploymentTarget=>#<Gem::Version "15.0">, :passDeploymentTargetToAssetutil=>true, :architecture=>"arm64e", :artworkDevIdiom=>"phone", :artworkHostedIdioms=>["car"], :artworkScaleFactor=>3, :artworkDevSubtype=>2436, :artworkDisplayGamut=>"P3", :devPerfMemoryClass=>3, :gfxFeatureSetClass=>"APPLE6", :gfxFeatureSetFallbacks=>["APPLE5", "APPLE4", "APPLE3", "APPLE3v1", "APPLE2", "APPLE1", "GLES2,0"], :featuresToRemove=>[], :supportsEmbeddedWatchApp=>false, :supportsEmbeddedUniversalWatchApp=>false, :hasSwiftRuntime=>true, :supportsEncryptionFormat2=>true, :supportsSwiftConcurrencyNatively=>true}}
    {:device=>{:target=>"d431ap", :productType=>"iPhone12,5", :displayName=>"iPhone 11 Pro Max"}, :traits=>{:deploymentTarget=>#<Gem::Version "15.0">, :passDeploymentTargetToAssetutil=>true, :architecture=>"arm64e", :artworkDevIdiom=>"phone", :artworkHostedIdioms=>["car"], :artworkScaleFactor=>3, :artworkDevSubtype=>2688, :artworkDisplayGamut=>"P3", :devPerfMemoryClass=>3, :gfxFeatureSetClass=>"APPLE6", :gfxFeatureSetFallbacks=>["APPLE5", "APPLE4", "APPLE3", "APPLE3v1", "APPLE2", "APPLE1", "GLES2,0"], :featuresToRemove=>[], :supportsEmbeddedWatchApp=>false, :supportsEmbeddedUniversalWatchApp=>false, :hasSwiftRuntime=>true, :supportsEncryptionFormat2=>true, :supportsSwiftConcurrencyNatively=>true}}
    {:device=>{:target=>"d79ap", :productType=>"iPhone12,8", :displayName=>"iPhone SE (2nd generation)"}, :traits=>{:deploymentTarget=>#<Gem::Version "15.0">, :passDeploymentTargetToAssetutil=>true, :architecture=>"arm64e", :artworkDevIdiom=>"phone", :artworkHostedIdioms=>["car"], :artworkScaleFactor=>2, :artworkDevSubtype=>569, :artworkDisplayGamut=>"P3", :devPerfMemoryClass=>4, :gfxFeatureSetClass=>"APPLE6", :gfxFeatureSetFallbacks=>["APPLE5", "APPLE4", "APPLE3", "APPLE3v1", "APPLE2", "APPLE1", "GLES2,0"], :featuresToRemove=>[], :supportsEmbeddedWatchApp=>fa
2023-02-11 02:20:26 +0000  lse, :supportsEmbeddedUniversalWatchApp=>false, :hasSwiftRuntime=>true, :supportsEncryptionFormat2=>true, :supportsSwiftConcurrencyNatively=>true}}
    {:device=>{:target=>"d52gap", :productType=>"iPhone13,1", :displayName=>"iPhone 12 mini"}, :traits=>{:deploymentTarget=>#<Gem::Version "15.0">, :passDeploymentTargetToAssetutil=>true, :architecture=>"arm64e", :artworkDevIdiom=>"phone", :artworkHostedIdioms=>["car"], :artworkScaleFactor=>3, :artworkDevSubtype=>2340, :artworkDisplayGamut=>"P3", :devPerfMemoryClass=>3, :gfxFeatureSetClass=>"APPLE7", :gfxFeatureSetFallbacks=>["APPLE6", "APPLE5", "APPLE4", "APPLE3", "APPLE3v1", "APPLE2", "APPLE1", "GLES2,0"], :featuresToRemove=>[], :supportsEmbeddedWatchApp=>false, :supportsEmbeddedUniversalWatchApp=>false, :hasSwiftRuntime=>true, :supportsEncryptionFormat2=>true, :supportsSwiftConcurrencyNatively=>true}}
    {:device=>{:target=>"d53gap", :productType=>"iPhone13,2", :displayName=>"iPhone 12"}, :traits=>{:deploymentTarget=>#<Gem::Version "15.0">, :passDeploymentTargetToAssetutil=>true, :architecture=>"arm64e", :artworkDevIdiom=>"phone", :artworkHostedIdioms=>["car"], :artworkScaleFactor=>3, :artworkDevSubtype=>2532, :artworkDisplayGamut=>"P3", :devPerfMemoryClass=>3, :gfxFeatureSetClass=>"APPLE7", :gfxFeatureSetFallbacks=>["APPLE6", "APPLE5", "APPLE4", "APPLE3", "APPLE3v1", "APPLE2", "APPLE1", "GLES2,0"], :featuresToRemove=>[], :supportsEmbeddedWatchApp=>false, :supportsEmbeddedUniversalWatchApp=>false, :hasSwiftRuntime=>true, :supportsEncryptionFormat2=>true, :supportsSwiftConcurrencyNatively=>true}}
    {:device=>{:target=>"d53pap", :productType=>"iPhone13,3", :displayName=>"iPhone 12 Pro"}, :traits=>{:deploymentTarget=>#<Gem::Version "15.0">, :passDeploymentTargetToAssetutil=>true, :architecture=>"arm64e", :artworkDevIdiom=>"phone", :artworkHostedIdioms=>["car"], :artworkScaleFactor=>3, :artworkDevSubtype=>2532, :artworkDisplayGamut=>"P3", :devPerfMemoryClass=>6, :gfxFeatureSetClass=>"APPLE7", :gfxFeatureSetFallbacks=>["APPLE6", "APPLE5", "APPLE4", "APPLE3", "APPLE3v1", "APPLE2", "APPLE1", "GLES2,0"], :featuresToRemove=>[], :supportsEmbeddedWatchApp=>false, :supportsEmbeddedUniversalWatchApp=>false, :hasSwiftRuntime=>true, :supportsEncryptionFormat2=>true, :supportsSwiftConcurrencyNatively=>true}}
    {:device=>{:target=>"d54pap", :productType=>"iPhone13,4", :displayName=>"iPhone 12 Pro Max"}, :traits=>{:deploymentTarget=>#<Gem::Version "15.0">, :passDeploymentTargetToAssetutil=>true, :architecture=>"arm64e", :artworkDevIdiom=>"phone", :artworkHostedIdioms=>["car"], :artworkScaleFactor=>3, :artworkDevSubtype=>2778, :artworkDisplayGamut=>"P3", :devPerfMemoryClass=>6, :gfxFeatureSetClass=>"APPLE7", :gfxFeatureSetFallbacks=>["APPLE6", "APPLE5", "APPLE4", "APPLE3", "APPLE3v1", "APPLE2", "APPLE1", "GLES2,0"], :featuresToRemove=>[], :supportsEmbeddedWatchApp=>false, :supportsEmbeddedUniversalWatchApp=>false, :hasSwiftRuntime=>true, :supportsEncryptionFormat2=>true, :supportsSwiftConcurrencyNatively=>true}}
    {:device=>{:target=>"d63ap", :productType=>"iPhone14,2", :displayName=>"iPhone 13 Pro"}, :traits=>{:deploymentTarget=>#<Gem::Version "15.0">, :passDeploymentTargetToAssetutil=>true, :architecture=>"arm64e", :artworkDevIdiom=>"phone", :artworkHostedIdioms=>["car"], :artworkScaleFactor=>3, :artworkDevSubtype=>2532, :artworkDisplayGamut=>"P3", :devPerfMemoryClass=>6, :gfxFeatureSetClass=>"APPLE8", :gfxFeatureSetFallbacks=>["APPLE7", "APPLE6", "APPLE5", "APPLE4", "APPLE3", "APPLE3v1", "APPLE2", "APPLE1", "GLES2,0"], :featuresToRemove=>[], :supportsEmbeddedWatchApp=>false, :supportsEmbeddedUniversalWatchApp=>false, :hasSwiftRuntime=>true, :supportsEncryptionFormat2=>true, :supportsSwiftConcurrencyNatively=>true}}
    {:device=>{:target=>"d64ap", :productType=>"iPhone14,3", :displayName=>"iPhone 13 Pro Max"}, :traits=>{:deploymentTarget=>#<Gem::Version "15.0">, :passDeploymentTargetToAssetutil=>true, :architecture=>"arm64e", :artworkDevIdiom=>"phone", :artworkHostedIdioms=>["car"], :artworkScaleFactor=>3, :artworkDevSubtype=>2778, :artworkDisplayGamut=>"P3", :devPerfMemoryClass=>6
2023-02-11 02:20:26 +0000  , :gfxFeatureSetClass=>"APPLE8", :gfxFeatureSetFallbacks=>["APPLE7", "APPLE6", "APPLE5", "APPLE4", "APPLE3", "APPLE3v1", "APPLE2", "APPLE1", "GLES2,0"], :featuresToRemove=>[], :supportsEmbeddedWatchApp=>false, :supportsEmbeddedUniversalWatchApp=>false, :hasSwiftRuntime=>true, :supportsEncryptionFormat2=>true, :supportsSwiftConcurrencyNatively=>true}}
    {:device=>{:target=>"d16ap", :productType=>"iPhone14,4", :displayName=>"iPhone 13 mini"}, :traits=>{:deploymentTarget=>#<Gem::Version "15.0">, :passDeploymentTargetToAssetutil=>true, :architecture=>"arm64e", :artworkDevIdiom=>"phone", :artworkHostedIdioms=>["car"], :artworkScaleFactor=>3, :artworkDevSubtype=>2340, :artworkDisplayGamut=>"P3", :devPerfMemoryClass=>3, :gfxFeatureSetClass=>"APPLE8", :gfxFeatureSetFallbacks=>["APPLE7", "APPLE6", "APPLE5", "APPLE4", "APPLE3", "APPLE3v1", "APPLE2", "APPLE1", "GLES2,0"], :featuresToRemove=>[], :supportsEmbeddedWatchApp=>false, :supportsEmbeddedUniversalWatchApp=>false, :hasSwiftRuntime=>true, :supportsEncryptionFormat2=>true, :supportsSwiftConcurrencyNatively=>true}}
    {:device=>{:target=>"d17ap", :productType=>"iPhone14,5", :displayName=>"iPhone 13"}, :traits=>{:deploymentTarget=>#<Gem::Version "15.0">, :passDeploymentTargetToAssetutil=>true, :architecture=>"arm64e", :artworkDevIdiom=>"phone", :artworkHostedIdioms=>["car"], :artworkScaleFactor=>3, :artworkDevSubtype=>2532, :artworkDisplayGamut=>"P3", :devPerfMemoryClass=>3, :gfxFeatureSetClass=>"APPLE8", :gfxFeatureSetFallbacks=>["APPLE7", "APPLE6", "APPLE5", "APPLE4", "APPLE3", "APPLE3v1", "APPLE2", "APPLE1", "GLES2,0"], :featuresToRemove=>[], :supportsEmbeddedWatchApp=>false, :supportsEmbeddedUniversalWatchApp=>false, :hasSwiftRuntime=>true, :supportsEncryptionFormat2=>true, :supportsSwiftConcurrencyNatively=>true}}
    {:device=>{:target=>"n71map", :productType=>"iPhone8,1", :displayName=>"iPhone 6s"}, :traits=>{:deploymentTarget=>#<Gem::Version "15.0">, :passDeploymentTargetToAssetutil=>true, :architecture=>"arm64", :artworkDevIdiom=>"phone", :artworkHostedIdioms=>["car"], :artworkScaleFactor=>2, :artworkDevSubtype=>569, :artworkDisplayGamut=>"sRGB", :devPerfMemoryClass=>2, :gfxFeatureSetClass=>"APPLE3", :gfxFeatureSetFallbacks=>["APPLE3v1", "APPLE2", "APPLE1", "GLES2,0"], :featuresToRemove=>[], :supportsEmbeddedWatchApp=>false, :supportsEmbeddedUniversalWatchApp=>false, :hasSwiftRuntime=>true, :supportsEncryptionFormat2=>true, :supportsSwiftConcurrencyNatively=>true}}
    {:device=>{:target=>"n71ap", :productType=>"iPhone8,1", :displayName=>"iPhone 6s"}, :traits=>{:deploymentTarget=>#<Gem::Version "15.0">, :passDeploymentTargetToAssetutil=>true, :architecture=>"arm64", :artworkDevIdiom=>"phone", :artworkHostedIdioms=>["car"], :artworkScaleFactor=>2, :artworkDevSubtype=>569, :artworkDisplayGamut=>"sRGB", :devPerfMemoryClass=>2, :gfxFeatureSetClass=>"APPLE3", :gfxFeatureSetFallbacks=>["APPLE3v1", "APPLE2", "APPLE1", "GLES2,0"], :featuresToRemove=>[], :supportsEmbeddedWatchApp=>false, :supportsEmbeddedUniversalWatchApp=>false, :hasSwiftRuntime=>true, :supportsEncryptionFormat2=>true, :supportsSwiftConcurrencyNatively=>true}}
    {:device=>{:target=>"n66map", :productType=>"iPhone8,2", :displayName=>"iPhone 6s Plus"}, :traits=>{:deploymentTarget=>#<Gem::Version "15.0">, :passDeploymentTargetToAssetutil=>true, :architecture=>"arm64", :artworkDevIdiom=>"phone", :artworkHostedIdioms=>["car"], :artworkScaleFactor=>3, :artworkDevSubtype=>570, :artworkDisplayGamut=>"sRGB", :devPerfMemoryClass=>2, :gfxFeatureSetClass=>"APPLE3", :gfxFeatureSetFallbacks=>["APPLE3v1", "APPLE2", "APPLE1", "GLES2,0"], :featuresToRemove=>[], :supportsEmbeddedWatchApp=>false, :supportsEmbeddedUniversalWatchApp=>false, :hasSwiftRuntime=>true, :supportsEncryptionFormat2=>true, :supportsSwiftConcurrencyNatively=>true}}
    {:device=>{:target=>"n66ap", :productType=>"iPhone8,2", :displayName=>"iPhone 6s Plus"}, :traits=>{:deploymentTarget=>#<Gem::Version "15.0">, :passDeploymentTargetToAssetutil=>true, :architecture=>"arm64", :artworkDevIdiom=>"phone", :artworkHostedIdioms=>["car"], :artworkScaleFactor=>3, :a
2023-02-11 02:20:26 +0000  rtworkDevSubtype=>570, :artworkDisplayGamut=>"sRGB", :devPerfMemoryClass=>2, :gfxFeatureSetClass=>"APPLE3", :gfxFeatureSetFallbacks=>["APPLE3v1", "APPLE2", "APPLE1", "GLES2,0"], :featuresToRemove=>[], :supportsEmbeddedWatchApp=>false, :supportsEmbeddedUniversalWatchApp=>false, :hasSwiftRuntime=>true, :supportsEncryptionFormat2=>true, :supportsSwiftConcurrencyNatively=>true}}
    {:device=>{:target=>"n69uap", :productType=>"iPhone8,4", :displayName=>"iPhone SE (1st generation)"}, :traits=>{:deploymentTarget=>#<Gem::Version "15.0">, :passDeploymentTargetToAssetutil=>true, :architecture=>"arm64", :artworkDevIdiom=>"phone", :artworkHostedIdioms=>["car"], :artworkScaleFactor=>2, :artworkDevSubtype=>568, :artworkDisplayGamut=>"sRGB", :devPerfMemoryClass=>2, :gfxFeatureSetClass=>"APPLE3", :gfxFeatureSetFallbacks=>["APPLE3v1", "APPLE2", "APPLE1", "GLES2,0"], :featuresToRemove=>[], :supportsEmbeddedWatchApp=>false, :supportsEmbeddedUniversalWatchApp=>false, :hasSwiftRuntime=>true, :supportsEncryptionFormat2=>true, :supportsSwiftConcurrencyNatively=>true}}
    {:device=>{:target=>"n69ap", :productType=>"iPhone8,4", :displayName=>"iPhone SE (1st generation)"}, :traits=>{:deploymentTarget=>#<Gem::Version "15.0">, :passDeploymentTargetToAssetutil=>true, :architecture=>"arm64", :artworkDevIdiom=>"phone", :artworkHostedIdioms=>["car"], :artworkScaleFactor=>2, :artworkDevSubtype=>568, :artworkDisplayGamut=>"sRGB", :devPerfMemoryClass=>2, :gfxFeatureSetClass=>"APPLE3", :gfxFeatureSetFallbacks=>["APPLE3v1", "APPLE2", "APPLE1", "GLES2,0"], :featuresToRemove=>[], :supportsEmbeddedWatchApp=>false, :supportsEmbeddedUniversalWatchApp=>false, :hasSwiftRuntime=>true, :supportsEncryptionFormat2=>true, :supportsSwiftConcurrencyNatively=>true}}
    {:device=>{:target=>"d10ap", :productType=>"iPhone9,1", :displayName=>"iPhone 7"}, :traits=>{:deploymentTarget=>#<Gem::Version "15.0">, :passDeploymentTargetToAssetutil=>true, :architecture=>"arm64", :artworkDevIdiom=>"phone", :artworkHostedIdioms=>["car"], :artworkScaleFactor=>2, :artworkDevSubtype=>569, :artworkDisplayGamut=>"P3", :devPerfMemoryClass=>2, :gfxFeatureSetClass=>"APPLE3", :gfxFeatureSetFallbacks=>["APPLE3v1", "APPLE2", "APPLE1", "GLES2,0"], :featuresToRemove=>[], :supportsEmbeddedWatchApp=>false, :supportsEmbeddedUniversalWatchApp=>false, :hasSwiftRuntime=>true, :supportsEncryptionFormat2=>true, :supportsSwiftConcurrencyNatively=>true}}
    {:device=>{:target=>"d11ap", :productType=>"iPhone9,2", :displayName=>"iPhone 7 Plus"}, :traits=>{:deploymentTarget=>#<Gem::Version "15.0">, :passDeploymentTargetToAssetutil=>true, :architecture=>"arm64", :artworkDevIdiom=>"phone", :artworkHostedIdioms=>["car"], :artworkScaleFactor=>3, :artworkDevSubtype=>570, :artworkDisplayGamut=>"P3", :devPerfMemoryClass=>4, :gfxFeatureSetClass=>"APPLE3", :gfxFeatureSetFallbacks=>["APPLE3v1", "APPLE2", "APPLE1", "GLES2,0"], :featuresToRemove=>[], :supportsEmbeddedWatchApp=>false, :supportsEmbeddedUniversalWatchApp=>false, :hasSwiftRuntime=>true, :supportsEncryptionFormat2=>true, :supportsSwiftConcurrencyNatively=>true}}
    {:device=>{:target=>"d101ap", :productType=>"iPhone9,3", :displayName=>"iPhone 7"}, :traits=>{:deploymentTarget=>#<Gem::Version "15.0">, :passDeploymentTargetToAssetutil=>true, :architecture=>"arm64", :artworkDevIdiom=>"phone", :artworkHostedIdioms=>["car"], :artworkScaleFactor=>2, :artworkDevSubtype=>569, :artworkDisplayGamut=>"P3", :devPerfMemoryClass=>2, :gfxFeatureSetClass=>"APPLE3", :gfxFeatureSetFallbacks=>["APPLE3v1", "APPLE2", "APPLE1", "GLES2,0"], :featuresToRemove=>[], :supportsEmbeddedWatchApp=>false, :supportsEmbeddedUniversalWatchApp=>false, :hasSwiftRuntime=>true, :supportsEncryptionFormat2=>true, :supportsSwiftConcurrencyNatively=>true}}
    {:device=>{:target=>"d111ap", :productType=>"iPhone9,4", :displayName=>"iPhone 7 Plus"}, :traits=>{:deploymentTarget=>#<Gem::Version "15.0">, :passDeploymentTargetToAssetutil=>true, :architecture=>"arm64", :artworkDevIdiom=>"phone", :artworkHostedIdioms=>["car"], :artworkScaleFactor=>3, :artworkDevSubtype=>570, :artworkDisplayGamut=>"P3", :devPe
2023-02-11 02:20:26 +0000  rfMemoryClass=>4, :gfxFeatureSetClass=>"APPLE3", :gfxFeatureSetFallbacks=>["APPLE3v1", "APPLE2", "APPLE1", "GLES2,0"], :featuresToRemove=>[], :supportsEmbeddedWatchApp=>false, :supportsEmbeddedUniversalWatchApp=>false, :hasSwiftRuntime=>true, :supportsEncryptionFormat2=>true, :supportsSwiftConcurrencyNatively=>true}}
    {:device=>{:target=>"n112ap", :productType=>"iPod9,1", :displayName=>"iPod touch (7th generation)"}, :traits=>{:deploymentTarget=>#<Gem::Version "15.0">, :passDeploymentTargetToAssetutil=>true, :architecture=>"arm64", :artworkDevIdiom=>"phone", :artworkHostedIdioms=>[], :artworkScaleFactor=>2, :artworkDevSubtype=>568, :artworkDisplayGamut=>"sRGB", :devPerfMemoryClass=>2, :gfxFeatureSetClass=>"APPLE3", :gfxFeatureSetFallbacks=>["APPLE3v1", "APPLE2", "APPLE1", "GLES2,0"], :featuresToRemove=>[], :supportsEmbeddedWatchApp=>false, :supportsEmbeddedUniversalWatchApp=>false, :hasSwiftRuntime=>true, :supportsEncryptionFormat2=>true, :supportsSwiftConcurrencyNatively=>true}}
    {:device=>{:target=>"j129aap", :productType=>"MacFamily20,1", :displayName=>"Mac"}, :traits=>{:deploymentTarget=>#<Gem::Version "15.0">, :passDeploymentTargetToAssetutil=>true, :architecture=>"arm64e", :artworkDevIdiom=>"pad", :artworkHostedIdioms=>[], :artworkScaleFactor=>2, :artworkDevSubtype=>32401, :artworkDisplayGamut=>"P3", :devPerfMemoryClass=>16, :gfxFeatureSetClass=>"APPLE6", :gfxFeatureSetFallbacks=>["APPLE5", "APPLE4", "APPLE3", "APPLE3v1", "APPLE2", "APPLE1", "GLES2,0"], :featuresToRemove=>[], :supportsEmbeddedWatchApp=>false, :supportsEmbeddedUniversalWatchApp=>false, :hasSwiftRuntime=>true, :supportsEncryptionFormat2=>true, :supportsSwiftConcurrencyNatively=>true}}
    {:device=>{:target=>"j210ap", :productType=>"iPad11,1", :displayName=>"iPad mini (5th generation)"}, :traits=>{:deploymentTarget=>#<Gem::Version "12.2">, :passDeploymentTargetToAssetutil=>true, :architecture=>"arm64e", :artworkDevIdiom=>"pad", :artworkHostedIdioms=>[], :artworkScaleFactor=>2, :artworkDisplayGamut=>"P3", :devPerfMemoryClass=>4, :gfxFeatureSetClass=>"MTL5,1", :gfxFeatureSetFallbacks=>["MTL4,1", "MTL3,2", "MTL3,1", "MTL2,2", "MTL1,2", "GLES2,0"], :featuresToRemove=>[], :supportsEmbeddedWatchApp=>false, :supportsEmbeddedUniversalWatchApp=>false, :hasSwiftRuntime=>true, :supportsEncryptionFormat2=>false, :supportsSwiftConcurrencyNatively=>false}}
    {:device=>{:target=>"j210ap", :productType=>"iPad11,1", :displayName=>"iPad mini (5th generation)"}, :traits=>{:deploymentTarget=>#<Gem::Version "13.0">, :passDeploymentTargetToAssetutil=>true, :architecture=>"arm64e", :artworkDevIdiom=>"pad", :artworkHostedIdioms=>[], :artworkScaleFactor=>2, :artworkDisplayGamut=>"P3", :devPerfMemoryClass=>4, :gfxFeatureSetClass=>"APPLE5", :gfxFeatureSetFallbacks=>["APPLE4", "APPLE3", "APPLE3v1", "APPLE2", "APPLE1", "GLES2,0"], :featuresToRemove=>[], :supportsEmbeddedWatchApp=>false, :supportsEmbeddedUniversalWatchApp=>false, :hasSwiftRuntime=>true, :supportsEncryptionFormat2=>true, :supportsSwiftConcurrencyNatively=>false}}
    {:device=>{:target=>"j210ap", :productType=>"iPad11,1", :displayName=>"iPad mini (5th generation)"}, :traits=>{:deploymentTarget=>#<Gem::Version "14.0">, :passDeploymentTargetToAssetutil=>true, :architecture=>"arm64e", :artworkDevIdiom=>"pad", :artworkHostedIdioms=>[], :artworkScaleFactor=>2, :artworkDisplayGamut=>"P3", :devPerfMemoryClass=>4, :gfxFeatureSetClass=>"APPLE5", :gfxFeatureSetFallbacks=>["APPLE4", "APPLE3", "APPLE3v1", "APPLE2", "APPLE1", "GLES2,0"], :featuresToRemove=>[], :supportsEmbeddedWatchApp=>false, :supportsEmbeddedUniversalWatchApp=>false, :hasSwiftRuntime=>true, :supportsEncryptionFormat2=>true, :supportsSwiftConcurrencyNatively=>false}}
    {:device=>{:target=>"j211ap", :productType=>"iPad11,2", :displayName=>"iPad mini (5th generation)"}, :traits=>{:deploymentTarget=>#<Gem::Version "12.2">, :passDeploymentTargetToAssetutil=>true, :architecture=>"arm64e", :artworkDevIdiom=>"pad", :artworkHostedIdioms=>[], :artworkScaleFactor=>2, :artworkDisplayGamut=>"P3", :devPerfMemoryClass=>4, :gfxFeatureSetClass=>"MTL5,1", :gfxFeatur
2023-02-11 02:20:26 +0000  eSetFallbacks=>["MTL4,1", "MTL3,2", "MTL3,1", "MTL2,2", "MTL1,2", "GLES2,0"], :featuresToRemove=>[], :supportsEmbeddedWatchApp=>false, :supportsEmbeddedUniversalWatchApp=>false, :hasSwiftRuntime=>true, :supportsEncryptionFormat2=>false, :supportsSwiftConcurrencyNatively=>false}}
    {:device=>{:target=>"j211ap", :productType=>"iPad11,2", :displayName=>"iPad mini (5th generation)"}, :traits=>{:deploymentTarget=>#<Gem::Version "13.0">, :passDeploymentTargetToAssetutil=>true, :architecture=>"arm64e", :artworkDevIdiom=>"pad", :artworkHostedIdioms=>[], :artworkScaleFactor=>2, :artworkDisplayGamut=>"P3", :devPerfMemoryClass=>4, :gfxFeatureSetClass=>"APPLE5", :gfxFeatureSetFallbacks=>["APPLE4", "APPLE3", "APPLE3v1", "APPLE2", "APPLE1", "GLES2,0"], :featuresToRemove=>[], :supportsEmbeddedWatchApp=>false, :supportsEmbeddedUniversalWatchApp=>false, :hasSwiftRuntime=>true, :supportsEncryptionFormat2=>true, :supportsSwiftConcurrencyNatively=>false}}
    {:device=>{:target=>"j211ap", :productType=>"iPad11,2", :displayName=>"iPad mini (5th generation)"}, :traits=>{:deploymentTarget=>#<Gem::Version "14.0">, :passDeploymentTargetToAssetutil=>true, :architecture=>"arm64e", :artworkDevIdiom=>"pad", :artworkHostedIdioms=>[], :artworkScaleFactor=>2, :artworkDisplayGamut=>"P3", :devPerfMemoryClass=>4, :gfxFeatureSetClass=>"APPLE5", :gfxFeatureSetFallbacks=>["APPLE4", "APPLE3", "APPLE3v1", "APPLE2", "APPLE1", "GLES2,0"], :featuresToRemove=>[], :supportsEmbeddedWatchApp=>false, :supportsEmbeddedUniversalWatchApp=>false, :hasSwiftRuntime=>true, :supportsEncryptionFormat2=>true, :supportsSwiftConcurrencyNatively=>false}}
    {:device=>{:target=>"j217ap", :productType=>"iPad11,3", :displayName=>"iPad Air (3rd generation)"}, :traits=>{:deploymentTarget=>#<Gem::Version "12.2">, :passDeploymentTargetToAssetutil=>true, :architecture=>"arm64e", :artworkDevIdiom=>"pad", :artworkHostedIdioms=>[], :artworkScaleFactor=>2, :artworkDevSubtype=>2224, :artworkDisplayGamut=>"P3", :devPerfMemoryClass=>4, :gfxFeatureSetClass=>"MTL5,1", :gfxFeatureSetFallbacks=>["MTL4,1", "MTL3,2", "MTL3,1", "MTL2,2", "MTL1,2", "GLES2,0"], :featuresToRemove=>[], :supportsEmbeddedWatchApp=>false, :supportsEmbeddedUniversalWatchApp=>false, :hasSwiftRuntime=>true, :supportsEncryptionFormat2=>false, :supportsSwiftConcurrencyNatively=>false}}
    {:device=>{:target=>"j217ap", :productType=>"iPad11,3", :displayName=>"iPad Air (3rd generation)"}, :traits=>{:deploymentTarget=>#<Gem::Version "13.0">, :passDeploymentTargetToAssetutil=>true, :architecture=>"arm64e", :artworkDevIdiom=>"pad", :artworkHostedIdioms=>[], :artworkScaleFactor=>2, :artworkDevSubtype=>2224, :artworkDisplayGamut=>"P3", :devPerfMemoryClass=>4, :gfxFeatureSetClass=>"APPLE5", :gfxFeatureSetFallbacks=>["APPLE4", "APPLE3", "APPLE3v1", "APPLE2", "APPLE1", "GLES2,0"], :featuresToRemove=>[], :supportsEmbeddedWatchApp=>false, :supportsEmbeddedUniversalWatchApp=>false, :hasSwiftRuntime=>true, :supportsEncryptionFormat2=>true, :supportsSwiftConcurrencyNatively=>false}}
    {:device=>{:target=>"j217ap", :productType=>"iPad11,3", :displayName=>"iPad Air (3rd generation)"}, :traits=>{:deploymentTarget=>#<Gem::Version "14.0">, :passDeploymentTargetToAssetutil=>true, :architecture=>"arm64e", :artworkDevIdiom=>"pad", :artworkHostedIdioms=>[], :artworkScaleFactor=>2, :artworkDevSubtype=>2224, :artworkDisplayGamut=>"P3", :devPerfMemoryClass=>4, :gfxFeatureSetClass=>"APPLE5", :gfxFeatureSetFallbacks=>["APPLE4", "APPLE3", "APPLE3v1", "APPLE2", "APPLE1", "GLES2,0"], :featuresToRemove=>[], :supportsEmbeddedWatchApp=>false, :supportsEmbeddedUniversalWatchApp=>false, :hasSwiftRuntime=>true, :supportsEncryptionFormat2=>true, :supportsSwiftConcurrencyNatively=>false}}
    {:device=>{:target=>"j218ap", :productType=>"iPad11,4", :displayName=>"iPad Air (3rd generation)"}, :traits=>{:deploymentTarget=>#<Gem::Version "12.2">, :passDeploymentTargetToAssetutil=>true, :architecture=>"arm64e", :artworkDevIdiom=>"pad", :artworkHostedIdioms=>[], :artworkScaleFactor=>2, :artworkDevSubtype=>2224, :artworkDisplayGamut=>"P3", :devPerfMemoryClass=>4, :gfxFea
2023-02-11 02:20:26 +0000  tureSetClass=>"MTL5,1", :gfxFeatureSetFallbacks=>["MTL4,1", "MTL3,2", "MTL3,1", "MTL2,2", "MTL1,2", "GLES2,0"], :featuresToRemove=>[], :supportsEmbeddedWatchApp=>false, :supportsEmbeddedUniversalWatchApp=>false, :hasSwiftRuntime=>true, :supportsEncryptionFormat2=>false, :supportsSwiftConcurrencyNatively=>false}}
    {:device=>{:target=>"j218ap", :productType=>"iPad11,4", :displayName=>"iPad Air (3rd generation)"}, :traits=>{:deploymentTarget=>#<Gem::Version "13.0">, :passDeploymentTargetToAssetutil=>true, :architecture=>"arm64e", :artworkDevIdiom=>"pad", :artworkHostedIdioms=>[], :artworkScaleFactor=>2, :artworkDevSubtype=>2224, :artworkDisplayGamut=>"P3", :devPerfMemoryClass=>4, :gfxFeatureSetClass=>"APPLE5", :gfxFeatureSetFallbacks=>["APPLE4", "APPLE3", "APPLE3v1", "APPLE2", "APPLE1", "GLES2,0"], :featuresToRemove=>[], :supportsEmbeddedWatchApp=>false, :supportsEmbeddedUniversalWatchApp=>false, :hasSwiftRuntime=>true, :supportsEncryptionFormat2=>true, :supportsSwiftConcurrencyNatively=>false}}
    {:device=>{:target=>"j218ap", :productType=>"iPad11,4", :displayName=>"iPad Air (3rd generation)"}, :traits=>{:deploymentTarget=>#<Gem::Version "14.0">, :passDeploymentTargetToAssetutil=>true, :architecture=>"arm64e", :artworkDevIdiom=>"pad", :artworkHostedIdioms=>[], :artworkScaleFactor=>2, :artworkDevSubtype=>2224, :artworkDisplayGamut=>"P3", :devPerfMemoryClass=>4, :gfxFeatureSetClass=>"APPLE5", :gfxFeatureSetFallbacks=>["APPLE4", "APPLE3", "APPLE3v1", "APPLE2", "APPLE1", "GLES2,0"], :featuresToRemove=>[], :supportsEmbeddedWatchApp=>false, :supportsEmbeddedUniversalWatchApp=>false, :hasSwiftRuntime=>true, :supportsEncryptionFormat2=>true, :supportsSwiftConcurrencyNatively=>false}}
    {:device=>{:target=>"j171aap", :productType=>"iPad11,6", :displayName=>"iPad (8th generation)"}, :traits=>{:deploymentTarget=>#<Gem::Version "14.0">, :passDeploymentTargetToAssetutil=>true, :architecture=>"arm64e", :artworkDevIdiom=>"pad", :artworkHostedIdioms=>[], :artworkScaleFactor=>2, :artworkDevSubtype=>2160, :artworkDisplayGamut=>"sRGB", :devPerfMemoryClass=>4, :gfxFeatureSetClass=>"APPLE5", :gfxFeatureSetFallbacks=>["APPLE4", "APPLE3v1", "APPLE2", "APPLE1", "GLES2,0"], :featuresToRemove=>[], :supportsEmbeddedWatchApp=>false, :supportsEmbeddedUniversalWatchApp=>false, :hasSwiftRuntime=>true, :supportsEncryptionFormat2=>true, :supportsSwiftConcurrencyNatively=>false}}
    {:device=>{:target=>"j172aap", :productType=>"iPad11,7", :displayName=>"iPad (8th generation)"}, :traits=>{:deploymentTarget=>#<Gem::Version "14.0">, :passDeploymentTargetToAssetutil=>true, :architecture=>"arm64e", :artworkDevIdiom=>"pad", :artworkHostedIdioms=>[], :artworkScaleFactor=>2, :artworkDevSubtype=>2160, :artworkDisplayGamut=>"sRGB", :devPerfMemoryClass=>4, :gfxFeatureSetClass=>"APPLE5", :gfxFeatureSetFallbacks=>["APPLE4", "APPLE3v1", "APPLE2", "APPLE1", "GLES2,0"], :featuresToRemove=>[], :supportsEmbeddedWatchApp=>false, :supportsEmbeddedUniversalWatchApp=>false, :hasSwiftRuntime=>true, :supportsEncryptionFormat2=>true, :supportsSwiftConcurrencyNatively=>false}}
    {:device=>{:target=>"j307ap", :productType=>"iPad13,1", :displayName=>"iPad Air (4th generation)"}, :traits=>{:deploymentTarget=>#<Gem::Version "14.0">, :passDeploymentTargetToAssetutil=>true, :architecture=>"arm64e", :artworkDevIdiom=>"pad", :artworkHostedIdioms=>[], :artworkScaleFactor=>2, :artworkDevSubtype=>2360, :artworkDisplayGamut=>"P3", :devPerfMemoryClass=>3, :gfxFeatureSetClass=>"APPLE7", :gfxFeatureSetFallbacks=>["APPLE6", "APPLE5", "APPLE4", "APPLE3", "APPLE3v1", "APPLE2", "APPLE1", "GLES2,0"], :featuresToRemove=>[], :supportsEmbeddedWatchApp=>false, :supportsEmbeddedUniversalWatchApp=>false, :hasSwiftRuntime=>true, :supportsEncryptionFormat2=>true, :supportsSwiftConcurrencyNatively=>false}}
    {:device=>{:target=>"j523ap", :productType=>"iPad13,10", :displayName=>"iPad Pro (12.9-inch) (5th generation)"}, :traits=>{:deploymentTarget=>#<Gem::Version "14.0">, :passDeploymentTargetToAssetutil=>true, :architecture=>"arm64e", :artworkDevIdiom=>"pad", :artworkHostedIdioms=>[], :artworkScale
2023-02-11 02:20:26 +0000  Factor=>2, :artworkDevSubtype=>2732, :artworkDisplayGamut=>"P3", :devPerfMemoryClass=>8, :gfxFeatureSetClass=>"APPLE7", :gfxFeatureSetFallbacks=>["APPLE6", "APPLE5", "APPLE4", "APPLE3", "APPLE3v1", "APPLE2", "APPLE1", "GLES2,0"], :featuresToRemove=>[], :supportsEmbeddedWatchApp=>false, :supportsEmbeddedUniversalWatchApp=>false, :hasSwiftRuntime=>true, :supportsEncryptionFormat2=>true, :supportsSwiftConcurrencyNatively=>false}}
    {:device=>{:target=>"j523xap", :productType=>"iPad13,11", :displayName=>"iPad Pro (12.9-inch) (5th generation)"}, :traits=>{:deploymentTarget=>#<Gem::Version "14.0">, :passDeploymentTargetToAssetutil=>true, :architecture=>"arm64e", :artworkDevIdiom=>"pad", :artworkHostedIdioms=>[], :artworkScaleFactor=>2, :artworkDevSubtype=>2732, :artworkDisplayGamut=>"P3", :devPerfMemoryClass=>16, :gfxFeatureSetClass=>"APPLE7", :gfxFeatureSetFallbacks=>["APPLE6", "APPLE5", "APPLE4", "APPLE3", "APPLE3v1", "APPLE2", "APPLE1", "GLES2,0"], :featuresToRemove=>[], :supportsEmbeddedWatchApp=>false, :supportsEmbeddedUniversalWatchApp=>false, :hasSwiftRuntime=>true, :supportsEncryptionFormat2=>true, :supportsSwiftConcurrencyNatively=>false}}
    {:device=>{:target=>"j308ap", :productType=>"iPad13,2", :displayName=>"iPad Air (4th generation)"}, :traits=>{:deploymentTarget=>#<Gem::Version "14.0">, :passDeploymentTargetToAssetutil=>true, :architecture=>"arm64e", :artworkDevIdiom=>"pad", :artworkHostedIdioms=>[], :artworkScaleFactor=>2, :artworkDevSubtype=>2360, :artworkDisplayGamut=>"P3", :devPerfMemoryClass=>3, :gfxFeatureSetClass=>"APPLE7", :gfxFeatureSetFallbacks=>["APPLE6", "APPLE5", "APPLE4", "APPLE3", "APPLE3v1", "APPLE2", "APPLE1", "GLES2,0"], :featuresToRemove=>[], :supportsEmbeddedWatchApp=>false, :supportsEmbeddedUniversalWatchApp=>false, :hasSwiftRuntime=>true, :supportsEncryptionFormat2=>true, :supportsSwiftConcurrencyNatively=>false}}
    {:device=>{:target=>"j517ap", :productType=>"iPad13,4", :displayName=>"iPad Pro (11-inch) (3rd generation)"}, :traits=>{:deploymentTarget=>#<Gem::Version "14.0">, :passDeploymentTargetToAssetutil=>true, :architecture=>"arm64e", :artworkDevIdiom=>"pad", :artworkHostedIdioms=>[], :artworkScaleFactor=>2, :artworkDevSubtype=>2388, :artworkDisplayGamut=>"P3", :devPerfMemoryClass=>8, :gfxFeatureSetClass=>"APPLE7", :gfxFeatureSetFallbacks=>["APPLE6", "APPLE5", "APPLE4", "APPLE3", "APPLE3v1", "APPLE2", "APPLE1", "GLES2,0"], :featuresToRemove=>[], :supportsEmbeddedWatchApp=>false, :supportsEmbeddedUniversalWatchApp=>false, :hasSwiftRuntime=>true, :supportsEncryptionFormat2=>true, :supportsSwiftConcurrencyNatively=>false}}
    {:device=>{:target=>"j517xap", :productType=>"iPad13,5", :displayName=>"iPad Pro (11-inch) (3rd generation)"}, :traits=>{:deploymentTarget=>#<Gem::Version "14.0">, :passDeploymentTargetToAssetutil=>true, :architecture=>"arm64e", :artworkDevIdiom=>"pad", :artworkHostedIdioms=>[], :artworkScaleFactor=>2, :artworkDevSubtype=>2388, :artworkDisplayGamut=>"P3", :devPerfMemoryClass=>16, :gfxFeatureSetClass=>"APPLE7", :gfxFeatureSetFallbacks=>["APPLE6", "APPLE5", "APPLE4", "APPLE3", "APPLE3v1", "APPLE2", "APPLE1", "GLES2,0"], :featuresToRemove=>[], :supportsEmbeddedWatchApp=>false, :supportsEmbeddedUniversalWatchApp=>false, :hasSwiftRuntime=>true, :supportsEncryptionFormat2=>true, :supportsSwiftConcurrencyNatively=>false}}
    {:device=>{:target=>"j518ap", :productType=>"iPad13,6", :displayName=>"iPad Pro (11-inch) (3rd generation)"}, :traits=>{:deploymentTarget=>#<Gem::Version "14.0">, :passDeploymentTargetToAssetutil=>true, :architecture=>"arm64e", :artworkDevIdiom=>"pad", :artworkHostedIdioms=>[], :artworkScaleFactor=>2, :artworkDevSubtype=>2388, :artworkDisplayGamut=>"P3", :devPerfMemoryClass=>8, :gfxFeatureSetClass=>"APPLE7", :gfxFeatureSetFallbacks=>["APPLE6", "APPLE5", "APPLE4", "APPLE3", "APPLE3v1", "APPLE2", "APPLE1", "GLES2,0"], :featuresToRemove=>[], :supportsEmbeddedWatchApp=>false, :supportsEmbeddedUniversalWatchApp=>false, :hasSwiftRuntime=>true, :supportsEncryptionFormat2=>true, :supportsSwiftConcurrencyNatively=>false}}
    {:device=>{:target=>"j518xap"
2023-02-11 02:20:26 +0000  , :productType=>"iPad13,7", :displayName=>"iPad Pro (11-inch) (3rd generation)"}, :traits=>{:deploymentTarget=>#<Gem::Version "14.0">, :passDeploymentTargetToAssetutil=>true, :architecture=>"arm64e", :artworkDevIdiom=>"pad", :artworkHostedIdioms=>[], :artworkScaleFactor=>2, :artworkDevSubtype=>2388, :artworkDisplayGamut=>"P3", :devPerfMemoryClass=>16, :gfxFeatureSetClass=>"APPLE7", :gfxFeatureSetFallbacks=>["APPLE6", "APPLE5", "APPLE4", "APPLE3", "APPLE3v1", "APPLE2", "APPLE1", "GLES2,0"], :featuresToRemove=>[], :supportsEmbeddedWatchApp=>false, :supportsEmbeddedUniversalWatchApp=>false, :hasSwiftRuntime=>true, :supportsEncryptionFormat2=>true, :supportsSwiftConcurrencyNatively=>false}}
    {:device=>{:target=>"j522ap", :productType=>"iPad13,8", :displayName=>"iPad Pro (12.9-inch) (5th generation)"}, :traits=>{:deploymentTarget=>#<Gem::Version "14.0">, :passDeploymentTargetToAssetutil=>true, :architecture=>"arm64e", :artworkDevIdiom=>"pad", :artworkHostedIdioms=>[], :artworkScaleFactor=>2, :artworkDevSubtype=>2732, :artworkDisplayGamut=>"P3", :devPerfMemoryClass=>8, :gfxFeatureSetClass=>"APPLE7", :gfxFeatureSetFallbacks=>["APPLE6", "APPLE5", "APPLE4", "APPLE3", "APPLE3v1", "APPLE2", "APPLE1", "GLES2,0"], :featuresToRemove=>[], :supportsEmbeddedWatchApp=>false, :supportsEmbeddedUniversalWatchApp=>false, :hasSwiftRuntime=>true, :supportsEncryptionFormat2=>true, :supportsSwiftConcurrencyNatively=>false}}
    {:device=>{:target=>"j522xap", :productType=>"iPad13,9", :displayName=>"iPad Pro (12.9-inch) (5th generation)"}, :traits=>{:deploymentTarget=>#<Gem::Version "14.0">, :passDeploymentTargetToAssetutil=>true, :architecture=>"arm64e", :artworkDevIdiom=>"pad", :artworkHostedIdioms=>[], :artworkScaleFactor=>2, :artworkDevSubtype=>2732, :artworkDisplayGamut=>"P3", :devPerfMemoryClass=>16, :gfxFeatureSetClass=>"APPLE7", :gfxFeatureSetFallbacks=>["APPLE6", "APPLE5", "APPLE4", "APPLE3", "APPLE3v1", "APPLE2", "APPLE1", "GLES2,0"], :featuresToRemove=>[], :supportsEmbeddedWatchApp=>false, :supportsEmbeddedUniversalWatchApp=>false, :hasSwiftRuntime=>true, :supportsEncryptionFormat2=>true, :supportsSwiftConcurrencyNatively=>false}}
    {:device=>{:target=>"k93ap", :productType=>"iPad2,1", :displayName=>"iPad 2"}, :traits=>{:deploymentTarget=>#<Gem::Version "9.0">, :passDeploymentTargetToAssetutil=>false, :architecture=>"armv7", :artworkDevIdiom=>"pad", :artworkHostedIdioms=>[], :artworkScaleFactor=>1, :artworkDisplayGamut=>"sRGB", :devPerfMemoryClass=>0, :gfxFeatureSetClass=>"GLES2,0", :gfxFeatureSetFallbacks=>[], :featuresToRemove=>[], :supportsEmbeddedWatchApp=>false, :supportsEmbeddedUniversalWatchApp=>false, :hasSwiftRuntime=>false, :supportsEncryptionFormat2=>false, :supportsSwiftConcurrencyNatively=>false}}
    {:device=>{:target=>"k94ap", :productType=>"iPad2,2", :displayName=>"iPad 2"}, :traits=>{:deploymentTarget=>#<Gem::Version "9.0">, :passDeploymentTargetToAssetutil=>false, :architecture=>"armv7", :artworkDevIdiom=>"pad", :artworkHostedIdioms=>[], :artworkScaleFactor=>1, :artworkDisplayGamut=>"sRGB", :devPerfMemoryClass=>0, :gfxFeatureSetClass=>"GLES2,0", :gfxFeatureSetFallbacks=>[], :featuresToRemove=>[], :supportsEmbeddedWatchApp=>false, :supportsEmbeddedUniversalWatchApp=>false, :hasSwiftRuntime=>false, :supportsEncryptionFormat2=>false, :supportsSwiftConcurrencyNatively=>false}}
    {:device=>{:target=>"k95ap", :productType=>"iPad2,3", :displayName=>"iPad 2"}, :traits=>{:deploymentTarget=>#<Gem::Version "9.0">, :passDeploymentTargetToAssetutil=>false, :architecture=>"armv7", :artworkDevIdiom=>"pad", :artworkHostedIdioms=>[], :artworkScaleFactor=>1, :artworkDisplayGamut=>"sRGB", :devPerfMemoryClass=>0, :gfxFeatureSetClass=>"GLES2,0", :gfxFeatureSetFallbacks=>[], :featuresToRemove=>[], :supportsEmbeddedWatchApp=>false, :supportsEmbeddedUniversalWatchApp=>false, :hasSwiftRuntime=>false, :supportsEncryptionFormat2=>false, :supportsSwiftConcurrencyNatively=>false}}
    {:device=>{:target=>"k93aap", :productType=>"iPad2,4", :displayName=>"iPad 2"}, :traits=>{:deploymentTarget=>#<Gem::Version "9.0">, :passDeploymentTargetToAs
2023-02-11 02:20:26 +0000  setutil=>false, :architecture=>"armv7", :artworkDevIdiom=>"pad", :artworkHostedIdioms=>[], :artworkScaleFactor=>1, :artworkDisplayGamut=>"sRGB", :devPerfMemoryClass=>0, :gfxFeatureSetClass=>"GLES2,0", :gfxFeatureSetFallbacks=>[], :featuresToRemove=>[], :supportsEmbeddedWatchApp=>false, :supportsEmbeddedUniversalWatchApp=>false, :hasSwiftRuntime=>false, :supportsEncryptionFormat2=>false, :supportsSwiftConcurrencyNatively=>false}}
    {:device=>{:target=>"p105ap", :productType=>"iPad2,5", :displayName=>"iPad mini"}, :traits=>{:deploymentTarget=>#<Gem::Version "9.0">, :passDeploymentTargetToAssetutil=>false, :architecture=>"armv7", :artworkDevIdiom=>"pad", :artworkHostedIdioms=>[], :artworkScaleFactor=>1, :artworkDisplayGamut=>"sRGB", :devPerfMemoryClass=>0, :gfxFeatureSetClass=>"GLES2,0", :gfxFeatureSetFallbacks=>[], :featuresToRemove=>[], :supportsEmbeddedWatchApp=>false, :supportsEmbeddedUniversalWatchApp=>false, :hasSwiftRuntime=>false, :supportsEncryptionFormat2=>false, :supportsSwiftConcurrencyNatively=>false}}
    {:device=>{:target=>"p106ap", :productType=>"iPad2,6", :displayName=>"iPad mini"}, :traits=>{:deploymentTarget=>#<Gem::Version "9.0">, :passDeploymentTargetToAssetutil=>false, :architecture=>"armv7", :artworkDevIdiom=>"pad", :artworkHostedIdioms=>[], :artworkScaleFactor=>1, :artworkDisplayGamut=>"sRGB", :devPerfMemoryClass=>0, :gfxFeatureSetClass=>"GLES2,0", :gfxFeatureSetFallbacks=>[], :featuresToRemove=>[], :supportsEmbeddedWatchApp=>false, :supportsEmbeddedUniversalWatchApp=>false, :hasSwiftRuntime=>false, :supportsEncryptionFormat2=>false, :supportsSwiftConcurrencyNatively=>false}}
    {:device=>{:target=>"p107ap", :productType=>"iPad2,7", :displayName=>"iPad mini"}, :traits=>{:deploymentTarget=>#<Gem::Version "9.0">, :passDeploymentTargetToAssetutil=>false, :architecture=>"armv7", :artworkDevIdiom=>"pad", :artworkHostedIdioms=>[], :artworkScaleFactor=>1, :artworkDisplayGamut=>"sRGB", :devPerfMemoryClass=>0, :gfxFeatureSetClass=>"GLES2,0", :gfxFeatureSetFallbacks=>[], :featuresToRemove=>[], :supportsEmbeddedWatchApp=>false, :supportsEmbeddedUniversalWatchApp=>false, :hasSwiftRuntime=>false, :supportsEncryptionFormat2=>false, :supportsSwiftConcurrencyNatively=>false}}
    {:device=>{:target=>"j1ap", :productType=>"iPad3,1", :displayName=>"iPad (3rd generation)"}, :traits=>{:deploymentTarget=>#<Gem::Version "9.0">, :passDeploymentTargetToAssetutil=>false, :architecture=>"armv7", :artworkDevIdiom=>"pad", :artworkHostedIdioms=>[], :artworkScaleFactor=>2, :artworkDisplayGamut=>"sRGB", :devPerfMemoryClass=>1, :gfxFeatureSetClass=>"GLES2,0", :gfxFeatureSetFallbacks=>[], :featuresToRemove=>[], :supportsEmbeddedWatchApp=>false, :supportsEmbeddedUniversalWatchApp=>false, :hasSwiftRuntime=>false, :supportsEncryptionFormat2=>false, :supportsSwiftConcurrencyNatively=>false}}
    {:device=>{:target=>"j2ap", :productType=>"iPad3,2", :displayName=>"iPad (3rd generation)"}, :traits=>{:deploymentTarget=>#<Gem::Version "9.0">, :passDeploymentTargetToAssetutil=>false, :architecture=>"armv7", :artworkDevIdiom=>"pad", :artworkHostedIdioms=>[], :artworkScaleFactor=>2, :artworkDisplayGamut=>"sRGB", :devPerfMemoryClass=>1, :gfxFeatureSetClass=>"GLES2,0", :gfxFeatureSetFallbacks=>[], :featuresToRemove=>[], :supportsEmbeddedWatchApp=>false, :supportsEmbeddedUniversalWatchApp=>false, :hasSwiftRuntime=>false, :supportsEncryptionFormat2=>false, :supportsSwiftConcurrencyNatively=>false}}
    {:device=>{:target=>"j2aap", :productType=>"iPad3,3", :displayName=>"iPad (3rd generation)"}, :traits=>{:deploymentTarget=>#<Gem::Version "9.0">, :passDeploymentTargetToAssetutil=>false, :architecture=>"armv7", :artworkDevIdiom=>"pad", :artworkHostedIdioms=>[], :artworkScaleFactor=>2, :artworkDisplayGamut=>"sRGB", :devPerfMemoryClass=>1, :gfxFeatureSetClass=>"GLES2,0", :gfxFeatureSetFallbacks=>[], :featuresToRemove=>[], :supportsEmbeddedWatchApp=>false, :supportsEmbeddedUniversalWatchApp=>false, :hasSwiftRuntime=>false, :supportsEncryptionFormat2=>false, :supportsSwiftConcurrencyNatively=>false}}
    {:device=>{:target=>"p101ap", :productType=>"i
2023-02-11 02:20:26 +0000  Pad3,4", :displayName=>"iPad (4th generation)"}, :traits=>{:deploymentTarget=>#<Gem::Version "10.0">, :passDeploymentTargetToAssetutil=>false, :architecture=>"armv7s", :artworkDevIdiom=>"pad", :artworkHostedIdioms=>[], :artworkScaleFactor=>2, :artworkDisplayGamut=>"sRGB", :devPerfMemoryClass=>1, :gfxFeatureSetClass=>"GLES2,0", :gfxFeatureSetFallbacks=>[], :featuresToRemove=>[], :supportsEmbeddedWatchApp=>false, :supportsEmbeddedUniversalWatchApp=>false, :hasSwiftRuntime=>false, :supportsEncryptionFormat2=>false, :supportsSwiftConcurrencyNatively=>false}}
    {:device=>{:target=>"p101ap", :productType=>"iPad3,4", :displayName=>"iPad (4th generation)"}, :traits=>{:deploymentTarget=>#<Gem::Version "9.0">, :passDeploymentTargetToAssetutil=>false, :architecture=>"armv7s", :artworkDevIdiom=>"pad", :artworkHostedIdioms=>[], :artworkScaleFactor=>2, :artworkDisplayGamut=>"sRGB", :devPerfMemoryClass=>1, :gfxFeatureSetClass=>"GLES2,0", :gfxFeatureSetFallbacks=>[], :featuresToRemove=>[], :supportsEmbeddedWatchApp=>false, :supportsEmbeddedUniversalWatchApp=>false, :hasSwiftRuntime=>false, :supportsEncryptionFormat2=>false, :supportsSwiftConcurrencyNatively=>false}}
    {:device=>{:target=>"p102ap", :productType=>"iPad3,5", :displayName=>"iPad (4th generation)"}, :traits=>{:deploymentTarget=>#<Gem::Version "10.0">, :passDeploymentTargetToAssetutil=>false, :architecture=>"armv7s", :artworkDevIdiom=>"pad", :artworkHostedIdioms=>[], :artworkScaleFactor=>2, :artworkDisplayGamut=>"sRGB", :devPerfMemoryClass=>1, :gfxFeatureSetClass=>"GLES2,0", :gfxFeatureSetFallbacks=>[], :featuresToRemove=>[], :supportsEmbeddedWatchApp=>false, :supportsEmbeddedUniversalWatchApp=>false, :hasSwiftRuntime=>false, :supportsEncryptionFormat2=>false, :supportsSwiftConcurrencyNatively=>false}}
    {:device=>{:target=>"p102ap", :productType=>"iPad3,5", :displayName=>"iPad (4th generation)"}, :traits=>{:deploymentTarget=>#<Gem::Version "9.0">, :passDeploymentTargetToAssetutil=>false, :architecture=>"armv7s", :artworkDevIdiom=>"pad", :artworkHostedIdioms=>[], :artworkScaleFactor=>2, :artworkDisplayGamut=>"sRGB", :devPerfMemoryClass=>1, :gfxFeatureSetClass=>"GLES2,0", :gfxFeatureSetFallbacks=>[], :featuresToRemove=>[], :supportsEmbeddedWatchApp=>false, :supportsEmbeddedUniversalWatchApp=>false, :hasSwiftRuntime=>false, :supportsEncryptionFormat2=>false, :supportsSwiftConcurrencyNatively=>false}}
    {:device=>{:target=>"p103ap", :productType=>"iPad3,6", :displayName=>"iPad (4th generation)"}, :traits=>{:deploymentTarget=>#<Gem::Version "10.0">, :passDeploymentTargetToAssetutil=>false, :architecture=>"armv7s", :artworkDevIdiom=>"pad", :artworkHostedIdioms=>[], :artworkScaleFactor=>2, :artworkDisplayGamut=>"sRGB", :devPerfMemoryClass=>1, :gfxFeatureSetClass=>"GLES2,0", :gfxFeatureSetFallbacks=>[], :featuresToRemove=>[], :supportsEmbeddedWatchApp=>false, :supportsEmbeddedUniversalWatchApp=>false, :hasSwiftRuntime=>false, :supportsEncryptionFormat2=>false, :supportsSwiftConcurrencyNatively=>false}}
    {:device=>{:target=>"p103ap", :productType=>"iPad3,6", :displayName=>"iPad (4th generation)"}, :traits=>{:deploymentTarget=>#<Gem::Version "9.0">, :passDeploymentTargetToAssetutil=>false, :architecture=>"armv7s", :artworkDevIdiom=>"pad", :artworkHostedIdioms=>[], :artworkScaleFactor=>2, :artworkDisplayGamut=>"sRGB", :devPerfMemoryClass=>1, :gfxFeatureSetClass=>"GLES2,0", :gfxFeatureSetFallbacks=>[], :featuresToRemove=>[], :supportsEmbeddedWatchApp=>false, :supportsEmbeddedUniversalWatchApp=>false, :hasSwiftRuntime=>false, :supportsEncryptionFormat2=>false, :supportsSwiftConcurrencyNatively=>false}}
    {:device=>{:target=>"j71ap", :productType=>"iPad4,1", :displayName=>"iPad Air"}, :traits=>{:deploymentTarget=>#<Gem::Version "10.0">, :passDeploymentTargetToAssetutil=>false, :architecture=>"arm64", :artworkDevIdiom=>"pad", :artworkHostedIdioms=>[], :artworkScaleFactor=>2, :artworkDisplayGamut=>"sRGB", :devPerfMemoryClass=>1, :gfxFeatureSetClass=>"MTL1,2", :gfxFeatureSetFallbacks=>["GLES2,0"], :featuresToRemove=>[], :supportsEmbeddedWatchApp=>false, :supportsEmbeddedUniversa
2023-02-11 02:20:26 +0000  lWatchApp=>false, :hasSwiftRuntime=>false, :supportsEncryptionFormat2=>false, :supportsSwiftConcurrencyNatively=>false}}
    {:device=>{:target=>"j71ap", :productType=>"iPad4,1", :displayName=>"iPad Air"}, :traits=>{:deploymentTarget=>#<Gem::Version "11.0">, :passDeploymentTargetToAssetutil=>false, :architecture=>"arm64", :artworkDevIdiom=>"pad", :artworkHostedIdioms=>[], :artworkScaleFactor=>2, :artworkDisplayGamut=>"sRGB", :devPerfMemoryClass=>1, :gfxFeatureSetClass=>"MTL1,2", :gfxFeatureSetFallbacks=>["GLES2,0"], :featuresToRemove=>[], :supportsEmbeddedWatchApp=>false, :supportsEmbeddedUniversalWatchApp=>false, :hasSwiftRuntime=>false, :supportsEncryptionFormat2=>false, :supportsSwiftConcurrencyNatively=>false}}
    {:device=>{:target=>"j71ap", :productType=>"iPad4,1", :displayName=>"iPad Air"}, :traits=>{:deploymentTarget=>#<Gem::Version "12.0">, :passDeploymentTargetToAssetutil=>true, :architecture=>"arm64", :artworkDevIdiom=>"pad", :artworkHostedIdioms=>[], :artworkScaleFactor=>2, :artworkDisplayGamut=>"sRGB", :devPerfMemoryClass=>1, :gfxFeatureSetClass=>"MTL1,2", :gfxFeatureSetFallbacks=>["GLES2,0"], :featuresToRemove=>[], :supportsEmbeddedWatchApp=>false, :supportsEmbeddedUniversalWatchApp=>false, :hasSwiftRuntime=>false, :supportsEncryptionFormat2=>false, :supportsSwiftConcurrencyNatively=>false}}
    {:device=>{:target=>"j71ap", :productType=>"iPad4,1", :displayName=>"iPad Air"}, :traits=>{:deploymentTarget=>#<Gem::Version "12.2">, :passDeploymentTargetToAssetutil=>true, :architecture=>"arm64", :artworkDevIdiom=>"pad", :artworkHostedIdioms=>[], :artworkScaleFactor=>2, :artworkDisplayGamut=>"sRGB", :devPerfMemoryClass=>1, :gfxFeatureSetClass=>"MTL1,2", :gfxFeatureSetFallbacks=>["GLES2,0"], :featuresToRemove=>[], :supportsEmbeddedWatchApp=>false, :supportsEmbeddedUniversalWatchApp=>false, :hasSwiftRuntime=>true, :supportsEncryptionFormat2=>false, :supportsSwiftConcurrencyNatively=>false}}
    {:device=>{:target=>"j71ap", :productType=>"iPad4,1", :displayName=>"iPad Air"}, :traits=>{:deploymentTarget=>#<Gem::Version "9.0">, :passDeploymentTargetToAssetutil=>false, :architecture=>"arm64", :artworkDevIdiom=>"pad", :artworkHostedIdioms=>[], :artworkScaleFactor=>2, :artworkDisplayGamut=>"sRGB", :devPerfMemoryClass=>1, :gfxFeatureSetClass=>"MTL1,2", :gfxFeatureSetFallbacks=>["GLES2,0"], :featuresToRemove=>[], :supportsEmbeddedWatchApp=>false, :supportsEmbeddedUniversalWatchApp=>false, :hasSwiftRuntime=>false, :supportsEncryptionFormat2=>false, :supportsSwiftConcurrencyNatively=>false}}
    {:device=>{:target=>"j72ap", :productType=>"iPad4,2", :displayName=>"iPad Air"}, :traits=>{:deploymentTarget=>#<Gem::Version "10.0">, :passDeploymentTargetToAssetutil=>false, :architecture=>"arm64", :artworkDevIdiom=>"pad", :artworkHostedIdioms=>[], :artworkScaleFactor=>2, :artworkDisplayGamut=>"sRGB", :devPerfMemoryClass=>1, :gfxFeatureSetClass=>"MTL1,2", :gfxFeatureSetFallbacks=>["GLES2,0"], :featuresToRemove=>[], :supportsEmbeddedWatchApp=>false, :supportsEmbeddedUniversalWatchApp=>false, :hasSwiftRuntime=>false, :supportsEncryptionFormat2=>false, :supportsSwiftConcurrencyNatively=>false}}
    {:device=>{:target=>"j72ap", :productType=>"iPad4,2", :displayName=>"iPad Air"}, :traits=>{:deploymentTarget=>#<Gem::Version "11.0">, :passDeploymentTargetToAssetutil=>false, :architecture=>"arm64", :artworkDevIdiom=>"pad", :artworkHostedIdioms=>[], :artworkScaleFactor=>2, :artworkDisplayGamut=>"sRGB", :devPerfMemoryClass=>1, :gfxFeatureSetClass=>"MTL1,2", :gfxFeatureSetFallbacks=>["GLES2,0"], :featuresToRemove=>[], :supportsEmbeddedWatchApp=>false, :supportsEmbeddedUniversalWatchApp=>false, :hasSwiftRuntime=>false, :supportsEncryptionFormat2=>false, :supportsSwiftConcurrencyNatively=>false}}
    {:device=>{:target=>"j72ap", :productType=>"iPad4,2", :displayName=>"iPad Air"}, :traits=>{:deploymentTarget=>#<Gem::Version "12.0">, :passDeploymentTargetToAssetutil=>true, :architecture=>"arm64", :artworkDevIdiom=>"pad", :artworkHostedIdioms=>[], :artworkScaleFactor=>2, :artworkDisplayGamut=>"sRGB", :devPerfMemoryClass=>1, :gfxFeatureSetClass=>"MT
2023-02-11 02:20:26 +0000  L1,2", :gfxFeatureSetFallbacks=>["GLES2,0"], :featuresToRemove=>[], :supportsEmbeddedWatchApp=>false, :supportsEmbeddedUniversalWatchApp=>false, :hasSwiftRuntime=>false, :supportsEncryptionFormat2=>false, :supportsSwiftConcurrencyNatively=>false}}
    {:device=>{:target=>"j72ap", :productType=>"iPad4,2", :displayName=>"iPad Air"}, :traits=>{:deploymentTarget=>#<Gem::Version "12.2">, :passDeploymentTargetToAssetutil=>true, :architecture=>"arm64", :artworkDevIdiom=>"pad", :artworkHostedIdioms=>[], :artworkScaleFactor=>2, :artworkDisplayGamut=>"sRGB", :devPerfMemoryClass=>1, :gfxFeatureSetClass=>"MTL1,2", :gfxFeatureSetFallbacks=>["GLES2,0"], :featuresToRemove=>[], :supportsEmbeddedWatchApp=>false, :supportsEmbeddedUniversalWatchApp=>false, :hasSwiftRuntime=>true, :supportsEncryptionFormat2=>false, :supportsSwiftConcurrencyNatively=>false}}
    {:device=>{:target=>"j72ap", :productType=>"iPad4,2", :displayName=>"iPad Air"}, :traits=>{:deploymentTarget=>#<Gem::Version "9.0">, :passDeploymentTargetToAssetutil=>false, :architecture=>"arm64", :artworkDevIdiom=>"pad", :artworkHostedIdioms=>[], :artworkScaleFactor=>2, :artworkDisplayGamut=>"sRGB", :devPerfMemoryClass=>1, :gfxFeatureSetClass=>"MTL1,2", :gfxFeatureSetFallbacks=>["GLES2,0"], :featuresToRemove=>[], :supportsEmbeddedWatchApp=>false, :supportsEmbeddedUniversalWatchApp=>false, :hasSwiftRuntime=>false, :supportsEncryptionFormat2=>false, :supportsSwiftConcurrencyNatively=>false}}
    {:device=>{:target=>"j73ap", :productType=>"iPad4,3", :displayName=>"iPad Air"}, :traits=>{:deploymentTarget=>#<Gem::Version "10.0">, :passDeploymentTargetToAssetutil=>false, :architecture=>"arm64", :artworkDevIdiom=>"pad", :artworkHostedIdioms=>[], :artworkScaleFactor=>2, :artworkDisplayGamut=>"sRGB", :devPerfMemoryClass=>1, :gfxFeatureSetClass=>"MTL1,2", :gfxFeatureSetFallbacks=>["GLES2,0"], :featuresToRemove=>[], :supportsEmbeddedWatchApp=>false, :supportsEmbeddedUniversalWatchApp=>false, :hasSwiftRuntime=>false, :supportsEncryptionFormat2=>false, :supportsSwiftConcurrencyNatively=>false}}
    {:device=>{:target=>"j73ap", :productType=>"iPad4,3", :displayName=>"iPad Air"}, :traits=>{:deploymentTarget=>#<Gem::Version "11.0">, :passDeploymentTargetToAssetutil=>false, :architecture=>"arm64", :artworkDevIdiom=>"pad", :artworkHostedIdioms=>[], :artworkScaleFactor=>2, :artworkDisplayGamut=>"sRGB", :devPerfMemoryClass=>1, :gfxFeatureSetClass=>"MTL1,2", :gfxFeatureSetFallbacks=>["GLES2,0"], :featuresToRemove=>[], :supportsEmbeddedWatchApp=>false, :supportsEmbeddedUniversalWatchApp=>false, :hasSwiftRuntime=>false, :supportsEncryptionFormat2=>false, :supportsSwiftConcurrencyNatively=>false}}
    {:device=>{:target=>"j73ap", :productType=>"iPad4,3", :displayName=>"iPad Air"}, :traits=>{:deploymentTarget=>#<Gem::Version "12.0">, :passDeploymentTargetToAssetutil=>true, :architecture=>"arm64", :artworkDevIdiom=>"pad", :artworkHostedIdioms=>[], :artworkScaleFactor=>2, :artworkDisplayGamut=>"sRGB", :devPerfMemoryClass=>1, :gfxFeatureSetClass=>"MTL1,2", :gfxFeatureSetFallbacks=>["GLES2,0"], :featuresToRemove=>[], :supportsEmbeddedWatchApp=>false, :supportsEmbeddedUniversalWatchApp=>false, :hasSwiftRuntime=>false, :supportsEncryptionFormat2=>false, :supportsSwiftConcurrencyNatively=>false}}
    {:device=>{:target=>"j73ap", :productType=>"iPad4,3", :displayName=>"iPad Air"}, :traits=>{:deploymentTarget=>#<Gem::Version "12.2">, :passDeploymentTargetToAssetutil=>true, :architecture=>"arm64", :artworkDevIdiom=>"pad", :artworkHostedIdioms=>[], :artworkScaleFactor=>2, :artworkDisplayGamut=>"sRGB", :devPerfMemoryClass=>1, :gfxFeatureSetClass=>"MTL1,2", :gfxFeatureSetFallbacks=>["GLES2,0"], :featuresToRemove=>[], :supportsEmbeddedWatchApp=>false, :supportsEmbeddedUniversalWatchApp=>false, :hasSwiftRuntime=>true, :supportsEncryptionFormat2=>false, :supportsSwiftConcurrencyNatively=>false}}
    {:device=>{:target=>"j73ap", :productType=>"iPad4,3", :displayName=>"iPad Air"}, :traits=>{:deploymentTarget=>#<Gem::Version "9.0">, :passDeploymentTargetToAssetutil=>false, :architecture=>"arm64", :artworkDevIdiom=>"pad", :ar
2023-02-11 02:20:26 +0000  tworkHostedIdioms=>[], :artworkScaleFactor=>2, :artworkDisplayGamut=>"sRGB", :devPerfMemoryClass=>1, :gfxFeatureSetClass=>"MTL1,2", :gfxFeatureSetFallbacks=>["GLES2,0"], :featuresToRemove=>[], :supportsEmbeddedWatchApp=>false, :supportsEmbeddedUniversalWatchApp=>false, :hasSwiftRuntime=>false, :supportsEncryptionFormat2=>false, :supportsSwiftConcurrencyNatively=>false}}
    {:device=>{:target=>"j85ap", :productType=>"iPad4,4", :displayName=>"iPad mini 2"}, :traits=>{:deploymentTarget=>#<Gem::Version "10.0">, :passDeploymentTargetToAssetutil=>false, :architecture=>"arm64", :artworkDevIdiom=>"pad", :artworkHostedIdioms=>[], :artworkScaleFactor=>2, :artworkDisplayGamut=>"sRGB", :devPerfMemoryClass=>1, :gfxFeatureSetClass=>"MTL1,2", :gfxFeatureSetFallbacks=>["GLES2,0"], :featuresToRemove=>[], :supportsEmbeddedWatchApp=>false, :supportsEmbeddedUniversalWatchApp=>false, :hasSwiftRuntime=>false, :supportsEncryptionFormat2=>false, :supportsSwiftConcurrencyNatively=>false}}
    {:device=>{:target=>"j85ap", :productType=>"iPad4,4", :displayName=>"iPad mini 2"}, :traits=>{:deploymentTarget=>#<Gem::Version "11.0">, :passDeploymentTargetToAssetutil=>false, :architecture=>"arm64", :artworkDevIdiom=>"pad", :artworkHostedIdioms=>[], :artworkScaleFactor=>2, :artworkDisplayGamut=>"sRGB", :devPerfMemoryClass=>1, :gfxFeatureSetClass=>"MTL1,2", :gfxFeatureSetFallbacks=>["GLES2,0"], :featuresToRemove=>[], :supportsEmbeddedWatchApp=>false, :supportsEmbeddedUniversalWatchApp=>false, :hasSwiftRuntime=>false, :supportsEncryptionFormat2=>false, :supportsSwiftConcurrencyNatively=>false}}
    {:device=>{:target=>"j85ap", :productType=>"iPad4,4", :displayName=>"iPad mini 2"}, :traits=>{:deploymentTarget=>#<Gem::Version "12.0">, :passDeploymentTargetToAssetutil=>true, :architecture=>"arm64", :artworkDevIdiom=>"pad", :artworkHostedIdioms=>[], :artworkScaleFactor=>2, :artworkDisplayGamut=>"sRGB", :devPerfMemoryClass=>1, :gfxFeatureSetClass=>"MTL1,2", :gfxFeatureSetFallbacks=>["GLES2,0"], :featuresToRemove=>[], :supportsEmbeddedWatchApp=>false, :supportsEmbeddedUniversalWatchApp=>false, :hasSwiftRuntime=>false, :supportsEncryptionFormat2=>false, :supportsSwiftConcurrencyNatively=>false}}
    {:device=>{:target=>"j85ap", :productType=>"iPad4,4", :displayName=>"iPad mini 2"}, :traits=>{:deploymentTarget=>#<Gem::Version "12.2">, :passDeploymentTargetToAssetutil=>true, :architecture=>"arm64", :artworkDevIdiom=>"pad", :artworkHostedIdioms=>[], :artworkScaleFactor=>2, :artworkDisplayGamut=>"sRGB", :devPerfMemoryClass=>1, :gfxFeatureSetClass=>"MTL1,2", :gfxFeatureSetFallbacks=>["GLES2,0"], :featuresToRemove=>[], :supportsEmbeddedWatchApp=>false, :supportsEmbeddedUniversalWatchApp=>false, :hasSwiftRuntime=>true, :supportsEncryptionFormat2=>false, :supportsSwiftConcurrencyNatively=>false}}
    {:device=>{:target=>"j85ap", :productType=>"iPad4,4", :displayName=>"iPad mini 2"}, :traits=>{:deploymentTarget=>#<Gem::Version "9.0">, :passDeploymentTargetToAssetutil=>false, :architecture=>"arm64", :artworkDevIdiom=>"pad", :artworkHostedIdioms=>[], :artworkScaleFactor=>2, :artworkDisplayGamut=>"sRGB", :devPerfMemoryClass=>1, :gfxFeatureSetClass=>"MTL1,2", :gfxFeatureSetFallbacks=>["GLES2,0"], :featuresToRemove=>[], :supportsEmbeddedWatchApp=>false, :supportsEmbeddedUniversalWatchApp=>false, :hasSwiftRuntime=>false, :supportsEncryptionFormat2=>false, :supportsSwiftConcurrencyNatively=>false}}
    {:device=>{:target=>"j86ap", :productType=>"iPad4,5", :displayName=>"iPad mini 2"}, :traits=>{:deploymentTarget=>#<Gem::Version "10.0">, :passDeploymentTargetToAssetutil=>false, :architecture=>"arm64", :artworkDevIdiom=>"pad", :artworkHostedIdioms=>[], :artworkScaleFactor=>2, :artworkDisplayGamut=>"sRGB", :devPerfMemoryClass=>1, :gfxFeatureSetClass=>"MTL1,2", :gfxFeatureSetFallbacks=>["GLES2,0"], :featuresToRemove=>[], :supportsEmbeddedWatchApp=>false, :supportsEmbeddedUniversalWatchApp=>false, :hasSwiftRuntime=>false, :supportsEncryptionFormat2=>false, :supportsSwiftConcurrencyNatively=>false}}
    {:device=>{:target=>"j86ap", :productType=>"iPad4,5", :displayName=>"iPad mini 2"
2023-02-11 02:20:26 +0000  }, :traits=>{:deploymentTarget=>#<Gem::Version "11.0">, :passDeploymentTargetToAssetutil=>false, :architecture=>"arm64", :artworkDevIdiom=>"pad", :artworkHostedIdioms=>[], :artworkScaleFactor=>2, :artworkDisplayGamut=>"sRGB", :devPerfMemoryClass=>1, :gfxFeatureSetClass=>"MTL1,2", :gfxFeatureSetFallbacks=>["GLES2,0"], :featuresToRemove=>[], :supportsEmbeddedWatchApp=>false, :supportsEmbeddedUniversalWatchApp=>false, :hasSwiftRuntime=>false, :supportsEncryptionFormat2=>false, :supportsSwiftConcurrencyNatively=>false}}
    {:device=>{:target=>"j86ap", :productType=>"iPad4,5", :displayName=>"iPad mini 2"}, :traits=>{:deploymentTarget=>#<Gem::Version "12.0">, :passDeploymentTargetToAssetutil=>true, :architecture=>"arm64", :artworkDevIdiom=>"pad", :artworkHostedIdioms=>[], :artworkScaleFactor=>2, :artworkDisplayGamut=>"sRGB", :devPerfMemoryClass=>1, :gfxFeatureSetClass=>"MTL1,2", :gfxFeatureSetFallbacks=>["GLES2,0"], :featuresToRemove=>[], :supportsEmbeddedWatchApp=>false, :supportsEmbeddedUniversalWatchApp=>false, :hasSwiftRuntime=>false, :supportsEncryptionFormat2=>false, :supportsSwiftConcurrencyNatively=>false}}
    {:device=>{:target=>"j86ap", :productType=>"iPad4,5", :displayName=>"iPad mini 2"}, :traits=>{:deploymentTarget=>#<Gem::Version "12.2">, :passDeploymentTargetToAssetutil=>true, :architecture=>"arm64", :artworkDevIdiom=>"pad", :artworkHostedIdioms=>[], :artworkScaleFactor=>2, :artworkDisplayGamut=>"sRGB", :devPerfMemoryClass=>1, :gfxFeatureSetClass=>"MTL1,2", :gfxFeatureSetFallbacks=>["GLES2,0"], :featuresToRemove=>[], :supportsEmbeddedWatchApp=>false, :supportsEmbeddedUniversalWatchApp=>false, :hasSwiftRuntime=>true, :supportsEncryptionFormat2=>false, :supportsSwiftConcurrencyNatively=>false}}
    {:device=>{:target=>"j86ap", :productType=>"iPad4,5", :displayName=>"iPad mini 2"}, :traits=>{:deploymentTarget=>#<Gem::Version "9.0">, :passDeploymentTargetToAssetutil=>false, :architecture=>"arm64", :artworkDevIdiom=>"pad", :artworkHostedIdioms=>[], :artworkScaleFactor=>2, :artworkDisplayGamut=>"sRGB", :devPerfMemoryClass=>1, :gfxFeatureSetClass=>"MTL1,2", :gfxFeatureSetFallbacks=>["GLES2,0"], :featuresToRemove=>[], :supportsEmbeddedWatchApp=>false, :supportsEmbeddedUniversalWatchApp=>false, :hasSwiftRuntime=>false, :supportsEncryptionFormat2=>false, :supportsSwiftConcurrencyNatively=>false}}
    {:device=>{:target=>"j87ap", :productType=>"iPad4,6", :displayName=>"iPad mini 2"}, :traits=>{:deploymentTarget=>#<Gem::Version "10.0">, :passDeploymentTargetToAssetutil=>false, :architecture=>"arm64", :artworkDevIdiom=>"pad", :artworkHostedIdioms=>[], :artworkScaleFactor=>2, :artworkDisplayGamut=>"sRGB", :devPerfMemoryClass=>1, :gfxFeatureSetClass=>"MTL1,2", :gfxFeatureSetFallbacks=>["GLES2,0"], :featuresToRemove=>[], :supportsEmbeddedWatchApp=>false, :supportsEmbeddedUniversalWatchApp=>false, :hasSwiftRuntime=>false, :supportsEncryptionFormat2=>false, :supportsSwiftConcurrencyNatively=>false}}
    {:device=>{:target=>"j87ap", :productType=>"iPad4,6", :displayName=>"iPad mini 2"}, :traits=>{:deploymentTarget=>#<Gem::Version "11.0">, :passDeploymentTargetToAssetutil=>false, :architecture=>"arm64", :artworkDevIdiom=>"pad", :artworkHostedIdioms=>[], :artworkScaleFactor=>2, :artworkDisplayGamut=>"sRGB", :devPerfMemoryClass=>1, :gfxFeatureSetClass=>"MTL1,2", :gfxFeatureSetFallbacks=>["GLES2,0"], :featuresToRemove=>[], :supportsEmbeddedWatchApp=>false, :supportsEmbeddedUniversalWatchApp=>false, :hasSwiftRuntime=>false, :supportsEncryptionFormat2=>false, :supportsSwiftConcurrencyNatively=>false}}
    {:device=>{:target=>"j87ap", :productType=>"iPad4,6", :displayName=>"iPad mini 2"}, :traits=>{:deploymentTarget=>#<Gem::Version "12.0">, :passDeploymentTargetToAssetutil=>true, :architecture=>"arm64", :artworkDevIdiom=>"pad", :artworkHostedIdioms=>[], :artworkScaleFactor=>2, :artworkDisplayGamut=>"sRGB", :devPerfMemoryClass=>1, :gfxFeatureSetClass=>"MTL1,2", :gfxFeatureSetFallbacks=>["GLES2,0"], :featuresToRemove=>[], :supportsEmbeddedWatchApp=>false, :supportsEmbeddedUniversalWatchApp=>false, :hasSwiftRuntime=>false, :supportsEncryp
2023-02-11 02:20:26 +0000  tionFormat2=>false, :supportsSwiftConcurrencyNatively=>false}}
    {:device=>{:target=>"j87ap", :productType=>"iPad4,6", :displayName=>"iPad mini 2"}, :traits=>{:deploymentTarget=>#<Gem::Version "12.2">, :passDeploymentTargetToAssetutil=>true, :architecture=>"arm64", :artworkDevIdiom=>"pad", :artworkHostedIdioms=>[], :artworkScaleFactor=>2, :artworkDisplayGamut=>"sRGB", :devPerfMemoryClass=>1, :gfxFeatureSetClass=>"MTL1,2", :gfxFeatureSetFallbacks=>["GLES2,0"], :featuresToRemove=>[], :supportsEmbeddedWatchApp=>false, :supportsEmbeddedUniversalWatchApp=>false, :hasSwiftRuntime=>true, :supportsEncryptionFormat2=>false, :supportsSwiftConcurrencyNatively=>false}}
    {:device=>{:target=>"j87ap", :productType=>"iPad4,6", :displayName=>"iPad mini 2"}, :traits=>{:deploymentTarget=>#<Gem::Version "9.0">, :passDeploymentTargetToAssetutil=>false, :architecture=>"arm64", :artworkDevIdiom=>"pad", :artworkHostedIdioms=>[], :artworkScaleFactor=>2, :artworkDisplayGamut=>"sRGB", :devPerfMemoryClass=>1, :gfxFeatureSetClass=>"MTL1,2", :gfxFeatureSetFallbacks=>["GLES2,0"], :featuresToRemove=>[], :supportsEmbeddedWatchApp=>false, :supportsEmbeddedUniversalWatchApp=>false, :hasSwiftRuntime=>false, :supportsEncryptionFormat2=>false, :supportsSwiftConcurrencyNatively=>false}}
    {:device=>{:target=>"j85map", :productType=>"iPad4,7", :displayName=>"iPad mini 3"}, :traits=>{:deploymentTarget=>#<Gem::Version "10.0">, :passDeploymentTargetToAssetutil=>false, :architecture=>"arm64", :artworkDevIdiom=>"pad", :artworkHostedIdioms=>[], :artworkScaleFactor=>2, :artworkDisplayGamut=>"sRGB", :devPerfMemoryClass=>1, :gfxFeatureSetClass=>"MTL1,2", :gfxFeatureSetFallbacks=>["GLES2,0"], :featuresToRemove=>[], :supportsEmbeddedWatchApp=>false, :supportsEmbeddedUniversalWatchApp=>false, :hasSwiftRuntime=>false, :supportsEncryptionFormat2=>false, :supportsSwiftConcurrencyNatively=>false}}
    {:device=>{:target=>"j85map", :productType=>"iPad4,7", :displayName=>"iPad mini 3"}, :traits=>{:deploymentTarget=>#<Gem::Version "11.0">, :passDeploymentTargetToAssetutil=>false, :architecture=>"arm64", :artworkDevIdiom=>"pad", :artworkHostedIdioms=>[], :artworkScaleFactor=>2, :artworkDisplayGamut=>"sRGB", :devPerfMemoryClass=>1, :gfxFeatureSetClass=>"MTL1,2", :gfxFeatureSetFallbacks=>["GLES2,0"], :featuresToRemove=>[], :supportsEmbeddedWatchApp=>false, :supportsEmbeddedUniversalWatchApp=>false, :hasSwiftRuntime=>false, :supportsEncryptionFormat2=>false, :supportsSwiftConcurrencyNatively=>false}}
    {:device=>{:target=>"j85map", :productType=>"iPad4,7", :displayName=>"iPad mini 3"}, :traits=>{:deploymentTarget=>#<Gem::Version "12.0">, :passDeploymentTargetToAssetutil=>true, :architecture=>"arm64", :artworkDevIdiom=>"pad", :artworkHostedIdioms=>[], :artworkScaleFactor=>2, :artworkDisplayGamut=>"sRGB", :devPerfMemoryClass=>1, :gfxFeatureSetClass=>"MTL1,2", :gfxFeatureSetFallbacks=>["GLES2,0"], :featuresToRemove=>[], :supportsEmbeddedWatchApp=>false, :supportsEmbeddedUniversalWatchApp=>false, :hasSwiftRuntime=>false, :supportsEncryptionFormat2=>false, :supportsSwiftConcurrencyNatively=>false}}
    {:device=>{:target=>"j85map", :productType=>"iPad4,7", :displayName=>"iPad mini 3"}, :traits=>{:deploymentTarget=>#<Gem::Version "12.2">, :passDeploymentTargetToAssetutil=>true, :architecture=>"arm64", :artworkDevIdiom=>"pad", :artworkHostedIdioms=>[], :artworkScaleFactor=>2, :artworkDisplayGamut=>"sRGB", :devPerfMemoryClass=>1, :gfxFeatureSetClass=>"MTL1,2", :gfxFeatureSetFallbacks=>["GLES2,0"], :featuresToRemove=>[], :supportsEmbeddedWatchApp=>false, :supportsEmbeddedUniversalWatchApp=>false, :hasSwiftRuntime=>true, :supportsEncryptionFormat2=>false, :supportsSwiftConcurrencyNatively=>false}}
    {:device=>{:target=>"j85map", :productType=>"iPad4,7", :displayName=>"iPad mini 3"}, :traits=>{:deploymentTarget=>#<Gem::Version "9.0">, :passDeploymentTargetToAssetutil=>false, :architecture=>"arm64", :artworkDevIdiom=>"pad", :artworkHostedIdioms=>[], :artworkScaleFactor=>2, :artworkDisplayGamut=>"sRGB", :devPerfMemoryClass=>1, :gfxFeatureSetClass=>"MTL1,2", :gfxFeatureSetFallbacks=>["
2023-02-11 02:20:26 +0000  GLES2,0"], :featuresToRemove=>[], :supportsEmbeddedWatchApp=>false, :supportsEmbeddedUniversalWatchApp=>false, :hasSwiftRuntime=>false, :supportsEncryptionFormat2=>false, :supportsSwiftConcurrencyNatively=>false}}
    {:device=>{:target=>"j86map", :productType=>"iPad4,8", :displayName=>"iPad mini 3"}, :traits=>{:deploymentTarget=>#<Gem::Version "10.0">, :passDeploymentTargetToAssetutil=>false, :architecture=>"arm64", :artworkDevIdiom=>"pad", :artworkHostedIdioms=>[], :artworkScaleFactor=>2, :artworkDisplayGamut=>"sRGB", :devPerfMemoryClass=>1, :gfxFeatureSetClass=>"MTL1,2", :gfxFeatureSetFallbacks=>["GLES2,0"], :featuresToRemove=>[], :supportsEmbeddedWatchApp=>false, :supportsEmbeddedUniversalWatchApp=>false, :hasSwiftRuntime=>false, :supportsEncryptionFormat2=>false, :supportsSwiftConcurrencyNatively=>false}}
    {:device=>{:target=>"j86map", :productType=>"iPad4,8", :displayName=>"iPad mini 3"}, :traits=>{:deploymentTarget=>#<Gem::Version "11.0">, :passDeploymentTargetToAssetutil=>false, :architecture=>"arm64", :artworkDevIdiom=>"pad", :artworkHostedIdioms=>[], :artworkScaleFactor=>2, :artworkDisplayGamut=>"sRGB", :devPerfMemoryClass=>1, :gfxFeatureSetClass=>"MTL1,2", :gfxFeatureSetFallbacks=>["GLES2,0"], :featuresToRemove=>[], :supportsEmbeddedWatchApp=>false, :supportsEmbeddedUniversalWatchApp=>false, :hasSwiftRuntime=>false, :supportsEncryptionFormat2=>false, :supportsSwiftConcurrencyNatively=>false}}
    {:device=>{:target=>"j86map", :productType=>"iPad4,8", :displayName=>"iPad mini 3"}, :traits=>{:deploymentTarget=>#<Gem::Version "12.0">, :passDeploymentTargetToAssetutil=>true, :architecture=>"arm64", :artworkDevIdiom=>"pad", :artworkHostedIdioms=>[], :artworkScaleFactor=>2, :artworkDisplayGamut=>"sRGB", :devPerfMemoryClass=>1, :gfxFeatureSetClass=>"MTL1,2", :gfxFeatureSetFallbacks=>["GLES2,0"], :featuresToRemove=>[], :supportsEmbeddedWatchApp=>false, :supportsEmbeddedUniversalWatchApp=>false, :hasSwiftRuntime=>false, :supportsEncryptionFormat2=>false, :supportsSwiftConcurrencyNatively=>false}}
    {:device=>{:target=>"j86map", :productType=>"iPad4,8", :displayName=>"iPad mini 3"}, :traits=>{:deploymentTarget=>#<Gem::Version "12.2">, :passDeploymentTargetToAssetutil=>true, :architecture=>"arm64", :artworkDevIdiom=>"pad", :artworkHostedIdioms=>[], :artworkScaleFactor=>2, :artworkDisplayGamut=>"sRGB", :devPerfMemoryClass=>1, :gfxFeatureSetClass=>"MTL1,2", :gfxFeatureSetFallbacks=>["GLES2,0"], :featuresToRemove=>[], :supportsEmbeddedWatchApp=>false, :supportsEmbeddedUniversalWatchApp=>false, :hasSwiftRuntime=>true, :supportsEncryptionFormat2=>false, :supportsSwiftConcurrencyNatively=>false}}
    {:device=>{:target=>"j86map", :productType=>"iPad4,8", :displayName=>"iPad mini 3"}, :traits=>{:deploymentTarget=>#<Gem::Version "9.0">, :passDeploymentTargetToAssetutil=>false, :architecture=>"arm64", :artworkDevIdiom=>"pad", :artworkHostedIdioms=>[], :artworkScaleFactor=>2, :artworkDisplayGamut=>"sRGB", :devPerfMemoryClass=>1, :gfxFeatureSetClass=>"MTL1,2", :gfxFeatureSetFallbacks=>["GLES2,0"], :featuresToRemove=>[], :supportsEmbeddedWatchApp=>false, :supportsEmbeddedUniversalWatchApp=>false, :hasSwiftRuntime=>false, :supportsEncryptionFormat2=>false, :supportsSwiftConcurrencyNatively=>false}}
    {:device=>{:target=>"j87map", :productType=>"iPad4,9", :displayName=>"iPad mini 3"}, :traits=>{:deploymentTarget=>#<Gem::Version "10.0">, :passDeploymentTargetToAssetutil=>false, :architecture=>"arm64", :artworkDevIdiom=>"pad", :artworkHostedIdioms=>[], :artworkScaleFactor=>2, :artworkDisplayGamut=>"sRGB", :devPerfMemoryClass=>1, :gfxFeatureSetClass=>"MTL1,2", :gfxFeatureSetFallbacks=>["GLES2,0"], :featuresToRemove=>[], :supportsEmbeddedWatchApp=>false, :supportsEmbeddedUniversalWatchApp=>false, :hasSwiftRuntime=>false, :supportsEncryptionFormat2=>false, :supportsSwiftConcurrencyNatively=>false}}
    {:device=>{:target=>"j87map", :productType=>"iPad4,9", :displayName=>"iPad mini 3"}, :traits=>{:deploymentTarget=>#<Gem::Version "11.0">, :passDeploymentTargetToAssetutil=>false, :architecture=>"arm64", :artworkDevIdiom=>"pad", :artwo
2023-02-11 02:20:26 +0000  rkHostedIdioms=>[], :artworkScaleFactor=>2, :artworkDisplayGamut=>"sRGB", :devPerfMemoryClass=>1, :gfxFeatureSetClass=>"MTL1,2", :gfxFeatureSetFallbacks=>["GLES2,0"], :featuresToRemove=>[], :supportsEmbeddedWatchApp=>false, :supportsEmbeddedUniversalWatchApp=>false, :hasSwiftRuntime=>false, :supportsEncryptionFormat2=>false, :supportsSwiftConcurrencyNatively=>false}}
    {:device=>{:target=>"j87map", :productType=>"iPad4,9", :displayName=>"iPad mini 3"}, :traits=>{:deploymentTarget=>#<Gem::Version "12.0">, :passDeploymentTargetToAssetutil=>true, :architecture=>"arm64", :artworkDevIdiom=>"pad", :artworkHostedIdioms=>[], :artworkScaleFactor=>2, :artworkDisplayGamut=>"sRGB", :devPerfMemoryClass=>1, :gfxFeatureSetClass=>"MTL1,2", :gfxFeatureSetFallbacks=>["GLES2,0"], :featuresToRemove=>[], :supportsEmbeddedWatchApp=>false, :supportsEmbeddedUniversalWatchApp=>false, :hasSwiftRuntime=>false, :supportsEncryptionFormat2=>false, :supportsSwiftConcurrencyNatively=>false}}
    {:device=>{:target=>"j87map", :productType=>"iPad4,9", :displayName=>"iPad mini 3"}, :traits=>{:deploymentTarget=>#<Gem::Version "12.2">, :passDeploymentTargetToAssetutil=>true, :architecture=>"arm64", :artworkDevIdiom=>"pad", :artworkHostedIdioms=>[], :artworkScaleFactor=>2, :artworkDisplayGamut=>"sRGB", :devPerfMemoryClass=>1, :gfxFeatureSetClass=>"MTL1,2", :gfxFeatureSetFallbacks=>["GLES2,0"], :featuresToRemove=>[], :supportsEmbeddedWatchApp=>false, :supportsEmbeddedUniversalWatchApp=>false, :hasSwiftRuntime=>true, :supportsEncryptionFormat2=>false, :supportsSwiftConcurrencyNatively=>false}}
    {:device=>{:target=>"j87map", :productType=>"iPad4,9", :displayName=>"iPad mini 3"}, :traits=>{:deploymentTarget=>#<Gem::Version "9.0">, :passDeploymentTargetToAssetutil=>false, :architecture=>"arm64", :artworkDevIdiom=>"pad", :artworkHostedIdioms=>[], :artworkScaleFactor=>2, :artworkDisplayGamut=>"sRGB", :devPerfMemoryClass=>1, :gfxFeatureSetClass=>"MTL1,2", :gfxFeatureSetFallbacks=>["GLES2,0"], :featuresToRemove=>[], :supportsEmbeddedWatchApp=>false, :supportsEmbeddedUniversalWatchApp=>false, :hasSwiftRuntime=>false, :supportsEncryptionFormat2=>false, :supportsSwiftConcurrencyNatively=>false}}
    {:device=>{:target=>"j96ap", :productType=>"iPad5,1", :displayName=>"iPad mini 4"}, :traits=>{:deploymentTarget=>#<Gem::Version "10.0">, :passDeploymentTargetToAssetutil=>false, :architecture=>"arm64", :artworkDevIdiom=>"pad", :artworkHostedIdioms=>[], :artworkScaleFactor=>2, :artworkDisplayGamut=>"sRGB", :devPerfMemoryClass=>2, :gfxFeatureSetClass=>"APPLE2", :gfxFeatureSetFallbacks=>["APPLE1", "GLES2,0"], :featuresToRemove=>[], :supportsEmbeddedWatchApp=>false, :supportsEmbeddedUniversalWatchApp=>false, :hasSwiftRuntime=>false, :supportsEncryptionFormat2=>false, :supportsSwiftConcurrencyNatively=>false}}
    {:device=>{:target=>"j96ap", :productType=>"iPad5,1", :displayName=>"iPad mini 4"}, :traits=>{:deploymentTarget=>#<Gem::Version "11.0">, :passDeploymentTargetToAssetutil=>false, :architecture=>"arm64", :artworkDevIdiom=>"pad", :artworkHostedIdioms=>[], :artworkScaleFactor=>2, :artworkDisplayGamut=>"sRGB", :devPerfMemoryClass=>2, :gfxFeatureSetClass=>"APPLE2", :gfxFeatureSetFallbacks=>["APPLE1", "GLES2,0"], :featuresToRemove=>[], :supportsEmbeddedWatchApp=>false, :supportsEmbeddedUniversalWatchApp=>false, :hasSwiftRuntime=>false, :supportsEncryptionFormat2=>false, :supportsSwiftConcurrencyNatively=>false}}
    {:device=>{:target=>"j96ap", :productType=>"iPad5,1", :displayName=>"iPad mini 4"}, :traits=>{:deploymentTarget=>#<Gem::Version "12.0">, :passDeploymentTargetToAssetutil=>true, :architecture=>"arm64", :artworkDevIdiom=>"pad", :artworkHostedIdioms=>[], :artworkScaleFactor=>2, :artworkDisplayGamut=>"sRGB", :devPerfMemoryClass=>2, :gfxFeatureSetClass=>"MTL2,2", :gfxFeatureSetFallbacks=>["MTL1,2", "GLES2,0"], :featuresToRemove=>[], :supportsEmbeddedWatchApp=>false, :supportsEmbeddedUniversalWatchApp=>false, :hasSwiftRuntime=>false, :supportsEncryptionFormat2=>false, :supportsSwiftConcurrencyNatively=>false}}
    {:device=>{:target=>"j96ap", :productType=>"iPad5,1"
2023-02-11 02:20:26 +0000  , :displayName=>"iPad mini 4"}, :traits=>{:deploymentTarget=>#<Gem::Version "12.2">, :passDeploymentTargetToAssetutil=>true, :architecture=>"arm64", :artworkDevIdiom=>"pad", :artworkHostedIdioms=>[], :artworkScaleFactor=>2, :artworkDisplayGamut=>"sRGB", :devPerfMemoryClass=>2, :gfxFeatureSetClass=>"MTL2,2", :gfxFeatureSetFallbacks=>["MTL1,2", "GLES2,0"], :featuresToRemove=>[], :supportsEmbeddedWatchApp=>false, :supportsEmbeddedUniversalWatchApp=>false, :hasSwiftRuntime=>true, :supportsEncryptionFormat2=>false, :supportsSwiftConcurrencyNatively=>false}}
    {:device=>{:target=>"j96ap", :productType=>"iPad5,1", :displayName=>"iPad mini 4"}, :traits=>{:deploymentTarget=>#<Gem::Version "13.0">, :passDeploymentTargetToAssetutil=>true, :architecture=>"arm64", :artworkDevIdiom=>"pad", :artworkHostedIdioms=>[], :artworkScaleFactor=>2, :artworkDisplayGamut=>"sRGB", :devPerfMemoryClass=>2, :gfxFeatureSetClass=>"APPLE2", :gfxFeatureSetFallbacks=>["APPLE1", "GLES2,0"], :featuresToRemove=>[], :supportsEmbeddedWatchApp=>false, :supportsEmbeddedUniversalWatchApp=>false, :hasSwiftRuntime=>true, :supportsEncryptionFormat2=>true, :supportsSwiftConcurrencyNatively=>false}}
    {:device=>{:target=>"j96ap", :productType=>"iPad5,1", :displayName=>"iPad mini 4"}, :traits=>{:deploymentTarget=>#<Gem::Version "14.0">, :passDeploymentTargetToAssetutil=>true, :architecture=>"arm64", :artworkDevIdiom=>"pad", :artworkHostedIdioms=>[], :artworkScaleFactor=>2, :artworkDisplayGamut=>"sRGB", :devPerfMemoryClass=>2, :gfxFeatureSetClass=>"APPLE2", :gfxFeatureSetFallbacks=>["APPLE1", "GLES2,0"], :featuresToRemove=>[], :supportsEmbeddedWatchApp=>false, :supportsEmbeddedUniversalWatchApp=>false, :hasSwiftRuntime=>true, :supportsEncryptionFormat2=>true, :supportsSwiftConcurrencyNatively=>false}}
    {:device=>{:target=>"j96ap", :productType=>"iPad5,1", :displayName=>"iPad mini 4"}, :traits=>{:deploymentTarget=>#<Gem::Version "9.0">, :passDeploymentTargetToAssetutil=>false, :architecture=>"arm64", :artworkDevIdiom=>"pad", :artworkHostedIdioms=>[], :artworkScaleFactor=>2, :artworkDisplayGamut=>"sRGB", :devPerfMemoryClass=>2, :gfxFeatureSetClass=>"APPLE2", :gfxFeatureSetFallbacks=>["APPLE1", "GLES2,0"], :featuresToRemove=>[], :supportsEmbeddedWatchApp=>false, :supportsEmbeddedUniversalWatchApp=>false, :hasSwiftRuntime=>false, :supportsEncryptionFormat2=>false, :supportsSwiftConcurrencyNatively=>false}}
    {:device=>{:target=>"j97ap", :productType=>"iPad5,2", :displayName=>"iPad mini 4"}, :traits=>{:deploymentTarget=>#<Gem::Version "10.0">, :passDeploymentTargetToAssetutil=>false, :architecture=>"arm64", :artworkDevIdiom=>"pad", :artworkHostedIdioms=>[], :artworkScaleFactor=>2, :artworkDisplayGamut=>"sRGB", :devPerfMemoryClass=>2, :gfxFeatureSetClass=>"APPLE2", :gfxFeatureSetFallbacks=>["APPLE1", "GLES2,0"], :featuresToRemove=>[], :supportsEmbeddedWatchApp=>false, :supportsEmbeddedUniversalWatchApp=>false, :hasSwiftRuntime=>false, :supportsEncryptionFormat2=>false, :supportsSwiftConcurrencyNatively=>false}}
    {:device=>{:target=>"j97ap", :productType=>"iPad5,2", :displayName=>"iPad mini 4"}, :traits=>{:deploymentTarget=>#<Gem::Version "11.0">, :passDeploymentTargetToAssetutil=>false, :architecture=>"arm64", :artworkDevIdiom=>"pad", :artworkHostedIdioms=>[], :artworkScaleFactor=>2, :artworkDisplayGamut=>"sRGB", :devPerfMemoryClass=>2, :gfxFeatureSetClass=>"APPLE2", :gfxFeatureSetFallbacks=>["APPLE1", "GLES2,0"], :featuresToRemove=>[], :supportsEmbeddedWatchApp=>false, :supportsEmbeddedUniversalWatchApp=>false, :hasSwiftRuntime=>false, :supportsEncryptionFormat2=>false, :supportsSwiftConcurrencyNatively=>false}}
    {:device=>{:target=>"j97ap", :productType=>"iPad5,2", :displayName=>"iPad mini 4"}, :traits=>{:deploymentTarget=>#<Gem::Version "12.0">, :passDeploymentTargetToAssetutil=>true, :architecture=>"arm64", :artworkDevIdiom=>"pad", :artworkHostedIdioms=>[], :artworkScaleFactor=>2, :artworkDisplayGamut=>"sRGB", :devPerfMemoryClass=>2, :gfxFeatureSetClass=>"MTL2,2", :gfxFeatureSetFallbacks=>["MTL1,2", "GLES2,0"], :featuresToRemove=>[], :supportsEmbeddedWatchA
2023-02-11 02:20:26 +0000  pp=>false, :supportsEmbeddedUniversalWatchApp=>false, :hasSwiftRuntime=>false, :supportsEncryptionFormat2=>false, :supportsSwiftConcurrencyNatively=>false}}
    {:device=>{:target=>"j97ap", :productType=>"iPad5,2", :displayName=>"iPad mini 4"}, :traits=>{:deploymentTarget=>#<Gem::Version "12.2">, :passDeploymentTargetToAssetutil=>true, :architecture=>"arm64", :artworkDevIdiom=>"pad", :artworkHostedIdioms=>[], :artworkScaleFactor=>2, :artworkDisplayGamut=>"sRGB", :devPerfMemoryClass=>2, :gfxFeatureSetClass=>"MTL2,2", :gfxFeatureSetFallbacks=>["MTL1,2", "GLES2,0"], :featuresToRemove=>[], :supportsEmbeddedWatchApp=>false, :supportsEmbeddedUniversalWatchApp=>false, :hasSwiftRuntime=>true, :supportsEncryptionFormat2=>false, :supportsSwiftConcurrencyNatively=>false}}
    {:device=>{:target=>"j97ap", :productType=>"iPad5,2", :displayName=>"iPad mini 4"}, :traits=>{:deploymentTarget=>#<Gem::Version "13.0">, :passDeploymentTargetToAssetutil=>true, :architecture=>"arm64", :artworkDevIdiom=>"pad", :artworkHostedIdioms=>[], :artworkScaleFactor=>2, :artworkDisplayGamut=>"sRGB", :devPerfMemoryClass=>2, :gfxFeatureSetClass=>"APPLE2", :gfxFeatureSetFallbacks=>["APPLE1", "GLES2,0"], :featuresToRemove=>[], :supportsEmbeddedWatchApp=>false, :supportsEmbeddedUniversalWatchApp=>false, :hasSwiftRuntime=>true, :supportsEncryptionFormat2=>true, :supportsSwiftConcurrencyNatively=>false}}
    {:device=>{:target=>"j97ap", :productType=>"iPad5,2", :displayName=>"iPad mini 4"}, :traits=>{:deploymentTarget=>#<Gem::Version "14.0">, :passDeploymentTargetToAssetutil=>true, :architecture=>"arm64", :artworkDevIdiom=>"pad", :artworkHostedIdioms=>[], :artworkScaleFactor=>2, :artworkDisplayGamut=>"sRGB", :devPerfMemoryClass=>2, :gfxFeatureSetClass=>"APPLE2", :gfxFeatureSetFallbacks=>["APPLE1", "GLES2,0"], :featuresToRemove=>[], :supportsEmbeddedWatchApp=>false, :supportsEmbeddedUniversalWatchApp=>false, :hasSwiftRuntime=>true, :supportsEncryptionFormat2=>true, :supportsSwiftConcurrencyNatively=>false}}
    {:device=>{:target=>"j97ap", :productType=>"iPad5,2", :displayName=>"iPad mini 4"}, :traits=>{:deploymentTarget=>#<Gem::Version "9.0">, :passDeploymentTargetToAssetutil=>false, :architecture=>"arm64", :artworkDevIdiom=>"pad", :artworkHostedIdioms=>[], :artworkScaleFactor=>2, :artworkDisplayGamut=>"sRGB", :devPerfMemoryClass=>2, :gfxFeatureSetClass=>"APPLE2", :gfxFeatureSetFallbacks=>["APPLE1", "GLES2,0"], :featuresToRemove=>[], :supportsEmbeddedWatchApp=>false, :supportsEmbeddedUniversalWatchApp=>false, :hasSwiftRuntime=>false, :supportsEncryptionFormat2=>false, :supportsSwiftConcurrencyNatively=>false}}
    {:device=>{:target=>"j81ap", :productType=>"iPad5,3", :displayName=>"iPad Air 2"}, :traits=>{:deploymentTarget=>#<Gem::Version "10.0">, :passDeploymentTargetToAssetutil=>false, :architecture=>"arm64", :artworkDevIdiom=>"pad", :artworkHostedIdioms=>[], :artworkScaleFactor=>2, :artworkDisplayGamut=>"sRGB", :devPerfMemoryClass=>2, :gfxFeatureSetClass=>"APPLE2", :gfxFeatureSetFallbacks=>["APPLE1", "GLES2,0"], :featuresToRemove=>[], :supportsEmbeddedWatchApp=>false, :supportsEmbeddedUniversalWatchApp=>false, :hasSwiftRuntime=>false, :supportsEncryptionFormat2=>false, :supportsSwiftConcurrencyNatively=>false}}
    {:device=>{:target=>"j81ap", :productType=>"iPad5,3", :displayName=>"iPad Air 2"}, :traits=>{:deploymentTarget=>#<Gem::Version "11.0">, :passDeploymentTargetToAssetutil=>false, :architecture=>"arm64", :artworkDevIdiom=>"pad", :artworkHostedIdioms=>[], :artworkScaleFactor=>2, :artworkDisplayGamut=>"sRGB", :devPerfMemoryClass=>2, :gfxFeatureSetClass=>"APPLE2", :gfxFeatureSetFallbacks=>["APPLE1", "GLES2,0"], :featuresToRemove=>[], :supportsEmbeddedWatchApp=>false, :supportsEmbeddedUniversalWatchApp=>false, :hasSwiftRuntime=>false, :supportsEncryptionFormat2=>false, :supportsSwiftConcurrencyNatively=>false}}
    {:device=>{:target=>"j81ap", :productType=>"iPad5,3", :displayName=>"iPad Air 2"}, :traits=>{:deploymentTarget=>#<Gem::Version "12.0">, :passDeploymentTargetToAssetutil=>true, :architecture=>"arm64", :artworkDevIdiom=>"pad", :artworkHostedIdiom
2023-02-11 02:20:26 +0000  s=>[], :artworkScaleFactor=>2, :artworkDisplayGamut=>"sRGB", :devPerfMemoryClass=>2, :gfxFeatureSetClass=>"MTL2,2", :gfxFeatureSetFallbacks=>["MTL1,2", "GLES2,0"], :featuresToRemove=>[], :supportsEmbeddedWatchApp=>false, :supportsEmbeddedUniversalWatchApp=>false, :hasSwiftRuntime=>false, :supportsEncryptionFormat2=>false, :supportsSwiftConcurrencyNatively=>false}}
    {:device=>{:target=>"j81ap", :productType=>"iPad5,3", :displayName=>"iPad Air 2"}, :traits=>{:deploymentTarget=>#<Gem::Version "12.2">, :passDeploymentTargetToAssetutil=>true, :architecture=>"arm64", :artworkDevIdiom=>"pad", :artworkHostedIdioms=>[], :artworkScaleFactor=>2, :artworkDisplayGamut=>"sRGB", :devPerfMemoryClass=>2, :gfxFeatureSetClass=>"MTL2,2", :gfxFeatureSetFallbacks=>["MTL1,2", "GLES2,0"], :featuresToRemove=>[], :supportsEmbeddedWatchApp=>false, :supportsEmbeddedUniversalWatchApp=>false, :hasSwiftRuntime=>true, :supportsEncryptionFormat2=>false, :supportsSwiftConcurrencyNatively=>false}}
    {:device=>{:target=>"j81ap", :productType=>"iPad5,3", :displayName=>"iPad Air 2"}, :traits=>{:deploymentTarget=>#<Gem::Version "13.0">, :passDeploymentTargetToAssetutil=>true, :architecture=>"arm64", :artworkDevIdiom=>"pad", :artworkHostedIdioms=>[], :artworkScaleFactor=>2, :artworkDisplayGamut=>"sRGB", :devPerfMemoryClass=>2, :gfxFeatureSetClass=>"APPLE2", :gfxFeatureSetFallbacks=>["APPLE1", "GLES2,0"], :featuresToRemove=>[], :supportsEmbeddedWatchApp=>false, :supportsEmbeddedUniversalWatchApp=>false, :hasSwiftRuntime=>true, :supportsEncryptionFormat2=>true, :supportsSwiftConcurrencyNatively=>false}}
    {:device=>{:target=>"j81ap", :productType=>"iPad5,3", :displayName=>"iPad Air 2"}, :traits=>{:deploymentTarget=>#<Gem::Version "14.0">, :passDeploymentTargetToAssetutil=>true, :architecture=>"arm64", :artworkDevIdiom=>"pad", :artworkHostedIdioms=>[], :artworkScaleFactor=>2, :artworkDisplayGamut=>"sRGB", :devPerfMemoryClass=>2, :gfxFeatureSetClass=>"APPLE2", :gfxFeatureSetFallbacks=>["APPLE1", "GLES2,0"], :featuresToRemove=>[], :supportsEmbeddedWatchApp=>false, :supportsEmbeddedUniversalWatchApp=>false, :hasSwiftRuntime=>true, :supportsEncryptionFormat2=>true, :supportsSwiftConcurrencyNatively=>false}}
    {:device=>{:target=>"j81ap", :productType=>"iPad5,3", :displayName=>"iPad Air 2"}, :traits=>{:deploymentTarget=>#<Gem::Version "9.0">, :passDeploymentTargetToAssetutil=>false, :architecture=>"arm64", :artworkDevIdiom=>"pad", :artworkHostedIdioms=>[], :artworkScaleFactor=>2, :artworkDisplayGamut=>"sRGB", :devPerfMemoryClass=>2, :gfxFeatureSetClass=>"APPLE2", :gfxFeatureSetFallbacks=>["APPLE1", "GLES2,0"], :featuresToRemove=>[], :supportsEmbeddedWatchApp=>false, :supportsEmbeddedUniversalWatchApp=>false, :hasSwiftRuntime=>false, :supportsEncryptionFormat2=>false, :supportsSwiftConcurrencyNatively=>false}}
    {:device=>{:target=>"j82ap", :productType=>"iPad5,4", :displayName=>"iPad Air 2"}, :traits=>{:deploymentTarget=>#<Gem::Version "10.0">, :passDeploymentTargetToAssetutil=>false, :architecture=>"arm64", :artworkDevIdiom=>"pad", :artworkHostedIdioms=>[], :artworkScaleFactor=>2, :artworkDisplayGamut=>"sRGB", :devPerfMemoryClass=>2, :gfxFeatureSetClass=>"APPLE2", :gfxFeatureSetFallbacks=>["APPLE1", "GLES2,0"], :featuresToRemove=>[], :supportsEmbeddedWatchApp=>false, :supportsEmbeddedUniversalWatchApp=>false, :hasSwiftRuntime=>false, :supportsEncryptionFormat2=>false, :supportsSwiftConcurrencyNatively=>false}}
    {:device=>{:target=>"j82ap", :productType=>"iPad5,4", :displayName=>"iPad Air 2"}, :traits=>{:deploymentTarget=>#<Gem::Version "11.0">, :passDeploymentTargetToAssetutil=>false, :architecture=>"arm64", :artworkDevIdiom=>"pad", :artworkHostedIdioms=>[], :artworkScaleFactor=>2, :artworkDisplayGamut=>"sRGB", :devPerfMemoryClass=>2, :gfxFeatureSetClass=>"APPLE2", :gfxFeatureSetFallbacks=>["APPLE1", "GLES2,0"], :featuresToRemove=>[], :supportsEmbeddedWatchApp=>false, :supportsEmbeddedUniversalWatchApp=>false, :hasSwiftRuntime=>false, :supportsEncryptionFormat2=>false, :supportsSwiftConcurrencyNatively=>false}}
    {:device=>{:target=>"j82ap", :productT
2023-02-11 02:20:26 +0000  ype=>"iPad5,4", :displayName=>"iPad Air 2"}, :traits=>{:deploymentTarget=>#<Gem::Version "12.0">, :passDeploymentTargetToAssetutil=>true, :architecture=>"arm64", :artworkDevIdiom=>"pad", :artworkHostedIdioms=>[], :artworkScaleFactor=>2, :artworkDisplayGamut=>"sRGB", :devPerfMemoryClass=>2, :gfxFeatureSetClass=>"MTL2,2", :gfxFeatureSetFallbacks=>["MTL1,2", "GLES2,0"], :featuresToRemove=>[], :supportsEmbeddedWatchApp=>false, :supportsEmbeddedUniversalWatchApp=>false, :hasSwiftRuntime=>false, :supportsEncryptionFormat2=>false, :supportsSwiftConcurrencyNatively=>false}}
    {:device=>{:target=>"j82ap", :productType=>"iPad5,4", :displayName=>"iPad Air 2"}, :traits=>{:deploymentTarget=>#<Gem::Version "12.2">, :passDeploymentTargetToAssetutil=>true, :architecture=>"arm64", :artworkDevIdiom=>"pad", :artworkHostedIdioms=>[], :artworkScaleFactor=>2, :artworkDisplayGamut=>"sRGB", :devPerfMemoryClass=>2, :gfxFeatureSetClass=>"MTL2,2", :gfxFeatureSetFallbacks=>["MTL1,2", "GLES2,0"], :featuresToRemove=>[], :supportsEmbeddedWatchApp=>false, :supportsEmbeddedUniversalWatchApp=>false, :hasSwiftRuntime=>true, :supportsEncryptionFormat2=>false, :supportsSwiftConcurrencyNatively=>false}}
    {:device=>{:target=>"j82ap", :productType=>"iPad5,4", :displayName=>"iPad Air 2"}, :traits=>{:deploymentTarget=>#<Gem::Version "13.0">, :passDeploymentTargetToAssetutil=>true, :architecture=>"arm64", :artworkDevIdiom=>"pad", :artworkHostedIdioms=>[], :artworkScaleFactor=>2, :artworkDisplayGamut=>"sRGB", :devPerfMemoryClass=>2, :gfxFeatureSetClass=>"APPLE2", :gfxFeatureSetFallbacks=>["APPLE1", "GLES2,0"], :featuresToRemove=>[], :supportsEmbeddedWatchApp=>false, :supportsEmbeddedUniversalWatchApp=>false, :hasSwiftRuntime=>true, :supportsEncryptionFormat2=>true, :supportsSwiftConcurrencyNatively=>false}}
    {:device=>{:target=>"j82ap", :productType=>"iPad5,4", :displayName=>"iPad Air 2"}, :traits=>{:deploymentTarget=>#<Gem::Version "14.0">, :passDeploymentTargetToAssetutil=>true, :architecture=>"arm64", :artworkDevIdiom=>"pad", :artworkHostedIdioms=>[], :artworkScaleFactor=>2, :artworkDisplayGamut=>"sRGB", :devPerfMemoryClass=>2, :gfxFeatureSetClass=>"APPLE2", :gfxFeatureSetFallbacks=>["APPLE1", "GLES2,0"], :featuresToRemove=>[], :supportsEmbeddedWatchApp=>false, :supportsEmbeddedUniversalWatchApp=>false, :hasSwiftRuntime=>true, :supportsEncryptionFormat2=>true, :supportsSwiftConcurrencyNatively=>false}}
    {:device=>{:target=>"j82ap", :productType=>"iPad5,4", :displayName=>"iPad Air 2"}, :traits=>{:deploymentTarget=>#<Gem::Version "9.0">, :passDeploymentTargetToAssetutil=>false, :architecture=>"arm64", :artworkDevIdiom=>"pad", :artworkHostedIdioms=>[], :artworkScaleFactor=>2, :artworkDisplayGamut=>"sRGB", :devPerfMemoryClass=>2, :gfxFeatureSetClass=>"APPLE2", :gfxFeatureSetFallbacks=>["APPLE1", "GLES2,0"], :featuresToRemove=>[], :supportsEmbeddedWatchApp=>false, :supportsEmbeddedUniversalWatchApp=>false, :hasSwiftRuntime=>false, :supportsEncryptionFormat2=>false, :supportsSwiftConcurrencyNatively=>false}}
    {:device=>{:target=>"j71sap", :productType=>"iPad6,11", :displayName=>"iPad (5th generation)"}, :traits=>{:deploymentTarget=>#<Gem::Version "10.0">, :passDeploymentTargetToAssetutil=>false, :architecture=>"arm64", :artworkDevIdiom=>"pad", :artworkHostedIdioms=>[], :artworkScaleFactor=>2, :artworkDisplayGamut=>"sRGB", :devPerfMemoryClass=>2, :gfxFeatureSetClass=>"APPLE3", :gfxFeatureSetFallbacks=>["APPLE3v1", "APPLE2", "APPLE1", "GLES2,0"], :featuresToRemove=>[], :supportsEmbeddedWatchApp=>false, :supportsEmbeddedUniversalWatchApp=>false, :hasSwiftRuntime=>false, :supportsEncryptionFormat2=>false, :supportsSwiftConcurrencyNatively=>false}}
    {:device=>{:target=>"j71sap", :productType=>"iPad6,11", :displayName=>"iPad (5th generation)"}, :traits=>{:deploymentTarget=>#<Gem::Version "11.0">, :passDeploymentTargetToAssetutil=>false, :architecture=>"arm64", :artworkDevIdiom=>"pad", :artworkHostedIdioms=>[], :artworkScaleFactor=>2, :artworkDisplayGamut=>"sRGB", :devPerfMemoryClass=>2, :gfxFeatureSetClass=>"APPLE3", :gfxFeatureSetFallbacks=>["APPLE3v1", "
2023-02-11 02:20:26 +0000  APPLE2", "APPLE1", "GLES2,0"], :featuresToRemove=>[], :supportsEmbeddedWatchApp=>false, :supportsEmbeddedUniversalWatchApp=>false, :hasSwiftRuntime=>false, :supportsEncryptionFormat2=>false, :supportsSwiftConcurrencyNatively=>false}}
    {:device=>{:target=>"j71sap", :productType=>"iPad6,11", :displayName=>"iPad (5th generation)"}, :traits=>{:deploymentTarget=>#<Gem::Version "12.0">, :passDeploymentTargetToAssetutil=>true, :architecture=>"arm64", :artworkDevIdiom=>"pad", :artworkHostedIdioms=>[], :artworkScaleFactor=>2, :artworkDisplayGamut=>"sRGB", :devPerfMemoryClass=>2, :gfxFeatureSetClass=>"MTL3,2", :gfxFeatureSetFallbacks=>["MTL3,1", "MTL2,2", "MTL1,2", "GLES2,0"], :featuresToRemove=>[], :supportsEmbeddedWatchApp=>false, :supportsEmbeddedUniversalWatchApp=>false, :hasSwiftRuntime=>false, :supportsEncryptionFormat2=>false, :supportsSwiftConcurrencyNatively=>false}}
    {:device=>{:target=>"j71sap", :productType=>"iPad6,11", :displayName=>"iPad (5th generation)"}, :traits=>{:deploymentTarget=>#<Gem::Version "12.2">, :passDeploymentTargetToAssetutil=>true, :architecture=>"arm64", :artworkDevIdiom=>"pad", :artworkHostedIdioms=>[], :artworkScaleFactor=>2, :artworkDisplayGamut=>"sRGB", :devPerfMemoryClass=>2, :gfxFeatureSetClass=>"MTL3,2", :gfxFeatureSetFallbacks=>["MTL3,1", "MTL2,2", "MTL1,2", "GLES2,0"], :featuresToRemove=>[], :supportsEmbeddedWatchApp=>false, :supportsEmbeddedUniversalWatchApp=>false, :hasSwiftRuntime=>true, :supportsEncryptionFormat2=>false, :supportsSwiftConcurrencyNatively=>false}}
    {:device=>{:target=>"j71sap", :productType=>"iPad6,11", :displayName=>"iPad (5th generation)"}, :traits=>{:deploymentTarget=>#<Gem::Version "13.0">, :passDeploymentTargetToAssetutil=>true, :architecture=>"arm64", :artworkDevIdiom=>"pad", :artworkHostedIdioms=>[], :artworkScaleFactor=>2, :artworkDisplayGamut=>"sRGB", :devPerfMemoryClass=>2, :gfxFeatureSetClass=>"APPLE3", :gfxFeatureSetFallbacks=>["APPLE3v1", "APPLE2", "APPLE1", "GLES2,0"], :featuresToRemove=>[], :supportsEmbeddedWatchApp=>false, :supportsEmbeddedUniversalWatchApp=>false, :hasSwiftRuntime=>true, :supportsEncryptionFormat2=>true, :supportsSwiftConcurrencyNatively=>false}}
    {:device=>{:target=>"j71sap", :productType=>"iPad6,11", :displayName=>"iPad (5th generation)"}, :traits=>{:deploymentTarget=>#<Gem::Version "14.0">, :passDeploymentTargetToAssetutil=>true, :architecture=>"arm64", :artworkDevIdiom=>"pad", :artworkHostedIdioms=>[], :artworkScaleFactor=>2, :artworkDisplayGamut=>"sRGB", :devPerfMemoryClass=>2, :gfxFeatureSetClass=>"APPLE3", :gfxFeatureSetFallbacks=>["APPLE3v1", "APPLE2", "APPLE1", "GLES2,0"], :featuresToRemove=>[], :supportsEmbeddedWatchApp=>false, :supportsEmbeddedUniversalWatchApp=>false, :hasSwiftRuntime=>true, :supportsEncryptionFormat2=>true, :supportsSwiftConcurrencyNatively=>false}}
    {:device=>{:target=>"j71tap", :productType=>"iPad6,11", :displayName=>"iPad (5th generation)"}, :traits=>{:deploymentTarget=>#<Gem::Version "11.0">, :passDeploymentTargetToAssetutil=>false, :architecture=>"arm64", :artworkDevIdiom=>"pad", :artworkHostedIdioms=>[], :artworkScaleFactor=>2, :artworkDisplayGamut=>"sRGB", :devPerfMemoryClass=>2, :gfxFeatureSetClass=>"APPLE3", :gfxFeatureSetFallbacks=>["APPLE3v1", "APPLE2", "APPLE1", "GLES2,0"], :featuresToRemove=>[], :supportsEmbeddedWatchApp=>false, :supportsEmbeddedUniversalWatchApp=>false, :hasSwiftRuntime=>false, :supportsEncryptionFormat2=>false, :supportsSwiftConcurrencyNatively=>false}}
    {:device=>{:target=>"j71tap", :productType=>"iPad6,11", :displayName=>"iPad (5th generation)"}, :traits=>{:deploymentTarget=>#<Gem::Version "12.0">, :passDeploymentTargetToAssetutil=>true, :architecture=>"arm64", :artworkDevIdiom=>"pad", :artworkHostedIdioms=>[], :artworkScaleFactor=>2, :artworkDisplayGamut=>"sRGB", :devPerfMemoryClass=>2, :gfxFeatureSetClass=>"MTL3,2", :gfxFeatureSetFallbacks=>["MTL3,1", "MTL2,2", "MTL1,2", "GLES2,0"], :featuresToRemove=>[], :supportsEmbeddedWatchApp=>false, :supportsEmbeddedUniversalWatchApp=>false, :hasSwiftRuntime=>false, :supportsEncryptionFormat2=>false, :supportsSwiftC
2023-02-11 02:20:26 +0000  oncurrencyNatively=>false}}
    {:device=>{:target=>"j71tap", :productType=>"iPad6,11", :displayName=>"iPad (5th generation)"}, :traits=>{:deploymentTarget=>#<Gem::Version "12.2">, :passDeploymentTargetToAssetutil=>true, :architecture=>"arm64", :artworkDevIdiom=>"pad", :artworkHostedIdioms=>[], :artworkScaleFactor=>2, :artworkDisplayGamut=>"sRGB", :devPerfMemoryClass=>2, :gfxFeatureSetClass=>"MTL3,2", :gfxFeatureSetFallbacks=>["MTL3,1", "MTL2,2", "MTL1,2", "GLES2,0"], :featuresToRemove=>[], :supportsEmbeddedWatchApp=>false, :supportsEmbeddedUniversalWatchApp=>false, :hasSwiftRuntime=>true, :supportsEncryptionFormat2=>false, :supportsSwiftConcurrencyNatively=>false}}
    {:device=>{:target=>"j71tap", :productType=>"iPad6,11", :displayName=>"iPad (5th generation)"}, :traits=>{:deploymentTarget=>#<Gem::Version "13.0">, :passDeploymentTargetToAssetutil=>true, :architecture=>"arm64", :artworkDevIdiom=>"pad", :artworkHostedIdioms=>[], :artworkScaleFactor=>2, :artworkDisplayGamut=>"sRGB", :devPerfMemoryClass=>2, :gfxFeatureSetClass=>"APPLE3", :gfxFeatureSetFallbacks=>["APPLE3v1", "APPLE2", "APPLE1", "GLES2,0"], :featuresToRemove=>[], :supportsEmbeddedWatchApp=>false, :supportsEmbeddedUniversalWatchApp=>false, :hasSwiftRuntime=>true, :supportsEncryptionFormat2=>true, :supportsSwiftConcurrencyNatively=>false}}
    {:device=>{:target=>"j71tap", :productType=>"iPad6,11", :displayName=>"iPad (5th generation)"}, :traits=>{:deploymentTarget=>#<Gem::Version "14.0">, :passDeploymentTargetToAssetutil=>true, :architecture=>"arm64", :artworkDevIdiom=>"pad", :artworkHostedIdioms=>[], :artworkScaleFactor=>2, :artworkDisplayGamut=>"sRGB", :devPerfMemoryClass=>2, :gfxFeatureSetClass=>"APPLE3", :gfxFeatureSetFallbacks=>["APPLE3v1", "APPLE2", "APPLE1", "GLES2,0"], :featuresToRemove=>[], :supportsEmbeddedWatchApp=>false, :supportsEmbeddedUniversalWatchApp=>false, :hasSwiftRuntime=>true, :supportsEncryptionFormat2=>true, :supportsSwiftConcurrencyNatively=>false}}
    {:device=>{:target=>"j72sap", :productType=>"iPad6,12", :displayName=>"iPad (5th generation)"}, :traits=>{:deploymentTarget=>#<Gem::Version "10.0">, :passDeploymentTargetToAssetutil=>false, :architecture=>"arm64", :artworkDevIdiom=>"pad", :artworkHostedIdioms=>[], :artworkScaleFactor=>2, :artworkDisplayGamut=>"sRGB", :devPerfMemoryClass=>2, :gfxFeatureSetClass=>"APPLE3", :gfxFeatureSetFallbacks=>["APPLE3v1", "APPLE2", "APPLE1", "GLES2,0"], :featuresToRemove=>[], :supportsEmbeddedWatchApp=>false, :supportsEmbeddedUniversalWatchApp=>false, :hasSwiftRuntime=>false, :supportsEncryptionFormat2=>false, :supportsSwiftConcurrencyNatively=>false}}
    {:device=>{:target=>"j72sap", :productType=>"iPad6,12", :displayName=>"iPad (5th generation)"}, :traits=>{:deploymentTarget=>#<Gem::Version "11.0">, :passDeploymentTargetToAssetutil=>false, :architecture=>"arm64", :artworkDevIdiom=>"pad", :artworkHostedIdioms=>[], :artworkScaleFactor=>2, :artworkDisplayGamut=>"sRGB", :devPerfMemoryClass=>2, :gfxFeatureSetClass=>"APPLE3", :gfxFeatureSetFallbacks=>["APPLE3v1", "APPLE2", "APPLE1", "GLES2,0"], :featuresToRemove=>[], :supportsEmbeddedWatchApp=>false, :supportsEmbeddedUniversalWatchApp=>false, :hasSwiftRuntime=>false, :supportsEncryptionFormat2=>false, :supportsSwiftConcurrencyNatively=>false}}
    {:device=>{:target=>"j72sap", :productType=>"iPad6,12", :displayName=>"iPad (5th generation)"}, :traits=>{:deploymentTarget=>#<Gem::Version "12.0">, :passDeploymentTargetToAssetutil=>true, :architecture=>"arm64", :artworkDevIdiom=>"pad", :artworkHostedIdioms=>[], :artworkScaleFactor=>2, :artworkDisplayGamut=>"sRGB", :devPerfMemoryClass=>2, :gfxFeatureSetClass=>"MTL3,2", :gfxFeatureSetFallbacks=>["MTL3,1", "MTL2,2", "MTL1,2", "GLES2,0"], :featuresToRemove=>[], :supportsEmbeddedWatchApp=>false, :supportsEmbeddedUniversalWatchApp=>false, :hasSwiftRuntime=>false, :supportsEncryptionFormat2=>false, :supportsSwiftConcurrencyNatively=>false}}
    {:device=>{:target=>"j72sap", :productType=>"iPad6,12", :displayName=>"iPad (5th generation)"}, :traits=>{:deploymentTarget=>#<Gem::Version "12.2">, :passDeploymentTargetT
2023-02-11 02:20:26 +0000  oAssetutil=>true, :architecture=>"arm64", :artworkDevIdiom=>"pad", :artworkHostedIdioms=>[], :artworkScaleFactor=>2, :artworkDisplayGamut=>"sRGB", :devPerfMemoryClass=>2, :gfxFeatureSetClass=>"MTL3,2", :gfxFeatureSetFallbacks=>["MTL3,1", "MTL2,2", "MTL1,2", "GLES2,0"], :featuresToRemove=>[], :supportsEmbeddedWatchApp=>false, :supportsEmbeddedUniversalWatchApp=>false, :hasSwiftRuntime=>true, :supportsEncryptionFormat2=>false, :supportsSwiftConcurrencyNatively=>false}}
    {:device=>{:target=>"j72sap", :productType=>"iPad6,12", :displayName=>"iPad (5th generation)"}, :traits=>{:deploymentTarget=>#<Gem::Version "13.0">, :passDeploymentTargetToAssetutil=>true, :architecture=>"arm64", :artworkDevIdiom=>"pad", :artworkHostedIdioms=>[], :artworkScaleFactor=>2, :artworkDisplayGamut=>"sRGB", :devPerfMemoryClass=>2, :gfxFeatureSetClass=>"APPLE3", :gfxFeatureSetFallbacks=>["APPLE3v1", "APPLE2", "APPLE1", "GLES2,0"], :featuresToRemove=>[], :supportsEmbeddedWatchApp=>false, :supportsEmbeddedUniversalWatchApp=>false, :hasSwiftRuntime=>true, :supportsEncryptionFormat2=>true, :supportsSwiftConcurrencyNatively=>false}}
    {:device=>{:target=>"j72sap", :productType=>"iPad6,12", :displayName=>"iPad (5th generation)"}, :traits=>{:deploymentTarget=>#<Gem::Version "14.0">, :passDeploymentTargetToAssetutil=>true, :architecture=>"arm64", :artworkDevIdiom=>"pad", :artworkHostedIdioms=>[], :artworkScaleFactor=>2, :artworkDisplayGamut=>"sRGB", :devPerfMemoryClass=>2, :gfxFeatureSetClass=>"APPLE3", :gfxFeatureSetFallbacks=>["APPLE3v1", "APPLE2", "APPLE1", "GLES2,0"], :featuresToRemove=>[], :supportsEmbeddedWatchApp=>false, :supportsEmbeddedUniversalWatchApp=>false, :hasSwiftRuntime=>true, :supportsEncryptionFormat2=>true, :supportsSwiftConcurrencyNatively=>false}}
    {:device=>{:target=>"j72tap", :productType=>"iPad6,12", :displayName=>"iPad (5th generation)"}, :traits=>{:deploymentTarget=>#<Gem::Version "11.0">, :passDeploymentTargetToAssetutil=>false, :architecture=>"arm64", :artworkDevIdiom=>"pad", :artworkHostedIdioms=>[], :artworkScaleFactor=>2, :artworkDisplayGamut=>"sRGB", :devPerfMemoryClass=>2, :gfxFeatureSetClass=>"APPLE3", :gfxFeatureSetFallbacks=>["APPLE3v1", "APPLE2", "APPLE1", "GLES2,0"], :featuresToRemove=>[], :supportsEmbeddedWatchApp=>false, :supportsEmbeddedUniversalWatchApp=>false, :hasSwiftRuntime=>false, :supportsEncryptionFormat2=>false, :supportsSwiftConcurrencyNatively=>false}}
    {:device=>{:target=>"j72tap", :productType=>"iPad6,12", :displayName=>"iPad (5th generation)"}, :traits=>{:deploymentTarget=>#<Gem::Version "12.0">, :passDeploymentTargetToAssetutil=>true, :architecture=>"arm64", :artworkDevIdiom=>"pad", :artworkHostedIdioms=>[], :artworkScaleFactor=>2, :artworkDisplayGamut=>"sRGB", :devPerfMemoryClass=>2, :gfxFeatureSetClass=>"MTL3,2", :gfxFeatureSetFallbacks=>["MTL3,1", "MTL2,2", "MTL1,2", "GLES2,0"], :featuresToRemove=>[], :supportsEmbeddedWatchApp=>false, :supportsEmbeddedUniversalWatchApp=>false, :hasSwiftRuntime=>false, :supportsEncryptionFormat2=>false, :supportsSwiftConcurrencyNatively=>false}}
    {:device=>{:target=>"j72tap", :productType=>"iPad6,12", :displayName=>"iPad (5th generation)"}, :traits=>{:deploymentTarget=>#<Gem::Version "12.2">, :passDeploymentTargetToAssetutil=>true, :architecture=>"arm64", :artworkDevIdiom=>"pad", :artworkHostedIdioms=>[], :artworkScaleFactor=>2, :artworkDisplayGamut=>"sRGB", :devPerfMemoryClass=>2, :gfxFeatureSetClass=>"MTL3,2", :gfxFeatureSetFallbacks=>["MTL3,1", "MTL2,2", "MTL1,2", "GLES2,0"], :featuresToRemove=>[], :supportsEmbeddedWatchApp=>false, :supportsEmbeddedUniversalWatchApp=>false, :hasSwiftRuntime=>true, :supportsEncryptionFormat2=>false, :supportsSwiftConcurrencyNatively=>false}}
    {:device=>{:target=>"j72tap", :productType=>"iPad6,12", :displayName=>"iPad (5th generation)"}, :traits=>{:deploymentTarget=>#<Gem::Version "13.0">, :passDeploymentTargetToAssetutil=>true, :architecture=>"arm64", :artworkDevIdiom=>"pad", :artworkHostedIdioms=>[], :artworkScaleFactor=>2, :artworkDisplayGamut=>"sRGB", :devPerfMemoryClass=>2, :gfxFeatureSetClass=>"APPLE3", :gfxF
2023-02-11 02:20:26 +0000  eatureSetFallbacks=>["APPLE3v1", "APPLE2", "APPLE1", "GLES2,0"], :featuresToRemove=>[], :supportsEmbeddedWatchApp=>false, :supportsEmbeddedUniversalWatchApp=>false, :hasSwiftRuntime=>true, :supportsEncryptionFormat2=>true, :supportsSwiftConcurrencyNatively=>false}}
    {:device=>{:target=>"j72tap", :productType=>"iPad6,12", :displayName=>"iPad (5th generation)"}, :traits=>{:deploymentTarget=>#<Gem::Version "14.0">, :passDeploymentTargetToAssetutil=>true, :architecture=>"arm64", :artworkDevIdiom=>"pad", :artworkHostedIdioms=>[], :artworkScaleFactor=>2, :artworkDisplayGamut=>"sRGB", :devPerfMemoryClass=>2, :gfxFeatureSetClass=>"APPLE3", :gfxFeatureSetFallbacks=>["APPLE3v1", "APPLE2", "APPLE1", "GLES2,0"], :featuresToRemove=>[], :supportsEmbeddedWatchApp=>false, :supportsEmbeddedUniversalWatchApp=>false, :hasSwiftRuntime=>true, :supportsEncryptionFormat2=>true, :supportsSwiftConcurrencyNatively=>false}}
    {:device=>{:target=>"j127ap", :productType=>"iPad6,3", :displayName=>"iPad Pro (9.7-inch)"}, :traits=>{:deploymentTarget=>#<Gem::Version "10.0">, :passDeploymentTargetToAssetutil=>false, :architecture=>"arm64", :artworkDevIdiom=>"pad", :artworkHostedIdioms=>[], :artworkScaleFactor=>2, :artworkDisplayGamut=>"P3", :devPerfMemoryClass=>2, :gfxFeatureSetClass=>"APPLE3", :gfxFeatureSetFallbacks=>["APPLE3v1", "APPLE2", "APPLE1", "GLES2,0"], :featuresToRemove=>[], :supportsEmbeddedWatchApp=>false, :supportsEmbeddedUniversalWatchApp=>false, :hasSwiftRuntime=>false, :supportsEncryptionFormat2=>false, :supportsSwiftConcurrencyNatively=>false}}
    {:device=>{:target=>"j127ap", :productType=>"iPad6,3", :displayName=>"iPad Pro (9.7-inch)"}, :traits=>{:deploymentTarget=>#<Gem::Version "11.0">, :passDeploymentTargetToAssetutil=>false, :architecture=>"arm64", :artworkDevIdiom=>"pad", :artworkHostedIdioms=>[], :artworkScaleFactor=>2, :artworkDisplayGamut=>"P3", :devPerfMemoryClass=>2, :gfxFeatureSetClass=>"APPLE3", :gfxFeatureSetFallbacks=>["APPLE3v1", "APPLE2", "APPLE1", "GLES2,0"], :featuresToRemove=>[], :supportsEmbeddedWatchApp=>false, :supportsEmbeddedUniversalWatchApp=>false, :hasSwiftRuntime=>false, :supportsEncryptionFormat2=>false, :supportsSwiftConcurrencyNatively=>false}}
    {:device=>{:target=>"j127ap", :productType=>"iPad6,3", :displayName=>"iPad Pro (9.7-inch)"}, :traits=>{:deploymentTarget=>#<Gem::Version "12.0">, :passDeploymentTargetToAssetutil=>true, :architecture=>"arm64", :artworkDevIdiom=>"pad", :artworkHostedIdioms=>[], :artworkScaleFactor=>2, :artworkDisplayGamut=>"P3", :devPerfMemoryClass=>2, :gfxFeatureSetClass=>"MTL3,2", :gfxFeatureSetFallbacks=>["MTL3,1", "MTL2,2", "MTL1,2", "GLES2,0"], :featuresToRemove=>[], :supportsEmbeddedWatchApp=>false, :supportsEmbeddedUniversalWatchApp=>false, :hasSwiftRuntime=>false, :supportsEncryptionFormat2=>false, :supportsSwiftConcurrencyNatively=>false}}
    {:device=>{:target=>"j127ap", :productType=>"iPad6,3", :displayName=>"iPad Pro (9.7-inch)"}, :traits=>{:deploymentTarget=>#<Gem::Version "12.2">, :passDeploymentTargetToAssetutil=>true, :architecture=>"arm64", :artworkDevIdiom=>"pad", :artworkHostedIdioms=>[], :artworkScaleFactor=>2, :artworkDisplayGamut=>"P3", :devPerfMemoryClass=>2, :gfxFeatureSetClass=>"MTL3,2", :gfxFeatureSetFallbacks=>["MTL3,1", "MTL2,2", "MTL1,2", "GLES2,0"], :featuresToRemove=>[], :supportsEmbeddedWatchApp=>false, :supportsEmbeddedUniversalWatchApp=>false, :hasSwiftRuntime=>true, :supportsEncryptionFormat2=>false, :supportsSwiftConcurrencyNatively=>false}}
    {:device=>{:target=>"j127ap", :productType=>"iPad6,3", :displayName=>"iPad Pro (9.7-inch)"}, :traits=>{:deploymentTarget=>#<Gem::Version "13.0">, :passDeploymentTargetToAssetutil=>true, :architecture=>"arm64", :artworkDevIdiom=>"pad", :artworkHostedIdioms=>[], :artworkScaleFactor=>2, :artworkDisplayGamut=>"P3", :devPerfMemoryClass=>2, :gfxFeatureSetClass=>"APPLE3", :gfxFeatureSetFallbacks=>["APPLE3v1", "APPLE2", "APPLE1", "GLES2,0"], :featuresToRemove=>[], :supportsEmbeddedWatchApp=>false, :supportsEmbeddedUniversalWatchApp=>false, :hasSwiftRuntime=>true, :supportsEncryptionFormat2=>true, :supp
2023-02-11 02:20:26 +0000  ortsSwiftConcurrencyNatively=>false}}
    {:device=>{:target=>"j127ap", :productType=>"iPad6,3", :displayName=>"iPad Pro (9.7-inch)"}, :traits=>{:deploymentTarget=>#<Gem::Version "14.0">, :passDeploymentTargetToAssetutil=>true, :architecture=>"arm64", :artworkDevIdiom=>"pad", :artworkHostedIdioms=>[], :artworkScaleFactor=>2, :artworkDisplayGamut=>"P3", :devPerfMemoryClass=>2, :gfxFeatureSetClass=>"APPLE3", :gfxFeatureSetFallbacks=>["APPLE3v1", "APPLE2", "APPLE1", "GLES2,0"], :featuresToRemove=>[], :supportsEmbeddedWatchApp=>false, :supportsEmbeddedUniversalWatchApp=>false, :hasSwiftRuntime=>true, :supportsEncryptionFormat2=>true, :supportsSwiftConcurrencyNatively=>false}}
    {:device=>{:target=>"j127ap", :productType=>"iPad6,3", :displayName=>"iPad Pro (9.7-inch)"}, :traits=>{:deploymentTarget=>#<Gem::Version "9.0">, :passDeploymentTargetToAssetutil=>false, :architecture=>"arm64", :artworkDevIdiom=>"pad", :artworkHostedIdioms=>[], :artworkScaleFactor=>2, :artworkDisplayGamut=>"P3", :devPerfMemoryClass=>2, :gfxFeatureSetClass=>"APPLE3", :gfxFeatureSetFallbacks=>["APPLE3v1", "APPLE2", "APPLE1", "GLES2,0"], :featuresToRemove=>[], :supportsEmbeddedWatchApp=>false, :supportsEmbeddedUniversalWatchApp=>false, :hasSwiftRuntime=>false, :supportsEncryptionFormat2=>false, :supportsSwiftConcurrencyNatively=>false}}
    {:device=>{:target=>"j128ap", :productType=>"iPad6,4", :displayName=>"iPad Pro (9.7-inch)"}, :traits=>{:deploymentTarget=>#<Gem::Version "10.0">, :passDeploymentTargetToAssetutil=>false, :architecture=>"arm64", :artworkDevIdiom=>"pad", :artworkHostedIdioms=>[], :artworkScaleFactor=>2, :artworkDisplayGamut=>"P3", :devPerfMemoryClass=>2, :gfxFeatureSetClass=>"APPLE3", :gfxFeatureSetFallbacks=>["APPLE3v1", "APPLE2", "APPLE1", "GLES2,0"], :featuresToRemove=>[], :supportsEmbeddedWatchApp=>false, :supportsEmbeddedUniversalWatchApp=>false, :hasSwiftRuntime=>false, :supportsEncryptionFormat2=>false, :supportsSwiftConcurrencyNatively=>false}}
    {:device=>{:target=>"j128ap", :productType=>"iPad6,4", :displayName=>"iPad Pro (9.7-inch)"}, :traits=>{:deploymentTarget=>#<Gem::Version "11.0">, :passDeploymentTargetToAssetutil=>false, :architecture=>"arm64", :artworkDevIdiom=>"pad", :artworkHostedIdioms=>[], :artworkScaleFactor=>2, :artworkDisplayGamut=>"P3", :devPerfMemoryClass=>2, :gfxFeatureSetClass=>"APPLE3", :gfxFeatureSetFallbacks=>["APPLE3v1", "APPLE2", "APPLE1", "GLES2,0"], :featuresToRemove=>[], :supportsEmbeddedWatchApp=>false, :supportsEmbeddedUniversalWatchApp=>false, :hasSwiftRuntime=>false, :supportsEncryptionFormat2=>false, :supportsSwiftConcurrencyNatively=>false}}
    {:device=>{:target=>"j128ap", :productType=>"iPad6,4", :displayName=>"iPad Pro (9.7-inch)"}, :traits=>{:deploymentTarget=>#<Gem::Version "12.0">, :passDeploymentTargetToAssetutil=>true, :architecture=>"arm64", :artworkDevIdiom=>"pad", :artworkHostedIdioms=>[], :artworkScaleFactor=>2, :artworkDisplayGamut=>"P3", :devPerfMemoryClass=>2, :gfxFeatureSetClass=>"MTL3,2", :gfxFeatureSetFallbacks=>["MTL3,1", "MTL2,2", "MTL1,2", "GLES2,0"], :featuresToRemove=>[], :supportsEmbeddedWatchApp=>false, :supportsEmbeddedUniversalWatchApp=>false, :hasSwiftRuntime=>false, :supportsEncryptionFormat2=>false, :supportsSwiftConcurrencyNatively=>false}}
    {:device=>{:target=>"j128ap", :productType=>"iPad6,4", :displayName=>"iPad Pro (9.7-inch)"}, :traits=>{:deploymentTarget=>#<Gem::Version "12.2">, :passDeploymentTargetToAssetutil=>true, :architecture=>"arm64", :artworkDevIdiom=>"pad", :artworkHostedIdioms=>[], :artworkScaleFactor=>2, :artworkDisplayGamut=>"P3", :devPerfMemoryClass=>2, :gfxFeatureSetClass=>"MTL3,2", :gfxFeatureSetFallbacks=>["MTL3,1", "MTL2,2", "MTL1,2", "GLES2,0"], :featuresToRemove=>[], :supportsEmbeddedWatchApp=>false, :supportsEmbeddedUniversalWatchApp=>false, :hasSwiftRuntime=>true, :supportsEncryptionFormat2=>false, :supportsSwiftConcurrencyNatively=>false}}
    {:device=>{:target=>"j128ap", :productType=>"iPad6,4", :displayName=>"iPad Pro (9.7-inch)"}, :traits=>{:deploymentTarget=>#<Gem::Version "13.0">, :passDeploymentTargetToAssetutil=>true, :ar
2023-02-11 02:20:26 +0000  chitecture=>"arm64", :artworkDevIdiom=>"pad", :artworkHostedIdioms=>[], :artworkScaleFactor=>2, :artworkDisplayGamut=>"P3", :devPerfMemoryClass=>2, :gfxFeatureSetClass=>"APPLE3", :gfxFeatureSetFallbacks=>["APPLE3v1", "APPLE2", "APPLE1", "GLES2,0"], :featuresToRemove=>[], :supportsEmbeddedWatchApp=>false, :supportsEmbeddedUniversalWatchApp=>false, :hasSwiftRuntime=>true, :supportsEncryptionFormat2=>true, :supportsSwiftConcurrencyNatively=>false}}
    {:device=>{:target=>"j128ap", :productType=>"iPad6,4", :displayName=>"iPad Pro (9.7-inch)"}, :traits=>{:deploymentTarget=>#<Gem::Version "14.0">, :passDeploymentTargetToAssetutil=>true, :architecture=>"arm64", :artworkDevIdiom=>"pad", :artworkHostedIdioms=>[], :artworkScaleFactor=>2, :artworkDisplayGamut=>"P3", :devPerfMemoryClass=>2, :gfxFeatureSetClass=>"APPLE3", :gfxFeatureSetFallbacks=>["APPLE3v1", "APPLE2", "APPLE1", "GLES2,0"], :featuresToRemove=>[], :supportsEmbeddedWatchApp=>false, :supportsEmbeddedUniversalWatchApp=>false, :hasSwiftRuntime=>true, :supportsEncryptionFormat2=>true, :supportsSwiftConcurrencyNatively=>false}}
    {:device=>{:target=>"j128ap", :productType=>"iPad6,4", :displayName=>"iPad Pro (9.7-inch)"}, :traits=>{:deploymentTarget=>#<Gem::Version "9.0">, :passDeploymentTargetToAssetutil=>false, :architecture=>"arm64", :artworkDevIdiom=>"pad", :artworkHostedIdioms=>[], :artworkScaleFactor=>2, :artworkDisplayGamut=>"P3", :devPerfMemoryClass=>2, :gfxFeatureSetClass=>"APPLE3", :gfxFeatureSetFallbacks=>["APPLE3v1", "APPLE2", "APPLE1", "GLES2,0"], :featuresToRemove=>[], :supportsEmbeddedWatchApp=>false, :supportsEmbeddedUniversalWatchApp=>false, :hasSwiftRuntime=>false, :supportsEncryptionFormat2=>false, :supportsSwiftConcurrencyNatively=>false}}
    {:device=>{:target=>"j98aap", :productType=>"iPad6,7", :displayName=>"iPad Pro (12.9-inch)"}, :traits=>{:deploymentTarget=>#<Gem::Version "10.0">, :passDeploymentTargetToAssetutil=>false, :architecture=>"arm64", :artworkDevIdiom=>"pad", :artworkHostedIdioms=>[], :artworkScaleFactor=>2, :artworkDevSubtype=>2732, :artworkDisplayGamut=>"sRGB", :devPerfMemoryClass=>3, :gfxFeatureSetClass=>"APPLE3", :gfxFeatureSetFallbacks=>["APPLE3v1", "APPLE2", "APPLE1", "GLES2,0"], :featuresToRemove=>[], :supportsEmbeddedWatchApp=>false, :supportsEmbeddedUniversalWatchApp=>false, :hasSwiftRuntime=>false, :supportsEncryptionFormat2=>false, :supportsSwiftConcurrencyNatively=>false}}
    {:device=>{:target=>"j98aap", :productType=>"iPad6,7", :displayName=>"iPad Pro (12.9-inch)"}, :traits=>{:deploymentTarget=>#<Gem::Version "11.0">, :passDeploymentTargetToAssetutil=>false, :architecture=>"arm64", :artworkDevIdiom=>"pad", :artworkHostedIdioms=>[], :artworkScaleFactor=>2, :artworkDevSubtype=>2732, :artworkDisplayGamut=>"sRGB", :devPerfMemoryClass=>3, :gfxFeatureSetClass=>"APPLE3", :gfxFeatureSetFallbacks=>["APPLE3v1", "APPLE2", "APPLE1", "GLES2,0"], :featuresToRemove=>[], :supportsEmbeddedWatchApp=>false, :supportsEmbeddedUniversalWatchApp=>false, :hasSwiftRuntime=>false, :supportsEncryptionFormat2=>false, :supportsSwiftConcurrencyNatively=>false}}
    {:device=>{:target=>"j98aap", :productType=>"iPad6,7", :displayName=>"iPad Pro (12.9-inch)"}, :traits=>{:deploymentTarget=>#<Gem::Version "12.0">, :passDeploymentTargetToAssetutil=>true, :architecture=>"arm64", :artworkDevIdiom=>"pad", :artworkHostedIdioms=>[], :artworkScaleFactor=>2, :artworkDevSubtype=>2732, :artworkDisplayGamut=>"sRGB", :devPerfMemoryClass=>3, :gfxFeatureSetClass=>"MTL3,2", :gfxFeatureSetFallbacks=>["MTL3,1", "MTL2,2", "MTL1,2", "GLES2,0"], :featuresToRemove=>[], :supportsEmbeddedWatchApp=>false, :supportsEmbeddedUniversalWatchApp=>false, :hasSwiftRuntime=>false, :supportsEncryptionFormat2=>false, :supportsSwiftConcurrencyNatively=>false}}
    {:device=>{:target=>"j98aap", :productType=>"iPad6,7", :displayName=>"iPad Pro (12.9-inch)"}, :traits=>{:deploymentTarget=>#<Gem::Version "12.2">, :passDeploymentTargetToAssetutil=>true, :architecture=>"arm64", :artworkDevIdiom=>"pad", :artworkHostedIdioms=>[], :artworkScaleFactor=>2, :artworkDevSubtype=>2732, :artworkDisplayGamut
2023-02-11 02:20:26 +0000  =>"sRGB", :devPerfMemoryClass=>3, :gfxFeatureSetClass=>"MTL3,2", :gfxFeatureSetFallbacks=>["MTL3,1", "MTL2,2", "MTL1,2", "GLES2,0"], :featuresToRemove=>[], :supportsEmbeddedWatchApp=>false, :supportsEmbeddedUniversalWatchApp=>false, :hasSwiftRuntime=>true, :supportsEncryptionFormat2=>false, :supportsSwiftConcurrencyNatively=>false}}
    {:device=>{:target=>"j98aap", :productType=>"iPad6,7", :displayName=>"iPad Pro (12.9-inch)"}, :traits=>{:deploymentTarget=>#<Gem::Version "13.0">, :passDeploymentTargetToAssetutil=>true, :architecture=>"arm64", :artworkDevIdiom=>"pad", :artworkHostedIdioms=>[], :artworkScaleFactor=>2, :artworkDevSubtype=>2732, :artworkDisplayGamut=>"sRGB", :devPerfMemoryClass=>3, :gfxFeatureSetClass=>"APPLE3", :gfxFeatureSetFallbacks=>["APPLE3v1", "APPLE2", "APPLE1", "GLES2,0"], :featuresToRemove=>[], :supportsEmbeddedWatchApp=>false, :supportsEmbeddedUniversalWatchApp=>false, :hasSwiftRuntime=>true, :supportsEncryptionFormat2=>true, :supportsSwiftConcurrencyNatively=>false}}
    {:device=>{:target=>"j98aap", :productType=>"iPad6,7", :displayName=>"iPad Pro (12.9-inch)"}, :traits=>{:deploymentTarget=>#<Gem::Version "14.0">, :passDeploymentTargetToAssetutil=>true, :architecture=>"arm64", :artworkDevIdiom=>"pad", :artworkHostedIdioms=>[], :artworkScaleFactor=>2, :artworkDevSubtype=>2732, :artworkDisplayGamut=>"sRGB", :devPerfMemoryClass=>3, :gfxFeatureSetClass=>"APPLE3", :gfxFeatureSetFallbacks=>["APPLE3v1", "APPLE2", "APPLE1", "GLES2,0"], :featuresToRemove=>[], :supportsEmbeddedWatchApp=>false, :supportsEmbeddedUniversalWatchApp=>false, :hasSwiftRuntime=>true, :supportsEncryptionFormat2=>true, :supportsSwiftConcurrencyNatively=>false}}
    {:device=>{:target=>"j98aap", :productType=>"iPad6,7", :displayName=>"iPad Pro (12.9-inch)"}, :traits=>{:deploymentTarget=>#<Gem::Version "9.0">, :passDeploymentTargetToAssetutil=>false, :architecture=>"arm64", :artworkDevIdiom=>"pad", :artworkHostedIdioms=>[], :artworkScaleFactor=>2, :artworkDevSubtype=>2732, :artworkDisplayGamut=>"sRGB", :devPerfMemoryClass=>3, :gfxFeatureSetClass=>"APPLE3", :gfxFeatureSetFallbacks=>["APPLE3v1", "APPLE2", "APPLE1", "GLES2,0"], :featuresToRemove=>[], :supportsEmbeddedWatchApp=>false, :supportsEmbeddedUniversalWatchApp=>false, :hasSwiftRuntime=>false, :supportsEncryptionFormat2=>false, :supportsSwiftConcurrencyNatively=>false}}
    {:device=>{:target=>"j99aap", :productType=>"iPad6,8", :displayName=>"iPad Pro (12.9-inch)"}, :traits=>{:deploymentTarget=>#<Gem::Version "10.0">, :passDeploymentTargetToAssetutil=>false, :architecture=>"arm64", :artworkDevIdiom=>"pad", :artworkHostedIdioms=>[], :artworkScaleFactor=>2, :artworkDevSubtype=>2732, :artworkDisplayGamut=>"sRGB", :devPerfMemoryClass=>3, :gfxFeatureSetClass=>"APPLE3", :gfxFeatureSetFallbacks=>["APPLE3v1", "APPLE2", "APPLE1", "GLES2,0"], :featuresToRemove=>[], :supportsEmbeddedWatchApp=>false, :supportsEmbeddedUniversalWatchApp=>false, :hasSwiftRuntime=>false, :supportsEncryptionFormat2=>false, :supportsSwiftConcurrencyNatively=>false}}
    {:device=>{:target=>"j99aap", :productType=>"iPad6,8", :displayName=>"iPad Pro (12.9-inch)"}, :traits=>{:deploymentTarget=>#<Gem::Version "11.0">, :passDeploymentTargetToAssetutil=>false, :architecture=>"arm64", :artworkDevIdiom=>"pad", :artworkHostedIdioms=>[], :artworkScaleFactor=>2, :artworkDevSubtype=>2732, :artworkDisplayGamut=>"sRGB", :devPerfMemoryClass=>3, :gfxFeatureSetClass=>"APPLE3", :gfxFeatureSetFallbacks=>["APPLE3v1", "APPLE2", "APPLE1", "GLES2,0"], :featuresToRemove=>[], :supportsEmbeddedWatchApp=>false, :supportsEmbeddedUniversalWatchApp=>false, :hasSwiftRuntime=>false, :supportsEncryptionFormat2=>false, :supportsSwiftConcurrencyNatively=>false}}
    {:device=>{:target=>"j99aap", :productType=>"iPad6,8", :displayName=>"iPad Pro (12.9-inch)"}, :traits=>{:deploymentTarget=>#<Gem::Version "12.0">, :passDeploymentTargetToAssetutil=>true, :architecture=>"arm64", :artworkDevIdiom=>"pad", :artworkHostedIdioms=>[], :artworkScaleFactor=>2, :artworkDevSubtype=>2732, :artworkDisplayGamut=>"sRGB", :devPerfMemoryClass=>3, :gfxFeatureSetClass=>"M
2023-02-11 02:20:26 +0000  TL3,2", :gfxFeatureSetFallbacks=>["MTL3,1", "MTL2,2", "MTL1,2", "GLES2,0"], :featuresToRemove=>[], :supportsEmbeddedWatchApp=>false, :supportsEmbeddedUniversalWatchApp=>false, :hasSwiftRuntime=>false, :supportsEncryptionFormat2=>false, :supportsSwiftConcurrencyNatively=>false}}
    {:device=>{:target=>"j99aap", :productType=>"iPad6,8", :displayName=>"iPad Pro (12.9-inch)"}, :traits=>{:deploymentTarget=>#<Gem::Version "12.2">, :passDeploymentTargetToAssetutil=>true, :architecture=>"arm64", :artworkDevIdiom=>"pad", :artworkHostedIdioms=>[], :artworkScaleFactor=>2, :artworkDevSubtype=>2732, :artworkDisplayGamut=>"sRGB", :devPerfMemoryClass=>3, :gfxFeatureSetClass=>"MTL3,2", :gfxFeatureSetFallbacks=>["MTL3,1", "MTL2,2", "MTL1,2", "GLES2,0"], :featuresToRemove=>[], :supportsEmbeddedWatchApp=>false, :supportsEmbeddedUniversalWatchApp=>false, :hasSwiftRuntime=>true, :supportsEncryptionFormat2=>false, :supportsSwiftConcurrencyNatively=>false}}
    {:device=>{:target=>"j99aap", :productType=>"iPad6,8", :displayName=>"iPad Pro (12.9-inch)"}, :traits=>{:deploymentTarget=>#<Gem::Version "13.0">, :passDeploymentTargetToAssetutil=>true, :architecture=>"arm64", :artworkDevIdiom=>"pad", :artworkHostedIdioms=>[], :artworkScaleFactor=>2, :artworkDevSubtype=>2732, :artworkDisplayGamut=>"sRGB", :devPerfMemoryClass=>3, :gfxFeatureSetClass=>"APPLE3", :gfxFeatureSetFallbacks=>["APPLE3v1", "APPLE2", "APPLE1", "GLES2,0"], :featuresToRemove=>[], :supportsEmbeddedWatchApp=>false, :supportsEmbeddedUniversalWatchApp=>false, :hasSwiftRuntime=>true, :supportsEncryptionFormat2=>true, :supportsSwiftConcurrencyNatively=>false}}
    {:device=>{:target=>"j99aap", :productType=>"iPad6,8", :displayName=>"iPad Pro (12.9-inch)"}, :traits=>{:deploymentTarget=>#<Gem::Version "14.0">, :passDeploymentTargetToAssetutil=>true, :architecture=>"arm64", :artworkDevIdiom=>"pad", :artworkHostedIdioms=>[], :artworkScaleFactor=>2, :artworkDevSubtype=>2732, :artworkDisplayGamut=>"sRGB", :devPerfMemoryClass=>3, :gfxFeatureSetClass=>"APPLE3", :gfxFeatureSetFallbacks=>["APPLE3v1", "APPLE2", "APPLE1", "GLES2,0"], :featuresToRemove=>[], :supportsEmbeddedWatchApp=>false, :supportsEmbeddedUniversalWatchApp=>false, :hasSwiftRuntime=>true, :supportsEncryptionFormat2=>true, :supportsSwiftConcurrencyNatively=>false}}
    {:device=>{:target=>"j99aap", :productType=>"iPad6,8", :displayName=>"iPad Pro (12.9-inch)"}, :traits=>{:deploymentTarget=>#<Gem::Version "9.0">, :passDeploymentTargetToAssetutil=>false, :architecture=>"arm64", :artworkDevIdiom=>"pad", :artworkHostedIdioms=>[], :artworkScaleFactor=>2, :artworkDevSubtype=>2732, :artworkDisplayGamut=>"sRGB", :devPerfMemoryClass=>3, :gfxFeatureSetClass=>"APPLE3", :gfxFeatureSetFallbacks=>["APPLE3v1", "APPLE2", "APPLE1", "GLES2,0"], :featuresToRemove=>[], :supportsEmbeddedWatchApp=>false, :supportsEmbeddedUniversalWatchApp=>false, :hasSwiftRuntime=>false, :supportsEncryptionFormat2=>false, :supportsSwiftConcurrencyNatively=>false}}
    {:device=>{:target=>"j120ap", :productType=>"iPad7,1", :displayName=>"iPad Pro (12.9-inch) (2nd generation)"}, :traits=>{:deploymentTarget=>#<Gem::Version "10.0">, :passDeploymentTargetToAssetutil=>false, :architecture=>"arm64", :artworkDevIdiom=>"pad", :artworkHostedIdioms=>[], :artworkScaleFactor=>2, :artworkDevSubtype=>2732, :artworkDisplayGamut=>"P3", :devPerfMemoryClass=>3, :gfxFeatureSetClass=>"APPLE3", :gfxFeatureSetFallbacks=>["APPLE3v1", "APPLE2", "APPLE1", "GLES2,0"], :featuresToRemove=>[], :supportsEmbeddedWatchApp=>false, :supportsEmbeddedUniversalWatchApp=>false, :hasSwiftRuntime=>false, :supportsEncryptionFormat2=>false, :supportsSwiftConcurrencyNatively=>false}}
    {:device=>{:target=>"j120ap", :productType=>"iPad7,1", :displayName=>"iPad Pro (12.9-inch) (2nd generation)"}, :traits=>{:deploymentTarget=>#<Gem::Version "11.0">, :passDeploymentTargetToAssetutil=>false, :architecture=>"arm64", :artworkDevIdiom=>"pad", :artworkHostedIdioms=>[], :artworkScaleFactor=>2, :artworkDevSubtype=>2732, :artworkDisplayGamut=>"P3", :devPerfMemoryClass=>3, :gfxFeatureSetClass=>"APPLE3", :gfxFeatureSetFallbac
2023-02-11 02:20:26 +0000  ks=>["APPLE3v1", "APPLE2", "APPLE1", "GLES2,0"], :featuresToRemove=>[], :supportsEmbeddedWatchApp=>false, :supportsEmbeddedUniversalWatchApp=>false, :hasSwiftRuntime=>false, :supportsEncryptionFormat2=>false, :supportsSwiftConcurrencyNatively=>false}}
    {:device=>{:target=>"j120ap", :productType=>"iPad7,1", :displayName=>"iPad Pro (12.9-inch) (2nd generation)"}, :traits=>{:deploymentTarget=>#<Gem::Version "12.0">, :passDeploymentTargetToAssetutil=>true, :architecture=>"arm64", :artworkDevIdiom=>"pad", :artworkHostedIdioms=>[], :artworkScaleFactor=>2, :artworkDevSubtype=>2732, :artworkDisplayGamut=>"P3", :devPerfMemoryClass=>3, :gfxFeatureSetClass=>"MTL3,2", :gfxFeatureSetFallbacks=>["MTL3,1", "MTL2,2", "MTL1,2", "GLES2,0"], :featuresToRemove=>[], :supportsEmbeddedWatchApp=>false, :supportsEmbeddedUniversalWatchApp=>false, :hasSwiftRuntime=>false, :supportsEncryptionFormat2=>false, :supportsSwiftConcurrencyNatively=>false}}
    {:device=>{:target=>"j120ap", :productType=>"iPad7,1", :displayName=>"iPad Pro (12.9-inch) (2nd generation)"}, :traits=>{:deploymentTarget=>#<Gem::Version "12.2">, :passDeploymentTargetToAssetutil=>true, :architecture=>"arm64", :artworkDevIdiom=>"pad", :artworkHostedIdioms=>[], :artworkScaleFactor=>2, :artworkDevSubtype=>2732, :artworkDisplayGamut=>"P3", :devPerfMemoryClass=>3, :gfxFeatureSetClass=>"MTL3,2", :gfxFeatureSetFallbacks=>["MTL3,1", "MTL2,2", "MTL1,2", "GLES2,0"], :featuresToRemove=>[], :supportsEmbeddedWatchApp=>false, :supportsEmbeddedUniversalWatchApp=>false, :hasSwiftRuntime=>true, :supportsEncryptionFormat2=>false, :supportsSwiftConcurrencyNatively=>false}}
    {:device=>{:target=>"j120ap", :productType=>"iPad7,1", :displayName=>"iPad Pro (12.9-inch) (2nd generation)"}, :traits=>{:deploymentTarget=>#<Gem::Version "13.0">, :passDeploymentTargetToAssetutil=>true, :architecture=>"arm64", :artworkDevIdiom=>"pad", :artworkHostedIdioms=>[], :artworkScaleFactor=>2, :artworkDevSubtype=>2732, :artworkDisplayGamut=>"P3", :devPerfMemoryClass=>3, :gfxFeatureSetClass=>"APPLE3", :gfxFeatureSetFallbacks=>["APPLE3v1", "APPLE2", "APPLE1", "GLES2,0"], :featuresToRemove=>[], :supportsEmbeddedWatchApp=>false, :supportsEmbeddedUniversalWatchApp=>false, :hasSwiftRuntime=>true, :supportsEncryptionFormat2=>true, :supportsSwiftConcurrencyNatively=>false}}
    {:device=>{:target=>"j120ap", :productType=>"iPad7,1", :displayName=>"iPad Pro (12.9-inch) (2nd generation)"}, :traits=>{:deploymentTarget=>#<Gem::Version "14.0">, :passDeploymentTargetToAssetutil=>true, :architecture=>"arm64", :artworkDevIdiom=>"pad", :artworkHostedIdioms=>[], :artworkScaleFactor=>2, :artworkDevSubtype=>2732, :artworkDisplayGamut=>"P3", :devPerfMemoryClass=>3, :gfxFeatureSetClass=>"APPLE3", :gfxFeatureSetFallbacks=>["APPLE3v1", "APPLE2", "APPLE1", "GLES2,0"], :featuresToRemove=>[], :supportsEmbeddedWatchApp=>false, :supportsEmbeddedUniversalWatchApp=>false, :hasSwiftRuntime=>true, :supportsEncryptionFormat2=>true, :supportsSwiftConcurrencyNatively=>false}}
    {:device=>{:target=>"j171ap", :productType=>"iPad7,11", :displayName=>"iPad (7th generation)"}, :traits=>{:deploymentTarget=>#<Gem::Version "13.0">, :passDeploymentTargetToAssetutil=>true, :architecture=>"arm64", :artworkDevIdiom=>"pad", :artworkHostedIdioms=>[], :artworkScaleFactor=>2, :artworkDisplayGamut=>"sRGB", :devPerfMemoryClass=>4, :gfxFeatureSetClass=>"APPLE3", :gfxFeatureSetFallbacks=>["APPLE3v1", "APPLE2", "APPLE1", "GLES2,0"], :featuresToRemove=>[], :supportsEmbeddedWatchApp=>false, :supportsEmbeddedUniversalWatchApp=>false, :hasSwiftRuntime=>true, :supportsEncryptionFormat2=>true, :supportsSwiftConcurrencyNatively=>false}}
    {:device=>{:target=>"j171ap", :productType=>"iPad7,11", :displayName=>"iPad (7th generation)"}, :traits=>{:deploymentTarget=>#<Gem::Version "14.0">, :passDeploymentTargetToAssetutil=>true, :architecture=>"arm64", :artworkDevIdiom=>"pad", :artworkHostedIdioms=>[], :artworkScaleFactor=>2, :artworkDisplayGamut=>"sRGB", :devPerfMemoryClass=>4, :gfxFeatureSetClass=>"APPLE3", :gfxFeatureSetFallbacks=>["APPLE3v1", "APPLE2", "APPLE1", "GLES2,0"], :f
2023-02-11 02:20:26 +0000  eaturesToRemove=>[], :supportsEmbeddedWatchApp=>false, :supportsEmbeddedUniversalWatchApp=>false, :hasSwiftRuntime=>true, :supportsEncryptionFormat2=>true, :supportsSwiftConcurrencyNatively=>false}}
    {:device=>{:target=>"j172ap", :productType=>"iPad7,12", :displayName=>"iPad (7th generation)"}, :traits=>{:deploymentTarget=>#<Gem::Version "13.0">, :passDeploymentTargetToAssetutil=>true, :architecture=>"arm64", :artworkDevIdiom=>"pad", :artworkHostedIdioms=>[], :artworkScaleFactor=>2, :artworkDisplayGamut=>"sRGB", :devPerfMemoryClass=>4, :gfxFeatureSetClass=>"APPLE3", :gfxFeatureSetFallbacks=>["APPLE3v1", "APPLE2", "APPLE1", "GLES2,0"], :featuresToRemove=>[], :supportsEmbeddedWatchApp=>false, :supportsEmbeddedUniversalWatchApp=>false, :hasSwiftRuntime=>true, :supportsEncryptionFormat2=>true, :supportsSwiftConcurrencyNatively=>false}}
    {:device=>{:target=>"j172ap", :productType=>"iPad7,12", :displayName=>"iPad (7th generation)"}, :traits=>{:deploymentTarget=>#<Gem::Version "14.0">, :passDeploymentTargetToAssetutil=>true, :architecture=>"arm64", :artworkDevIdiom=>"pad", :artworkHostedIdioms=>[], :artworkScaleFactor=>2, :artworkDisplayGamut=>"sRGB", :devPerfMemoryClass=>4, :gfxFeatureSetClass=>"APPLE3", :gfxFeatureSetFallbacks=>["APPLE3v1", "APPLE2", "APPLE1", "GLES2,0"], :featuresToRemove=>[], :supportsEmbeddedWatchApp=>false, :supportsEmbeddedUniversalWatchApp=>false, :hasSwiftRuntime=>true, :supportsEncryptionFormat2=>true, :supportsSwiftConcurrencyNatively=>false}}
    {:device=>{:target=>"j121ap", :productType=>"iPad7,2", :displayName=>"iPad Pro (12.9-inch) (2nd generation)"}, :traits=>{:deploymentTarget=>#<Gem::Version "10.0">, :passDeploymentTargetToAssetutil=>false, :architecture=>"arm64", :artworkDevIdiom=>"pad", :artworkHostedIdioms=>[], :artworkScaleFactor=>2, :artworkDevSubtype=>2732, :artworkDisplayGamut=>"P3", :devPerfMemoryClass=>3, :gfxFeatureSetClass=>"APPLE3", :gfxFeatureSetFallbacks=>["APPLE3v1", "APPLE2", "APPLE1", "GLES2,0"], :featuresToRemove=>[], :supportsEmbeddedWatchApp=>false, :supportsEmbeddedUniversalWatchApp=>false, :hasSwiftRuntime=>false, :supportsEncryptionFormat2=>false, :supportsSwiftConcurrencyNatively=>false}}
    {:device=>{:target=>"j121ap", :productType=>"iPad7,2", :displayName=>"iPad Pro (12.9-inch) (2nd generation)"}, :traits=>{:deploymentTarget=>#<Gem::Version "11.0">, :passDeploymentTargetToAssetutil=>false, :architecture=>"arm64", :artworkDevIdiom=>"pad", :artworkHostedIdioms=>[], :artworkScaleFactor=>2, :artworkDevSubtype=>2732, :artworkDisplayGamut=>"P3", :devPerfMemoryClass=>3, :gfxFeatureSetClass=>"APPLE3", :gfxFeatureSetFallbacks=>["APPLE3v1", "APPLE2", "APPLE1", "GLES2,0"], :featuresToRemove=>[], :supportsEmbeddedWatchApp=>false, :supportsEmbeddedUniversalWatchApp=>false, :hasSwiftRuntime=>false, :supportsEncryptionFormat2=>false, :supportsSwiftConcurrencyNatively=>false}}
    {:device=>{:target=>"j121ap", :productType=>"iPad7,2", :displayName=>"iPad Pro (12.9-inch) (2nd generation)"}, :traits=>{:deploymentTarget=>#<Gem::Version "12.0">, :passDeploymentTargetToAssetutil=>true, :architecture=>"arm64", :artworkDevIdiom=>"pad", :artworkHostedIdioms=>[], :artworkScaleFactor=>2, :artworkDevSubtype=>2732, :artworkDisplayGamut=>"P3", :devPerfMemoryClass=>3, :gfxFeatureSetClass=>"MTL3,2", :gfxFeatureSetFallbacks=>["MTL3,1", "MTL2,2", "MTL1,2", "GLES2,0"], :featuresToRemove=>[], :supportsEmbeddedWatchApp=>false, :supportsEmbeddedUniversalWatchApp=>false, :hasSwiftRuntime=>false, :supportsEncryptionFormat2=>false, :supportsSwiftConcurrencyNatively=>false}}
    {:device=>{:target=>"j121ap", :productType=>"iPad7,2", :displayName=>"iPad Pro (12.9-inch) (2nd generation)"}, :traits=>{:deploymentTarget=>#<Gem::Version "12.2">, :passDeploymentTargetToAssetutil=>true, :architecture=>"arm64", :artworkDevIdiom=>"pad", :artworkHostedIdioms=>[], :artworkScaleFactor=>2, :artworkDevSubtype=>2732, :artworkDisplayGamut=>"P3", :devPerfMemoryClass=>3, :gfxFeatureSetClass=>"MTL3,2", :gfxFeatureSetFallbacks=>["MTL3,1", "MTL2,2", "MTL1,2", "GLES2,0"], :featuresToRemove=>[], :supportsEmbeddedWatchApp=>
2023-02-11 02:20:26 +0000  false, :supportsEmbeddedUniversalWatchApp=>false, :hasSwiftRuntime=>true, :supportsEncryptionFormat2=>false, :supportsSwiftConcurrencyNatively=>false}}
    {:device=>{:target=>"j121ap", :productType=>"iPad7,2", :displayName=>"iPad Pro (12.9-inch) (2nd generation)"}, :traits=>{:deploymentTarget=>#<Gem::Version "13.0">, :passDeploymentTargetToAssetutil=>true, :architecture=>"arm64", :artworkDevIdiom=>"pad", :artworkHostedIdioms=>[], :artworkScaleFactor=>2, :artworkDevSubtype=>2732, :artworkDisplayGamut=>"P3", :devPerfMemoryClass=>3, :gfxFeatureSetClass=>"APPLE3", :gfxFeatureSetFallbacks=>["APPLE3v1", "APPLE2", "APPLE1", "GLES2,0"], :featuresToRemove=>[], :supportsEmbeddedWatchApp=>false, :supportsEmbeddedUniversalWatchApp=>false, :hasSwiftRuntime=>true, :supportsEncryptionFormat2=>true, :supportsSwiftConcurrencyNatively=>false}}
    {:device=>{:target=>"j121ap", :productType=>"iPad7,2", :displayName=>"iPad Pro (12.9-inch) (2nd generation)"}, :traits=>{:deploymentTarget=>#<Gem::Version "14.0">, :passDeploymentTargetToAssetutil=>true, :architecture=>"arm64", :artworkDevIdiom=>"pad", :artworkHostedIdioms=>[], :artworkScaleFactor=>2, :artworkDevSubtype=>2732, :artworkDisplayGamut=>"P3", :devPerfMemoryClass=>3, :gfxFeatureSetClass=>"APPLE3", :gfxFeatureSetFallbacks=>["APPLE3v1", "APPLE2", "APPLE1", "GLES2,0"], :featuresToRemove=>[], :supportsEmbeddedWatchApp=>false, :supportsEmbeddedUniversalWatchApp=>false, :hasSwiftRuntime=>true, :supportsEncryptionFormat2=>true, :supportsSwiftConcurrencyNatively=>false}}
    {:device=>{:target=>"j207ap", :productType=>"iPad7,3", :displayName=>"iPad Pro (10.5-inch)"}, :traits=>{:deploymentTarget=>#<Gem::Version "10.0">, :passDeploymentTargetToAssetutil=>false, :architecture=>"arm64", :artworkDevIdiom=>"pad", :artworkHostedIdioms=>[], :artworkScaleFactor=>2, :artworkDevSubtype=>2224, :artworkDisplayGamut=>"P3", :devPerfMemoryClass=>3, :gfxFeatureSetClass=>"APPLE3", :gfxFeatureSetFallbacks=>["APPLE3v1", "APPLE2", "APPLE1", "GLES2,0"], :featuresToRemove=>[], :supportsEmbeddedWatchApp=>false, :supportsEmbeddedUniversalWatchApp=>false, :hasSwiftRuntime=>false, :supportsEncryptionFormat2=>false, :supportsSwiftConcurrencyNatively=>false}}
    {:device=>{:target=>"j207ap", :productType=>"iPad7,3", :displayName=>"iPad Pro (10.5-inch)"}, :traits=>{:deploymentTarget=>#<Gem::Version "11.0">, :passDeploymentTargetToAssetutil=>false, :architecture=>"arm64", :artworkDevIdiom=>"pad", :artworkHostedIdioms=>[], :artworkScaleFactor=>2, :artworkDevSubtype=>2224, :artworkDisplayGamut=>"P3", :devPerfMemoryClass=>3, :gfxFeatureSetClass=>"APPLE3", :gfxFeatureSetFallbacks=>["APPLE3v1", "APPLE2", "APPLE1", "GLES2,0"], :featuresToRemove=>[], :supportsEmbeddedWatchApp=>false, :supportsEmbeddedUniversalWatchApp=>false, :hasSwiftRuntime=>false, :supportsEncryptionFormat2=>false, :supportsSwiftConcurrencyNatively=>false}}
    {:device=>{:target=>"j207ap", :productType=>"iPad7,3", :displayName=>"iPad Pro (10.5-inch)"}, :traits=>{:deploymentTarget=>#<Gem::Version "12.0">, :passDeploymentTargetToAssetutil=>true, :architecture=>"arm64", :artworkDevIdiom=>"pad", :artworkHostedIdioms=>[], :artworkScaleFactor=>2, :artworkDevSubtype=>2224, :artworkDisplayGamut=>"P3", :devPerfMemoryClass=>3, :gfxFeatureSetClass=>"MTL3,2", :gfxFeatureSetFallbacks=>["MTL3,1", "MTL2,2", "MTL1,2", "GLES2,0"], :featuresToRemove=>[], :supportsEmbeddedWatchApp=>false, :supportsEmbeddedUniversalWatchApp=>false, :hasSwiftRuntime=>false, :supportsEncryptionFormat2=>false, :supportsSwiftConcurrencyNatively=>false}}
    {:device=>{:target=>"j207ap", :productType=>"iPad7,3", :displayName=>"iPad Pro (10.5-inch)"}, :traits=>{:deploymentTarget=>#<Gem::Version "12.2">, :passDeploymentTargetToAssetutil=>true, :architecture=>"arm64", :artworkDevIdiom=>"pad", :artworkHostedIdioms=>[], :artworkScaleFactor=>2, :artworkDevSubtype=>2224, :artworkDisplayGamut=>"P3", :devPerfMemoryClass=>3, :gfxFeatureSetClass=>"MTL3,2", :gfxFeatureSetFallbacks=>["MTL3,1", "MTL2,2", "MTL1,2", "GLES2,0"], :featuresToRemove=>[], :supportsEmbeddedWatchApp=>false, :supportsEmbeddedUniversalWatc
2023-02-11 02:20:26 +0000  hApp=>false, :hasSwiftRuntime=>true, :supportsEncryptionFormat2=>false, :supportsSwiftConcurrencyNatively=>false}}
    {:device=>{:target=>"j207ap", :productType=>"iPad7,3", :displayName=>"iPad Pro (10.5-inch)"}, :traits=>{:deploymentTarget=>#<Gem::Version "13.0">, :passDeploymentTargetToAssetutil=>true, :architecture=>"arm64", :artworkDevIdiom=>"pad", :artworkHostedIdioms=>[], :artworkScaleFactor=>2, :artworkDevSubtype=>2224, :artworkDisplayGamut=>"P3", :devPerfMemoryClass=>3, :gfxFeatureSetClass=>"APPLE3", :gfxFeatureSetFallbacks=>["APPLE3v1", "APPLE2", "APPLE1", "GLES2,0"], :featuresToRemove=>[], :supportsEmbeddedWatchApp=>false, :supportsEmbeddedUniversalWatchApp=>false, :hasSwiftRuntime=>true, :supportsEncryptionFormat2=>true, :supportsSwiftConcurrencyNatively=>false}}
    {:device=>{:target=>"j207ap", :productType=>"iPad7,3", :displayName=>"iPad Pro (10.5-inch)"}, :traits=>{:deploymentTarget=>#<Gem::Version "14.0">, :passDeploymentTargetToAssetutil=>true, :architecture=>"arm64", :artworkDevIdiom=>"pad", :artworkHostedIdioms=>[], :artworkScaleFactor=>2, :artworkDevSubtype=>2224, :artworkDisplayGamut=>"P3", :devPerfMemoryClass=>3, :gfxFeatureSetClass=>"APPLE3", :gfxFeatureSetFallbacks=>["APPLE3v1", "APPLE2", "APPLE1", "GLES2,0"], :featuresToRemove=>[], :supportsEmbeddedWatchApp=>false, :supportsEmbeddedUniversalWatchApp=>false, :hasSwiftRuntime=>true, :supportsEncryptionFormat2=>true, :supportsSwiftConcurrencyNatively=>false}}
    {:device=>{:target=>"j208ap", :productType=>"iPad7,4", :displayName=>"iPad Pro (10.5-inch)"}, :traits=>{:deploymentTarget=>#<Gem::Version "10.0">, :passDeploymentTargetToAssetutil=>false, :architecture=>"arm64", :artworkDevIdiom=>"pad", :artworkHostedIdioms=>[], :artworkScaleFactor=>2, :artworkDevSubtype=>2224, :artworkDisplayGamut=>"P3", :devPerfMemoryClass=>3, :gfxFeatureSetClass=>"APPLE3", :gfxFeatureSetFallbacks=>["APPLE3v1", "APPLE2", "APPLE1", "GLES2,0"], :featuresToRemove=>[], :supportsEmbeddedWatchApp=>false, :supportsEmbeddedUniversalWatchApp=>false, :hasSwiftRuntime=>false, :supportsEncryptionFormat2=>false, :supportsSwiftConcurrencyNatively=>false}}
    {:device=>{:target=>"j208ap", :productType=>"iPad7,4", :displayName=>"iPad Pro (10.5-inch)"}, :traits=>{:deploymentTarget=>#<Gem::Version "11.0">, :passDeploymentTargetToAssetutil=>false, :architecture=>"arm64", :artworkDevIdiom=>"pad", :artworkHostedIdioms=>[], :artworkScaleFactor=>2, :artworkDevSubtype=>2224, :artworkDisplayGamut=>"P3", :devPerfMemoryClass=>3, :gfxFeatureSetClass=>"APPLE3", :gfxFeatureSetFallbacks=>["APPLE3v1", "APPLE2", "APPLE1", "GLES2,0"], :featuresToRemove=>[], :supportsEmbeddedWatchApp=>false, :supportsEmbeddedUniversalWatchApp=>false, :hasSwiftRuntime=>false, :supportsEncryptionFormat2=>false, :supportsSwiftConcurrencyNatively=>false}}
    {:device=>{:target=>"j208ap", :productType=>"iPad7,4", :displayName=>"iPad Pro (10.5-inch)"}, :traits=>{:deploymentTarget=>#<Gem::Version "12.0">, :passDeploymentTargetToAssetutil=>true, :architecture=>"arm64", :artworkDevIdiom=>"pad", :artworkHostedIdioms=>[], :artworkScaleFactor=>2, :artworkDevSubtype=>2224, :artworkDisplayGamut=>"P3", :devPerfMemoryClass=>3, :gfxFeatureSetClass=>"MTL3,2", :gfxFeatureSetFallbacks=>["MTL3,1", "MTL2,2", "MTL1,2", "GLES2,0"], :featuresToRemove=>[], :supportsEmbeddedWatchApp=>false, :supportsEmbeddedUniversalWatchApp=>false, :hasSwiftRuntime=>false, :supportsEncryptionFormat2=>false, :supportsSwiftConcurrencyNatively=>false}}
    {:device=>{:target=>"j208ap", :productType=>"iPad7,4", :displayName=>"iPad Pro (10.5-inch)"}, :traits=>{:deploymentTarget=>#<Gem::Version "12.2">, :passDeploymentTargetToAssetutil=>true, :architecture=>"arm64", :artworkDevIdiom=>"pad", :artworkHostedIdioms=>[], :artworkScaleFactor=>2, :artworkDevSubtype=>2224, :artworkDisplayGamut=>"P3", :devPerfMemoryClass=>3, :gfxFeatureSetClass=>"MTL3,2", :gfxFeatureSetFallbacks=>["MTL3,1", "MTL2,2", "MTL1,2", "GLES2,0"], :featuresToRemove=>[], :supportsEmbeddedWatchApp=>false, :supportsEmbeddedUniversalWatchApp=>false, :hasSwiftRuntime=>true, :supportsEncryptionFormat2=>false,
2023-02-11 02:20:26 +0000   :supportsSwiftConcurrencyNatively=>false}}
    {:device=>{:target=>"j208ap", :productType=>"iPad7,4", :displayName=>"iPad Pro (10.5-inch)"}, :traits=>{:deploymentTarget=>#<Gem::Version "13.0">, :passDeploymentTargetToAssetutil=>true, :architecture=>"arm64", :artworkDevIdiom=>"pad", :artworkHostedIdioms=>[], :artworkScaleFactor=>2, :artworkDevSubtype=>2224, :artworkDisplayGamut=>"P3", :devPerfMemoryClass=>3, :gfxFeatureSetClass=>"APPLE3", :gfxFeatureSetFallbacks=>["APPLE3v1", "APPLE2", "APPLE1", "GLES2,0"], :featuresToRemove=>[], :supportsEmbeddedWatchApp=>false, :supportsEmbeddedUniversalWatchApp=>false, :hasSwiftRuntime=>true, :supportsEncryptionFormat2=>true, :supportsSwiftConcurrencyNatively=>false}}
    {:device=>{:target=>"j208ap", :productType=>"iPad7,4", :displayName=>"iPad Pro (10.5-inch)"}, :traits=>{:deploymentTarget=>#<Gem::Version "14.0">, :passDeploymentTargetToAssetutil=>true, :architecture=>"arm64", :artworkDevIdiom=>"pad", :artworkHostedIdioms=>[], :artworkScaleFactor=>2, :artworkDevSubtype=>2224, :artworkDisplayGamut=>"P3", :devPerfMemoryClass=>3, :gfxFeatureSetClass=>"APPLE3", :gfxFeatureSetFallbacks=>["APPLE3v1", "APPLE2", "APPLE1", "GLES2,0"], :featuresToRemove=>[], :supportsEmbeddedWatchApp=>false, :supportsEmbeddedUniversalWatchApp=>false, :hasSwiftRuntime=>true, :supportsEncryptionFormat2=>true, :supportsSwiftConcurrencyNatively=>false}}
    {:device=>{:target=>"j71bap", :productType=>"iPad7,5", :displayName=>"iPad (6th generation)"}, :traits=>{:deploymentTarget=>#<Gem::Version "11.0">, :passDeploymentTargetToAssetutil=>false, :architecture=>"arm64", :artworkDevIdiom=>"pad", :artworkHostedIdioms=>[], :artworkScaleFactor=>2, :artworkDisplayGamut=>"sRGB", :devPerfMemoryClass=>2, :gfxFeatureSetClass=>"APPLE3", :gfxFeatureSetFallbacks=>["APPLE3v1", "APPLE2", "APPLE1", "GLES2,0"], :featuresToRemove=>[], :supportsEmbeddedWatchApp=>false, :supportsEmbeddedUniversalWatchApp=>false, :hasSwiftRuntime=>false, :supportsEncryptionFormat2=>false, :supportsSwiftConcurrencyNatively=>false}}
    {:device=>{:target=>"j71bap", :productType=>"iPad7,5", :displayName=>"iPad (6th generation)"}, :traits=>{:deploymentTarget=>#<Gem::Version "12.0">, :passDeploymentTargetToAssetutil=>true, :architecture=>"arm64", :artworkDevIdiom=>"pad", :artworkHostedIdioms=>[], :artworkScaleFactor=>2, :artworkDisplayGamut=>"sRGB", :devPerfMemoryClass=>2, :gfxFeatureSetClass=>"MTL3,2", :gfxFeatureSetFallbacks=>["MTL3,1", "MTL2,2", "MTL1,2", "GLES2,0"], :featuresToRemove=>[], :supportsEmbeddedWatchApp=>false, :supportsEmbeddedUniversalWatchApp=>false, :hasSwiftRuntime=>false, :supportsEncryptionFormat2=>false, :supportsSwiftConcurrencyNatively=>false}}
    {:device=>{:target=>"j71bap", :productType=>"iPad7,5", :displayName=>"iPad (6th generation)"}, :traits=>{:deploymentTarget=>#<Gem::Version "12.2">, :passDeploymentTargetToAssetutil=>true, :architecture=>"arm64", :artworkDevIdiom=>"pad", :artworkHostedIdioms=>[], :artworkScaleFactor=>2, :artworkDisplayGamut=>"sRGB", :devPerfMemoryClass=>2, :gfxFeatureSetClass=>"MTL3,2", :gfxFeatureSetFallbacks=>["MTL3,1", "MTL2,2", "MTL1,2", "GLES2,0"], :featuresToRemove=>[], :supportsEmbeddedWatchApp=>false, :supportsEmbeddedUniversalWatchApp=>false, :hasSwiftRuntime=>true, :supportsEncryptionFormat2=>false, :supportsSwiftConcurrencyNatively=>false}}
    {:device=>{:target=>"j71bap", :productType=>"iPad7,5", :displayName=>"iPad (6th generation)"}, :traits=>{:deploymentTarget=>#<Gem::Version "13.0">, :passDeploymentTargetToAssetutil=>true, :architecture=>"arm64", :artworkDevIdiom=>"pad", :artworkHostedIdioms=>[], :artworkScaleFactor=>2, :artworkDisplayGamut=>"sRGB", :devPerfMemoryClass=>2, :gfxFeatureSetClass=>"APPLE3", :gfxFeatureSetFallbacks=>["APPLE3v1", "APPLE2", "APPLE1", "GLES2,0"], :featuresToRemove=>[], :supportsEmbeddedWatchApp=>false, :supportsEmbeddedUniversalWatchApp=>false, :hasSwiftRuntime=>true, :supportsEncryptionFormat2=>true, :supportsSwiftConcurrencyNatively=>false}}
    {:device=>{:target=>"j71bap", :productType=>"iPad7,5", :displayName=>"iPad (6th generation)"}, :traits=>{:deploymentTa
2023-02-11 02:20:26 +0000  rget=>#<Gem::Version "14.0">, :passDeploymentTargetToAssetutil=>true, :architecture=>"arm64", :artworkDevIdiom=>"pad", :artworkHostedIdioms=>[], :artworkScaleFactor=>2, :artworkDisplayGamut=>"sRGB", :devPerfMemoryClass=>2, :gfxFeatureSetClass=>"APPLE3", :gfxFeatureSetFallbacks=>["APPLE3v1", "APPLE2", "APPLE1", "GLES2,0"], :featuresToRemove=>[], :supportsEmbeddedWatchApp=>false, :supportsEmbeddedUniversalWatchApp=>false, :hasSwiftRuntime=>true, :supportsEncryptionFormat2=>true, :supportsSwiftConcurrencyNatively=>false}}
    {:device=>{:target=>"j72bap", :productType=>"iPad7,6", :displayName=>"iPad (6th generation)"}, :traits=>{:deploymentTarget=>#<Gem::Version "11.0">, :passDeploymentTargetToAssetutil=>false, :architecture=>"arm64", :artworkDevIdiom=>"pad", :artworkHostedIdioms=>[], :artworkScaleFactor=>2, :artworkDisplayGamut=>"sRGB", :devPerfMemoryClass=>2, :gfxFeatureSetClass=>"APPLE3", :gfxFeatureSetFallbacks=>["APPLE3v1", "APPLE2", "APPLE1", "GLES2,0"], :featuresToRemove=>[], :supportsEmbeddedWatchApp=>false, :supportsEmbeddedUniversalWatchApp=>false, :hasSwiftRuntime=>false, :supportsEncryptionFormat2=>false, :supportsSwiftConcurrencyNatively=>false}}
    {:device=>{:target=>"j72bap", :productType=>"iPad7,6", :displayName=>"iPad (6th generation)"}, :traits=>{:deploymentTarget=>#<Gem::Version "12.0">, :passDeploymentTargetToAssetutil=>true, :architecture=>"arm64", :artworkDevIdiom=>"pad", :artworkHostedIdioms=>[], :artworkScaleFactor=>2, :artworkDisplayGamut=>"sRGB", :devPerfMemoryClass=>2, :gfxFeatureSetClass=>"MTL3,2", :gfxFeatureSetFallbacks=>["MTL3,1", "MTL2,2", "MTL1,2", "GLES2,0"], :featuresToRemove=>[], :supportsEmbeddedWatchApp=>false, :supportsEmbeddedUniversalWatchApp=>false, :hasSwiftRuntime=>false, :supportsEncryptionFormat2=>false, :supportsSwiftConcurrencyNatively=>false}}
    {:device=>{:target=>"j72bap", :productType=>"iPad7,6", :displayName=>"iPad (6th generation)"}, :traits=>{:deploymentTarget=>#<Gem::Version "12.2">, :passDeploymentTargetToAssetutil=>true, :architecture=>"arm64", :artworkDevIdiom=>"pad", :artworkHostedIdioms=>[], :artworkScaleFactor=>2, :artworkDisplayGamut=>"sRGB", :devPerfMemoryClass=>2, :gfxFeatureSetClass=>"MTL3,2", :gfxFeatureSetFallbacks=>["MTL3,1", "MTL2,2", "MTL1,2", "GLES2,0"], :featuresToRemove=>[], :supportsEmbeddedWatchApp=>false, :supportsEmbeddedUniversalWatchApp=>false, :hasSwiftRuntime=>true, :supportsEncryptionFormat2=>false, :supportsSwiftConcurrencyNatively=>false}}
    {:device=>{:target=>"j72bap", :productType=>"iPad7,6", :displayName=>"iPad (6th generation)"}, :traits=>{:deploymentTarget=>#<Gem::Version "13.0">, :passDeploymentTargetToAssetutil=>true, :architecture=>"arm64", :artworkDevIdiom=>"pad", :artworkHostedIdioms=>[], :artworkScaleFactor=>2, :artworkDisplayGamut=>"sRGB", :devPerfMemoryClass=>2, :gfxFeatureSetClass=>"APPLE3", :gfxFeatureSetFallbacks=>["APPLE3v1", "APPLE2", "APPLE1", "GLES2,0"], :featuresToRemove=>[], :supportsEmbeddedWatchApp=>false, :supportsEmbeddedUniversalWatchApp=>false, :hasSwiftRuntime=>true, :supportsEncryptionFormat2=>true, :supportsSwiftConcurrencyNatively=>false}}
    {:device=>{:target=>"j72bap", :productType=>"iPad7,6", :displayName=>"iPad (6th generation)"}, :traits=>{:deploymentTarget=>#<Gem::Version "14.0">, :passDeploymentTargetToAssetutil=>true, :architecture=>"arm64", :artworkDevIdiom=>"pad", :artworkHostedIdioms=>[], :artworkScaleFactor=>2, :artworkDisplayGamut=>"sRGB", :devPerfMemoryClass=>2, :gfxFeatureSetClass=>"APPLE3", :gfxFeatureSetFallbacks=>["APPLE3v1", "APPLE2", "APPLE1", "GLES2,0"], :featuresToRemove=>[], :supportsEmbeddedWatchApp=>false, :supportsEmbeddedUniversalWatchApp=>false, :hasSwiftRuntime=>true, :supportsEncryptionFormat2=>true, :supportsSwiftConcurrencyNatively=>false}}
    {:device=>{:target=>"j317ap", :productType=>"iPad8,1", :displayName=>"iPad Pro (11-inch)"}, :traits=>{:deploymentTarget=>#<Gem::Version "12.0">, :passDeploymentTargetToAssetutil=>true, :architecture=>"arm64e", :artworkDevIdiom=>"pad", :artworkHostedIdioms=>[], :artworkScaleFactor=>2, :artworkDevSubtype=>2388, :artworkDisplayGamu
2023-02-11 02:20:26 +0000  t=>"P3", :devPerfMemoryClass=>3, :gfxFeatureSetClass=>"MTL5,1", :gfxFeatureSetFallbacks=>["MTL4,1", "MTL3,2", "MTL3,1", "MTL2,2", "MTL1,2", "GLES2,0"], :featuresToRemove=>[], :supportsEmbeddedWatchApp=>false, :supportsEmbeddedUniversalWatchApp=>false, :hasSwiftRuntime=>false, :supportsEncryptionFormat2=>false, :supportsSwiftConcurrencyNatively=>false}}
    {:device=>{:target=>"j317ap", :productType=>"iPad8,1", :displayName=>"iPad Pro (11-inch)"}, :traits=>{:deploymentTarget=>#<Gem::Version "12.2">, :passDeploymentTargetToAssetutil=>true, :architecture=>"arm64e", :artworkDevIdiom=>"pad", :artworkHostedIdioms=>[], :artworkScaleFactor=>2, :artworkDevSubtype=>2388, :artworkDisplayGamut=>"P3", :devPerfMemoryClass=>3, :gfxFeatureSetClass=>"MTL5,1", :gfxFeatureSetFallbacks=>["MTL4,1", "MTL3,2", "MTL3,1", "MTL2,2", "MTL1,2", "GLES2,0"], :featuresToRemove=>[], :supportsEmbeddedWatchApp=>false, :supportsEmbeddedUniversalWatchApp=>false, :hasSwiftRuntime=>true, :supportsEncryptionFormat2=>false, :supportsSwiftConcurrencyNatively=>false}}
    {:device=>{:target=>"j317ap", :productType=>"iPad8,1", :displayName=>"iPad Pro (11-inch)"}, :traits=>{:deploymentTarget=>#<Gem::Version "13.0">, :passDeploymentTargetToAssetutil=>true, :architecture=>"arm64e", :artworkDevIdiom=>"pad", :artworkHostedIdioms=>[], :artworkScaleFactor=>2, :artworkDevSubtype=>2388, :artworkDisplayGamut=>"P3", :devPerfMemoryClass=>3, :gfxFeatureSetClass=>"APPLE5", :gfxFeatureSetFallbacks=>["APPLE4", "APPLE3", "APPLE3v1", "APPLE2", "APPLE1", "GLES2,0"], :featuresToRemove=>[], :supportsEmbeddedWatchApp=>false, :supportsEmbeddedUniversalWatchApp=>false, :hasSwiftRuntime=>true, :supportsEncryptionFormat2=>true, :supportsSwiftConcurrencyNatively=>false}}
    {:device=>{:target=>"j317ap", :productType=>"iPad8,1", :displayName=>"iPad Pro (11-inch)"}, :traits=>{:deploymentTarget=>#<Gem::Version "14.0">, :passDeploymentTargetToAssetutil=>true, :architecture=>"arm64e", :artworkDevIdiom=>"pad", :artworkHostedIdioms=>[], :artworkScaleFactor=>2, :artworkDevSubtype=>2388, :artworkDisplayGamut=>"P3", :devPerfMemoryClass=>3, :gfxFeatureSetClass=>"APPLE5", :gfxFeatureSetFallbacks=>["APPLE4", "APPLE3", "APPLE3v1", "APPLE2", "APPLE1", "GLES2,0"], :featuresToRemove=>[], :supportsEmbeddedWatchApp=>false, :supportsEmbeddedUniversalWatchApp=>false, :hasSwiftRuntime=>true, :supportsEncryptionFormat2=>true, :supportsSwiftConcurrencyNatively=>false}}
    {:device=>{:target=>"j418ap", :productType=>"iPad8,10", :displayName=>"iPad Pro (11-inch) (2nd generation)"}, :traits=>{:deploymentTarget=>#<Gem::Version "13.0">, :passDeploymentTargetToAssetutil=>true, :architecture=>"arm64e", :artworkDevIdiom=>"pad", :artworkHostedIdioms=>[], :artworkScaleFactor=>2, :artworkDevSubtype=>2388, :artworkDisplayGamut=>"P3", :devPerfMemoryClass=>6, :gfxFeatureSetClass=>"APPLE5", :gfxFeatureSetFallbacks=>["APPLE4", "APPLE3", "APPLE3v1", "APPLE2", "APPLE1", "GLES2,0"], :featuresToRemove=>[], :supportsEmbeddedWatchApp=>false, :supportsEmbeddedUniversalWatchApp=>false, :hasSwiftRuntime=>true, :supportsEncryptionFormat2=>true, :supportsSwiftConcurrencyNatively=>false}}
    {:device=>{:target=>"j418ap", :productType=>"iPad8,10", :displayName=>"iPad Pro (11-inch) (2nd generation)"}, :traits=>{:deploymentTarget=>#<Gem::Version "14.0">, :passDeploymentTargetToAssetutil=>true, :architecture=>"arm64e", :artworkDevIdiom=>"pad", :artworkHostedIdioms=>[], :artworkScaleFactor=>2, :artworkDevSubtype=>2388, :artworkDisplayGamut=>"P3", :devPerfMemoryClass=>6, :gfxFeatureSetClass=>"APPLE5", :gfxFeatureSetFallbacks=>["APPLE4", "APPLE3", "APPLE3v1", "APPLE2", "APPLE1", "GLES2,0"], :featuresToRemove=>[], :supportsEmbeddedWatchApp=>false, :supportsEmbeddedUniversalWatchApp=>false, :hasSwiftRuntime=>true, :supportsEncryptionFormat2=>true, :supportsSwiftConcurrencyNatively=>false}}
    {:device=>{:target=>"j420ap", :productType=>"iPad8,11", :displayName=>"iPad Pro (12.9-inch) (4th generation)"}, :traits=>{:deploymentTarget=>#<Gem::Version "13.0">, :passDeploymentTargetToAssetutil=>true, :architecture=>"arm64e", :artworkDevIdiom=>"pad", :a
2023-02-11 02:20:26 +0000  rtworkHostedIdioms=>[], :artworkScaleFactor=>2, :artworkDevSubtype=>2732, :artworkDisplayGamut=>"P3", :devPerfMemoryClass=>6, :gfxFeatureSetClass=>"APPLE5", :gfxFeatureSetFallbacks=>["APPLE4", "APPLE3", "APPLE3v1", "APPLE2", "APPLE1", "GLES2,0"], :featuresToRemove=>[], :supportsEmbeddedWatchApp=>false, :supportsEmbeddedUniversalWatchApp=>false, :hasSwiftRuntime=>true, :supportsEncryptionFormat2=>true, :supportsSwiftConcurrencyNatively=>false}}
    {:device=>{:target=>"j420ap", :productType=>"iPad8,11", :displayName=>"iPad Pro (12.9-inch) (4th generation)"}, :traits=>{:deploymentTarget=>#<Gem::Version "14.0">, :passDeploymentTargetToAssetutil=>true, :architecture=>"arm64e", :artworkDevIdiom=>"pad", :artworkHostedIdioms=>[], :artworkScaleFactor=>2, :artworkDevSubtype=>2732, :artworkDisplayGamut=>"P3", :devPerfMemoryClass=>6, :gfxFeatureSetClass=>"APPLE5", :gfxFeatureSetFallbacks=>["APPLE4", "APPLE3", "APPLE3v1", "APPLE2", "APPLE1", "GLES2,0"], :featuresToRemove=>[], :supportsEmbeddedWatchApp=>false, :supportsEmbeddedUniversalWatchApp=>false, :hasSwiftRuntime=>true, :supportsEncryptionFormat2=>true, :supportsSwiftConcurrencyNatively=>false}}
    {:device=>{:target=>"j421ap", :productType=>"iPad8,12", :displayName=>"iPad Pro (12.9-inch) (4th generation)"}, :traits=>{:deploymentTarget=>#<Gem::Version "13.0">, :passDeploymentTargetToAssetutil=>true, :architecture=>"arm64e", :artworkDevIdiom=>"pad", :artworkHostedIdioms=>[], :artworkScaleFactor=>2, :artworkDevSubtype=>2732, :artworkDisplayGamut=>"P3", :devPerfMemoryClass=>6, :gfxFeatureSetClass=>"APPLE5", :gfxFeatureSetFallbacks=>["APPLE4", "APPLE3", "APPLE3v1", "APPLE2", "APPLE1", "GLES2,0"], :featuresToRemove=>[], :supportsEmbeddedWatchApp=>false, :supportsEmbeddedUniversalWatchApp=>false, :hasSwiftRuntime=>true, :supportsEncryptionFormat2=>true, :supportsSwiftConcurrencyNatively=>false}}
    {:device=>{:target=>"j421ap", :productType=>"iPad8,12", :displayName=>"iPad Pro (12.9-inch) (4th generation)"}, :traits=>{:deploymentTarget=>#<Gem::Version "14.0">, :passDeploymentTargetToAssetutil=>true, :architecture=>"arm64e", :artworkDevIdiom=>"pad", :artworkHostedIdioms=>[], :artworkScaleFactor=>2, :artworkDevSubtype=>2732, :artworkDisplayGamut=>"P3", :devPerfMemoryClass=>6, :gfxFeatureSetClass=>"APPLE5", :gfxFeatureSetFallbacks=>["APPLE4", "APPLE3", "APPLE3v1", "APPLE2", "APPLE1", "GLES2,0"], :featuresToRemove=>[], :supportsEmbeddedWatchApp=>false, :supportsEmbeddedUniversalWatchApp=>false, :hasSwiftRuntime=>true, :supportsEncryptionFormat2=>true, :supportsSwiftConcurrencyNatively=>false}}
    {:device=>{:target=>"j317xap", :productType=>"iPad8,2", :displayName=>"iPad Pro (11-inch)"}, :traits=>{:deploymentTarget=>#<Gem::Version "12.0">, :passDeploymentTargetToAssetutil=>true, :architecture=>"arm64e", :artworkDevIdiom=>"pad", :artworkHostedIdioms=>[], :artworkScaleFactor=>2, :artworkDevSubtype=>2388, :artworkDisplayGamut=>"P3", :devPerfMemoryClass=>6, :gfxFeatureSetClass=>"MTL5,1", :gfxFeatureSetFallbacks=>["MTL4,1", "MTL3,2", "MTL3,1", "MTL2,2", "MTL1,2", "GLES2,0"], :featuresToRemove=>[], :supportsEmbeddedWatchApp=>false, :supportsEmbeddedUniversalWatchApp=>false, :hasSwiftRuntime=>false, :supportsEncryptionFormat2=>false, :supportsSwiftConcurrencyNatively=>false}}
    {:device=>{:target=>"j317xap", :productType=>"iPad8,2", :displayName=>"iPad Pro (11-inch)"}, :traits=>{:deploymentTarget=>#<Gem::Version "12.2">, :passDeploymentTargetToAssetutil=>true, :architecture=>"arm64e", :artworkDevIdiom=>"pad", :artworkHostedIdioms=>[], :artworkScaleFactor=>2, :artworkDevSubtype=>2388, :artworkDisplayGamut=>"P3", :devPerfMemoryClass=>6, :gfxFeatureSetClass=>"MTL5,1", :gfxFeatureSetFallbacks=>["MTL4,1", "MTL3,2", "MTL3,1", "MTL2,2", "MTL1,2", "GLES2,0"], :featuresToRemove=>[], :supportsEmbeddedWatchApp=>false, :supportsEmbeddedUniversalWatchApp=>false, :hasSwiftRuntime=>true, :supportsEncryptionFormat2=>false, :supportsSwiftConcurrencyNatively=>false}}
    {:device=>{:target=>"j317xap", :productType=>"iPad8,2", :displayName=>"iPad Pro (11-inch)"}, :traits=>{:deploymentTarget=>#<Gem::Version "
2023-02-11 02:20:26 +0000  13.0">, :passDeploymentTargetToAssetutil=>true, :architecture=>"arm64e", :artworkDevIdiom=>"pad", :artworkHostedIdioms=>[], :artworkScaleFactor=>2, :artworkDevSubtype=>2388, :artworkDisplayGamut=>"P3", :devPerfMemoryClass=>6, :gfxFeatureSetClass=>"APPLE5", :gfxFeatureSetFallbacks=>["APPLE4", "APPLE3", "APPLE3v1", "APPLE2", "APPLE1", "GLES2,0"], :featuresToRemove=>[], :supportsEmbeddedWatchApp=>false, :supportsEmbeddedUniversalWatchApp=>false, :hasSwiftRuntime=>true, :supportsEncryptionFormat2=>true, :supportsSwiftConcurrencyNatively=>false}}
    {:device=>{:target=>"j317xap", :productType=>"iPad8,2", :displayName=>"iPad Pro (11-inch)"}, :traits=>{:deploymentTarget=>#<Gem::Version "14.0">, :passDeploymentTargetToAssetutil=>true, :architecture=>"arm64e", :artworkDevIdiom=>"pad", :artworkHostedIdioms=>[], :artworkScaleFactor=>2, :artworkDevSubtype=>2388, :artworkDisplayGamut=>"P3", :devPerfMemoryClass=>6, :gfxFeatureSetClass=>"APPLE5", :gfxFeatureSetFallbacks=>["APPLE4", "APPLE3", "APPLE3v1", "APPLE2", "APPLE1", "GLES2,0"], :featuresToRemove=>[], :supportsEmbeddedWatchApp=>false, :supportsEmbeddedUniversalWatchApp=>false, :hasSwiftRuntime=>true, :supportsEncryptionFormat2=>true, :supportsSwiftConcurrencyNatively=>false}}
    {:device=>{:target=>"j318ap", :productType=>"iPad8,3", :displayName=>"iPad Pro (11-inch)"}, :traits=>{:deploymentTarget=>#<Gem::Version "12.0">, :passDeploymentTargetToAssetutil=>true, :architecture=>"arm64e", :artworkDevIdiom=>"pad", :artworkHostedIdioms=>[], :artworkScaleFactor=>2, :artworkDevSubtype=>2388, :artworkDisplayGamut=>"P3", :devPerfMemoryClass=>3, :gfxFeatureSetClass=>"MTL5,1", :gfxFeatureSetFallbacks=>["MTL4,1", "MTL3,2", "MTL3,1", "MTL2,2", "MTL1,2", "GLES2,0"], :featuresToRemove=>[], :supportsEmbeddedWatchApp=>false, :supportsEmbeddedUniversalWatchApp=>false, :hasSwiftRuntime=>false, :supportsEncryptionFormat2=>false, :supportsSwiftConcurrencyNatively=>false}}
    {:device=>{:target=>"j318ap", :productType=>"iPad8,3", :displayName=>"iPad Pro (11-inch)"}, :traits=>{:deploymentTarget=>#<Gem::Version "12.2">, :passDeploymentTargetToAssetutil=>true, :architecture=>"arm64e", :artworkDevIdiom=>"pad", :artworkHostedIdioms=>[], :artworkScaleFactor=>2, :artworkDevSubtype=>2388, :artworkDisplayGamut=>"P3", :devPerfMemoryClass=>3, :gfxFeatureSetClass=>"MTL5,1", :gfxFeatureSetFallbacks=>["MTL4,1", "MTL3,2", "MTL3,1", "MTL2,2", "MTL1,2", "GLES2,0"], :featuresToRemove=>[], :supportsEmbeddedWatchApp=>false, :supportsEmbeddedUniversalWatchApp=>false, :hasSwiftRuntime=>true, :supportsEncryptionFormat2=>false, :supportsSwiftConcurrencyNatively=>false}}
    {:device=>{:target=>"j318ap", :productType=>"iPad8,3", :displayName=>"iPad Pro (11-inch)"}, :traits=>{:deploymentTarget=>#<Gem::Version "13.0">, :passDeploymentTargetToAssetutil=>true, :architecture=>"arm64e", :artworkDevIdiom=>"pad", :artworkHostedIdioms=>[], :artworkScaleFactor=>2, :artworkDevSubtype=>2388, :artworkDisplayGamut=>"P3", :devPerfMemoryClass=>3, :gfxFeatureSetClass=>"APPLE5", :gfxFeatureSetFallbacks=>["APPLE4", "APPLE3", "APPLE3v1", "APPLE2", "APPLE1", "GLES2,0"], :featuresToRemove=>[], :supportsEmbeddedWatchApp=>false, :supportsEmbeddedUniversalWatchApp=>false, :hasSwiftRuntime=>true, :supportsEncryptionFormat2=>true, :supportsSwiftConcurrencyNatively=>false}}
    {:device=>{:target=>"j318ap", :productType=>"iPad8,3", :displayName=>"iPad Pro (11-inch)"}, :traits=>{:deploymentTarget=>#<Gem::Version "14.0">, :passDeploymentTargetToAssetutil=>true, :architecture=>"arm64e", :artworkDevIdiom=>"pad", :artworkHostedIdioms=>[], :artworkScaleFactor=>2, :artworkDevSubtype=>2388, :artworkDisplayGamut=>"P3", :devPerfMemoryClass=>3, :gfxFeatureSetClass=>"APPLE5", :gfxFeatureSetFallbacks=>["APPLE4", "APPLE3", "APPLE3v1", "APPLE2", "APPLE1", "GLES2,0"], :featuresToRemove=>[], :supportsEmbeddedWatchApp=>false, :supportsEmbeddedUniversalWatchApp=>false, :hasSwiftRuntime=>true, :supportsEncryptionFormat2=>true, :supportsSwiftConcurrencyNatively=>false}}
    {:device=>{:target=>"j318xap", :productType=>"iPad8,4", :displayName=>"iPad Pro (11-inch)"}, :trait
2023-02-11 02:20:26 +0000  s=>{:deploymentTarget=>#<Gem::Version "12.0">, :passDeploymentTargetToAssetutil=>true, :architecture=>"arm64e", :artworkDevIdiom=>"pad", :artworkHostedIdioms=>[], :artworkScaleFactor=>2, :artworkDevSubtype=>2388, :artworkDisplayGamut=>"P3", :devPerfMemoryClass=>6, :gfxFeatureSetClass=>"MTL5,1", :gfxFeatureSetFallbacks=>["MTL4,1", "MTL3,2", "MTL3,1", "MTL2,2", "MTL1,2", "GLES2,0"], :featuresToRemove=>[], :supportsEmbeddedWatchApp=>false, :supportsEmbeddedUniversalWatchApp=>false, :hasSwiftRuntime=>false, :supportsEncryptionFormat2=>false, :supportsSwiftConcurrencyNatively=>false}}
    {:device=>{:target=>"j318xap", :productType=>"iPad8,4", :displayName=>"iPad Pro (11-inch)"}, :traits=>{:deploymentTarget=>#<Gem::Version "12.2">, :passDeploymentTargetToAssetutil=>true, :architecture=>"arm64e", :artworkDevIdiom=>"pad", :artworkHostedIdioms=>[], :artworkScaleFactor=>2, :artworkDevSubtype=>2388, :artworkDisplayGamut=>"P3", :devPerfMemoryClass=>6, :gfxFeatureSetClass=>"MTL5,1", :gfxFeatureSetFallbacks=>["MTL4,1", "MTL3,2", "MTL3,1", "MTL2,2", "MTL1,2", "GLES2,0"], :featuresToRemove=>[], :supportsEmbeddedWatchApp=>false, :supportsEmbeddedUniversalWatchApp=>false, :hasSwiftRuntime=>true, :supportsEncryptionFormat2=>false, :supportsSwiftConcurrencyNatively=>false}}
    {:device=>{:target=>"j318xap", :productType=>"iPad8,4", :displayName=>"iPad Pro (11-inch)"}, :traits=>{:deploymentTarget=>#<Gem::Version "13.0">, :passDeploymentTargetToAssetutil=>true, :architecture=>"arm64e", :artworkDevIdiom=>"pad", :artworkHostedIdioms=>[], :artworkScaleFactor=>2, :artworkDevSubtype=>2388, :artworkDisplayGamut=>"P3", :devPerfMemoryClass=>6, :gfxFeatureSetClass=>"APPLE5", :gfxFeatureSetFallbacks=>["APPLE4", "APPLE3", "APPLE3v1", "APPLE2", "APPLE1", "GLES2,0"], :featuresToRemove=>[], :supportsEmbeddedWatchApp=>false, :supportsEmbeddedUniversalWatchApp=>false, :hasSwiftRuntime=>true, :supportsEncryptionFormat2=>true, :supportsSwiftConcurrencyNatively=>false}}
    {:device=>{:target=>"j318xap", :productType=>"iPad8,4", :displayName=>"iPad Pro (11-inch)"}, :traits=>{:deploymentTarget=>#<Gem::Version "14.0">, :passDeploymentTargetToAssetutil=>true, :architecture=>"arm64e", :artworkDevIdiom=>"pad", :artworkHostedIdioms=>[], :artworkScaleFactor=>2, :artworkDevSubtype=>2388, :artworkDisplayGamut=>"P3", :devPerfMemoryClass=>6, :gfxFeatureSetClass=>"APPLE5", :gfxFeatureSetFallbacks=>["APPLE4", "APPLE3", "APPLE3v1", "APPLE2", "APPLE1", "GLES2,0"], :featuresToRemove=>[], :supportsEmbeddedWatchApp=>false, :supportsEmbeddedUniversalWatchApp=>false, :hasSwiftRuntime=>true, :supportsEncryptionFormat2=>true, :supportsSwiftConcurrencyNatively=>false}}
    {:device=>{:target=>"j320ap", :productType=>"iPad8,5", :displayName=>"iPad Pro (12.9-inch) (3rd generation)"}, :traits=>{:deploymentTarget=>#<Gem::Version "12.0">, :passDeploymentTargetToAssetutil=>true, :architecture=>"arm64e", :artworkDevIdiom=>"pad", :artworkHostedIdioms=>[], :artworkScaleFactor=>2, :artworkDevSubtype=>2732, :artworkDisplayGamut=>"P3", :devPerfMemoryClass=>3, :gfxFeatureSetClass=>"MTL5,1", :gfxFeatureSetFallbacks=>["MTL4,1", "MTL3,2", "MTL3,1", "MTL2,2", "MTL1,2", "GLES2,0"], :featuresToRemove=>[], :supportsEmbeddedWatchApp=>false, :supportsEmbeddedUniversalWatchApp=>false, :hasSwiftRuntime=>false, :supportsEncryptionFormat2=>false, :supportsSwiftConcurrencyNatively=>false}}
    {:device=>{:target=>"j320ap", :productType=>"iPad8,5", :displayName=>"iPad Pro (12.9-inch) (3rd generation)"}, :traits=>{:deploymentTarget=>#<Gem::Version "12.2">, :passDeploymentTargetToAssetutil=>true, :architecture=>"arm64e", :artworkDevIdiom=>"pad", :artworkHostedIdioms=>[], :artworkScaleFactor=>2, :artworkDevSubtype=>2732, :artworkDisplayGamut=>"P3", :devPerfMemoryClass=>3, :gfxFeatureSetClass=>"MTL5,1", :gfxFeatureSetFallbacks=>["MTL4,1", "MTL3,2", "MTL3,1", "MTL2,2", "MTL1,2", "GLES2,0"], :featuresToRemove=>[], :supportsEmbeddedWatchApp=>false, :supportsEmbeddedUniversalWatchApp=>false, :hasSwiftRuntime=>true, :supportsEncryptionFormat2=>false, :supportsSwiftConcurrencyNatively=>false}}
    {:device=>{:target=>"
2023-02-11 02:20:26 +0000  j320ap", :productType=>"iPad8,5", :displayName=>"iPad Pro (12.9-inch) (3rd generation)"}, :traits=>{:deploymentTarget=>#<Gem::Version "13.0">, :passDeploymentTargetToAssetutil=>true, :architecture=>"arm64e", :artworkDevIdiom=>"pad", :artworkHostedIdioms=>[], :artworkScaleFactor=>2, :artworkDevSubtype=>2732, :artworkDisplayGamut=>"P3", :devPerfMemoryClass=>3, :gfxFeatureSetClass=>"APPLE5", :gfxFeatureSetFallbacks=>["APPLE4", "APPLE3", "APPLE3v1", "APPLE2", "APPLE1", "GLES2,0"], :featuresToRemove=>[], :supportsEmbeddedWatchApp=>false, :supportsEmbeddedUniversalWatchApp=>false, :hasSwiftRuntime=>true, :supportsEncryptionFormat2=>true, :supportsSwiftConcurrencyNatively=>false}}
    {:device=>{:target=>"j320ap", :productType=>"iPad8,5", :displayName=>"iPad Pro (12.9-inch) (3rd generation)"}, :traits=>{:deploymentTarget=>#<Gem::Version "14.0">, :passDeploymentTargetToAssetutil=>true, :architecture=>"arm64e", :artworkDevIdiom=>"pad", :artworkHostedIdioms=>[], :artworkScaleFactor=>2, :artworkDevSubtype=>2732, :artworkDisplayGamut=>"P3", :devPerfMemoryClass=>3, :gfxFeatureSetClass=>"APPLE5", :gfxFeatureSetFallbacks=>["APPLE4", "APPLE3", "APPLE3v1", "APPLE2", "APPLE1", "GLES2,0"], :featuresToRemove=>[], :supportsEmbeddedWatchApp=>false, :supportsEmbeddedUniversalWatchApp=>false, :hasSwiftRuntime=>true, :supportsEncryptionFormat2=>true, :supportsSwiftConcurrencyNatively=>false}}
    {:device=>{:target=>"j320xap", :productType=>"iPad8,6", :displayName=>"iPad Pro (12.9-inch) (3rd generation)"}, :traits=>{:deploymentTarget=>#<Gem::Version "12.0">, :passDeploymentTargetToAssetutil=>true, :architecture=>"arm64e", :artworkDevIdiom=>"pad", :artworkHostedIdioms=>[], :artworkScaleFactor=>2, :artworkDevSubtype=>2732, :artworkDisplayGamut=>"P3", :devPerfMemoryClass=>6, :gfxFeatureSetClass=>"MTL5,1", :gfxFeatureSetFallbacks=>["MTL4,1", "MTL3,2", "MTL3,1", "MTL2,2", "MTL1,2", "GLES2,0"], :featuresToRemove=>[], :supportsEmbeddedWatchApp=>false, :supportsEmbeddedUniversalWatchApp=>false, :hasSwiftRuntime=>false, :supportsEncryptionFormat2=>false, :supportsSwiftConcurrencyNatively=>false}}
    {:device=>{:target=>"j320xap", :productType=>"iPad8,6", :displayName=>"iPad Pro (12.9-inch) (3rd generation)"}, :traits=>{:deploymentTarget=>#<Gem::Version "12.2">, :passDeploymentTargetToAssetutil=>true, :architecture=>"arm64e", :artworkDevIdiom=>"pad", :artworkHostedIdioms=>[], :artworkScaleFactor=>2, :artworkDevSubtype=>2732, :artworkDisplayGamut=>"P3", :devPerfMemoryClass=>6, :gfxFeatureSetClass=>"MTL5,1", :gfxFeatureSetFallbacks=>["MTL4,1", "MTL3,2", "MTL3,1", "MTL2,2", "MTL1,2", "GLES2,0"], :featuresToRemove=>[], :supportsEmbeddedWatchApp=>false, :supportsEmbeddedUniversalWatchApp=>false, :hasSwiftRuntime=>true, :supportsEncryptionFormat2=>false, :supportsSwiftConcurrencyNatively=>false}}
    {:device=>{:target=>"j320xap", :productType=>"iPad8,6", :displayName=>"iPad Pro (12.9-inch) (3rd generation)"}, :traits=>{:deploymentTarget=>#<Gem::Version "13.0">, :passDeploymentTargetToAssetutil=>true, :architecture=>"arm64e", :artworkDevIdiom=>"pad", :artworkHostedIdioms=>[], :artworkScaleFactor=>2, :artworkDevSubtype=>2732, :artworkDisplayGamut=>"P3", :devPerfMemoryClass=>6, :gfxFeatureSetClass=>"APPLE5", :gfxFeatureSetFallbacks=>["APPLE4", "APPLE3", "APPLE3v1", "APPLE2", "APPLE1", "GLES2,0"], :featuresToRemove=>[], :supportsEmbeddedWatchApp=>false, :supportsEmbeddedUniversalWatchApp=>false, :hasSwiftRuntime=>true, :supportsEncryptionFormat2=>true, :supportsSwiftConcurrencyNatively=>false}}
    {:device=>{:target=>"j320xap", :productType=>"iPad8,6", :displayName=>"iPad Pro (12.9-inch) (3rd generation)"}, :traits=>{:deploymentTarget=>#<Gem::Version "14.0">, :passDeploymentTargetToAssetutil=>true, :architecture=>"arm64e", :artworkDevIdiom=>"pad", :artworkHostedIdioms=>[], :artworkScaleFactor=>2, :artworkDevSubtype=>2732, :artworkDisplayGamut=>"P3", :devPerfMemoryClass=>6, :gfxFeatureSetClass=>"APPLE5", :gfxFeatureSetFallbacks=>["APPLE4", "APPLE3", "APPLE3v1", "APPLE2", "APPLE1", "GLES2,0"], :featuresToRemove=>[], :supportsEmbeddedWatchApp=>false, :supportsEmbed
2023-02-11 02:20:26 +0000  dedUniversalWatchApp=>false, :hasSwiftRuntime=>true, :supportsEncryptionFormat2=>true, :supportsSwiftConcurrencyNatively=>false}}
    {:device=>{:target=>"j321ap", :productType=>"iPad8,7", :displayName=>"iPad Pro (12.9-inch) (3rd generation)"}, :traits=>{:deploymentTarget=>#<Gem::Version "12.0">, :passDeploymentTargetToAssetutil=>true, :architecture=>"arm64e", :artworkDevIdiom=>"pad", :artworkHostedIdioms=>[], :artworkScaleFactor=>2, :artworkDevSubtype=>2732, :artworkDisplayGamut=>"P3", :devPerfMemoryClass=>3, :gfxFeatureSetClass=>"MTL5,1", :gfxFeatureSetFallbacks=>["MTL4,1", "MTL3,2", "MTL3,1", "MTL2,2", "MTL1,2", "GLES2,0"], :featuresToRemove=>[], :supportsEmbeddedWatchApp=>false, :supportsEmbeddedUniversalWatchApp=>false, :hasSwiftRuntime=>false, :supportsEncryptionFormat2=>false, :supportsSwiftConcurrencyNatively=>false}}
    {:device=>{:target=>"j321ap", :productType=>"iPad8,7", :displayName=>"iPad Pro (12.9-inch) (3rd generation)"}, :traits=>{:deploymentTarget=>#<Gem::Version "12.2">, :passDeploymentTargetToAssetutil=>true, :architecture=>"arm64e", :artworkDevIdiom=>"pad", :artworkHostedIdioms=>[], :artworkScaleFactor=>2, :artworkDevSubtype=>2732, :artworkDisplayGamut=>"P3", :devPerfMemoryClass=>3, :gfxFeatureSetClass=>"MTL5,1", :gfxFeatureSetFallbacks=>["MTL4,1", "MTL3,2", "MTL3,1", "MTL2,2", "MTL1,2", "GLES2,0"], :featuresToRemove=>[], :supportsEmbeddedWatchApp=>false, :supportsEmbeddedUniversalWatchApp=>false, :hasSwiftRuntime=>true, :supportsEncryptionFormat2=>false, :supportsSwiftConcurrencyNatively=>false}}
    {:device=>{:target=>"j321ap", :productType=>"iPad8,7", :displayName=>"iPad Pro (12.9-inch) (3rd generation)"}, :traits=>{:deploymentTarget=>#<Gem::Version "13.0">, :passDeploymentTargetToAssetutil=>true, :architecture=>"arm64e", :artworkDevIdiom=>"pad", :artworkHostedIdioms=>[], :artworkScaleFactor=>2, :artworkDevSubtype=>2732, :artworkDisplayGamut=>"P3", :devPerfMemoryClass=>3, :gfxFeatureSetClass=>"APPLE5", :gfxFeatureSetFallbacks=>["APPLE4", "APPLE3", "APPLE3v1", "APPLE2", "APPLE1", "GLES2,0"], :featuresToRemove=>[], :supportsEmbeddedWatchApp=>false, :supportsEmbeddedUniversalWatchApp=>false, :hasSwiftRuntime=>true, :supportsEncryptionFormat2=>true, :supportsSwiftConcurrencyNatively=>false}}
    {:device=>{:target=>"j321ap", :productType=>"iPad8,7", :displayName=>"iPad Pro (12.9-inch) (3rd generation)"}, :traits=>{:deploymentTarget=>#<Gem::Version "14.0">, :passDeploymentTargetToAssetutil=>true, :architecture=>"arm64e", :artworkDevIdiom=>"pad", :artworkHostedIdioms=>[], :artworkScaleFactor=>2, :artworkDevSubtype=>2732, :artworkDisplayGamut=>"P3", :devPerfMemoryClass=>3, :gfxFeatureSetClass=>"APPLE5", :gfxFeatureSetFallbacks=>["APPLE4", "APPLE3", "APPLE3v1", "APPLE2", "APPLE1", "GLES2,0"], :featuresToRemove=>[], :supportsEmbeddedWatchApp=>false, :supportsEmbeddedUniversalWatchApp=>false, :hasSwiftRuntime=>true, :supportsEncryptionFormat2=>true, :supportsSwiftConcurrencyNatively=>false}}
    {:device=>{:target=>"j321xap", :productType=>"iPad8,8", :displayName=>"iPad Pro (12.9-inch) (3rd generation)"}, :traits=>{:deploymentTarget=>#<Gem::Version "12.0">, :passDeploymentTargetToAssetutil=>true, :architecture=>"arm64e", :artworkDevIdiom=>"pad", :artworkHostedIdioms=>[], :artworkScaleFactor=>2, :artworkDevSubtype=>2732, :artworkDisplayGamut=>"P3", :devPerfMemoryClass=>6, :gfxFeatureSetClass=>"MTL5,1", :gfxFeatureSetFallbacks=>["MTL4,1", "MTL3,2", "MTL3,1", "MTL2,2", "MTL1,2", "GLES2,0"], :featuresToRemove=>[], :supportsEmbeddedWatchApp=>false, :supportsEmbeddedUniversalWatchApp=>false, :hasSwiftRuntime=>false, :supportsEncryptionFormat2=>false, :supportsSwiftConcurrencyNatively=>false}}
    {:device=>{:target=>"j321xap", :productType=>"iPad8,8", :displayName=>"iPad Pro (12.9-inch) (3rd generation)"}, :traits=>{:deploymentTarget=>#<Gem::Version "12.2">, :passDeploymentTargetToAssetutil=>true, :architecture=>"arm64e", :artworkDevIdiom=>"pad", :artworkHostedIdioms=>[], :artworkScaleFactor=>2, :artworkDevSubtype=>2732, :artworkDisplayGamut=>"P3", :devPerfMemoryClass=>6, :gfxFeatureSetClass=>"MTL5,1", :gfxFeat
2023-02-11 02:20:26 +0000  ureSetFallbacks=>["MTL4,1", "MTL3,2", "MTL3,1", "MTL2,2", "MTL1,2", "GLES2,0"], :featuresToRemove=>[], :supportsEmbeddedWatchApp=>false, :supportsEmbeddedUniversalWatchApp=>false, :hasSwiftRuntime=>true, :supportsEncryptionFormat2=>false, :supportsSwiftConcurrencyNatively=>false}}
    {:device=>{:target=>"j321xap", :productType=>"iPad8,8", :displayName=>"iPad Pro (12.9-inch) (3rd generation)"}, :traits=>{:deploymentTarget=>#<Gem::Version "13.0">, :passDeploymentTargetToAssetutil=>true, :architecture=>"arm64e", :artworkDevIdiom=>"pad", :artworkHostedIdioms=>[], :artworkScaleFactor=>2, :artworkDevSubtype=>2732, :artworkDisplayGamut=>"P3", :devPerfMemoryClass=>6, :gfxFeatureSetClass=>"APPLE5", :gfxFeatureSetFallbacks=>["APPLE4", "APPLE3", "APPLE3v1", "APPLE2", "APPLE1", "GLES2,0"], :featuresToRemove=>[], :supportsEmbeddedWatchApp=>false, :supportsEmbeddedUniversalWatchApp=>false, :hasSwiftRuntime=>true, :supportsEncryptionFormat2=>true, :supportsSwiftConcurrencyNatively=>false}}
    {:device=>{:target=>"j321xap", :productType=>"iPad8,8", :displayName=>"iPad Pro (12.9-inch) (3rd generation)"}, :traits=>{:deploymentTarget=>#<Gem::Version "14.0">, :passDeploymentTargetToAssetutil=>true, :architecture=>"arm64e", :artworkDevIdiom=>"pad", :artworkHostedIdioms=>[], :artworkScaleFactor=>2, :artworkDevSubtype=>2732, :artworkDisplayGamut=>"P3", :devPerfMemoryClass=>6, :gfxFeatureSetClass=>"APPLE5", :gfxFeatureSetFallbacks=>["APPLE4", "APPLE3", "APPLE3v1", "APPLE2", "APPLE1", "GLES2,0"], :featuresToRemove=>[], :supportsEmbeddedWatchApp=>false, :supportsEmbeddedUniversalWatchApp=>false, :hasSwiftRuntime=>true, :supportsEncryptionFormat2=>true, :supportsSwiftConcurrencyNatively=>false}}
    {:device=>{:target=>"j417ap", :productType=>"iPad8,9", :displayName=>"iPad Pro (11-inch) (2nd generation)"}, :traits=>{:deploymentTarget=>#<Gem::Version "13.0">, :passDeploymentTargetToAssetutil=>true, :architecture=>"arm64e", :artworkDevIdiom=>"pad", :artworkHostedIdioms=>[], :artworkScaleFactor=>2, :artworkDevSubtype=>2388, :artworkDisplayGamut=>"P3", :devPerfMemoryClass=>6, :gfxFeatureSetClass=>"APPLE5", :gfxFeatureSetFallbacks=>["APPLE4", "APPLE3", "APPLE3v1", "APPLE2", "APPLE1", "GLES2,0"], :featuresToRemove=>[], :supportsEmbeddedWatchApp=>false, :supportsEmbeddedUniversalWatchApp=>false, :hasSwiftRuntime=>true, :supportsEncryptionFormat2=>true, :supportsSwiftConcurrencyNatively=>false}}
    {:device=>{:target=>"j417ap", :productType=>"iPad8,9", :displayName=>"iPad Pro (11-inch) (2nd generation)"}, :traits=>{:deploymentTarget=>#<Gem::Version "14.0">, :passDeploymentTargetToAssetutil=>true, :architecture=>"arm64e", :artworkDevIdiom=>"pad", :artworkHostedIdioms=>[], :artworkScaleFactor=>2, :artworkDevSubtype=>2388, :artworkDisplayGamut=>"P3", :devPerfMemoryClass=>6, :gfxFeatureSetClass=>"APPLE5", :gfxFeatureSetFallbacks=>["APPLE4", "APPLE3", "APPLE3v1", "APPLE2", "APPLE1", "GLES2,0"], :featuresToRemove=>[], :supportsEmbeddedWatchApp=>false, :supportsEmbeddedUniversalWatchApp=>false, :hasSwiftRuntime=>true, :supportsEncryptionFormat2=>true, :supportsSwiftConcurrencyNatively=>false}}
    {:device=>{:target=>"d20ap", :productType=>"iPhone10,1", :displayName=>"iPhone 8"}, :traits=>{:deploymentTarget=>#<Gem::Version "11.0">, :passDeploymentTargetToAssetutil=>false, :architecture=>"arm64", :artworkDevIdiom=>"phone", :artworkHostedIdioms=>["car"], :artworkScaleFactor=>2, :artworkDevSubtype=>569, :artworkDisplayGamut=>"P3", :devPerfMemoryClass=>2, :gfxFeatureSetClass=>"APPLE4", :gfxFeatureSetFallbacks=>["APPLE3", "APPLE3v1", "APPLE2", "APPLE1", "GLES2,0"], :featuresToRemove=>[], :supportsEmbeddedWatchApp=>true, :supportsEmbeddedUniversalWatchApp=>false, :hasSwiftRuntime=>false, :supportsEncryptionFormat2=>false, :supportsSwiftConcurrencyNatively=>false}}
    {:device=>{:target=>"d20ap", :productType=>"iPhone10,1", :displayName=>"iPhone 8"}, :traits=>{:deploymentTarget=>#<Gem::Version "12.0">, :passDeploymentTargetToAssetutil=>true, :architecture=>"arm64", :artworkDevIdiom=>"phone", :artworkHostedIdioms=>["car", "watch"], :artworkScaleFactor=>2, :artworkDe
2023-02-11 02:20:26 +0000  vSubtype=>569, :artworkDisplayGamut=>"P3", :devPerfMemoryClass=>2, :gfxFeatureSetClass=>"MTL4,1", :gfxFeatureSetFallbacks=>["MTL3,2", "MTL3,1", "MTL2,2", "MTL1,2", "GLES2,0"], :featuresToRemove=>[], :supportsEmbeddedWatchApp=>true, :supportsEmbeddedUniversalWatchApp=>true, :hasSwiftRuntime=>false, :supportsEncryptionFormat2=>false, :supportsSwiftConcurrencyNatively=>false}}
    {:device=>{:target=>"d20ap", :productType=>"iPhone10,1", :displayName=>"iPhone 8"}, :traits=>{:deploymentTarget=>#<Gem::Version "12.2">, :passDeploymentTargetToAssetutil=>true, :architecture=>"arm64", :artworkDevIdiom=>"phone", :artworkHostedIdioms=>["car", "watch"], :artworkScaleFactor=>2, :artworkDevSubtype=>569, :artworkDisplayGamut=>"P3", :devPerfMemoryClass=>2, :gfxFeatureSetClass=>"MTL4,1", :gfxFeatureSetFallbacks=>["MTL3,2", "MTL3,1", "MTL2,2", "MTL1,2", "GLES2,0"], :featuresToRemove=>[], :supportsEmbeddedWatchApp=>true, :supportsEmbeddedUniversalWatchApp=>true, :hasSwiftRuntime=>true, :supportsEncryptionFormat2=>false, :supportsSwiftConcurrencyNatively=>false}}
    {:device=>{:target=>"d20ap", :productType=>"iPhone10,1", :displayName=>"iPhone 8"}, :traits=>{:deploymentTarget=>#<Gem::Version "13.0">, :passDeploymentTargetToAssetutil=>true, :architecture=>"arm64", :artworkDevIdiom=>"phone", :artworkHostedIdioms=>["car"], :artworkScaleFactor=>2, :artworkDevSubtype=>569, :artworkDisplayGamut=>"P3", :devPerfMemoryClass=>2, :gfxFeatureSetClass=>"APPLE4", :gfxFeatureSetFallbacks=>["APPLE3", "APPLE3v1", "APPLE2", "APPLE1", "GLES2,0"], :featuresToRemove=>[], :supportsEmbeddedWatchApp=>false, :supportsEmbeddedUniversalWatchApp=>false, :hasSwiftRuntime=>true, :supportsEncryptionFormat2=>true, :supportsSwiftConcurrencyNatively=>false}}
    {:device=>{:target=>"d20ap", :productType=>"iPhone10,1", :displayName=>"iPhone 8"}, :traits=>{:deploymentTarget=>#<Gem::Version "14.0">, :passDeploymentTargetToAssetutil=>true, :architecture=>"arm64", :artworkDevIdiom=>"phone", :artworkHostedIdioms=>["car"], :artworkScaleFactor=>2, :artworkDevSubtype=>569, :artworkDisplayGamut=>"P3", :devPerfMemoryClass=>2, :gfxFeatureSetClass=>"APPLE4", :gfxFeatureSetFallbacks=>["APPLE3", "APPLE3v1", "APPLE2", "APPLE1", "GLES2,0"], :featuresToRemove=>[], :supportsEmbeddedWatchApp=>false, :supportsEmbeddedUniversalWatchApp=>false, :hasSwiftRuntime=>true, :supportsEncryptionFormat2=>true, :supportsSwiftConcurrencyNatively=>false}}
    {:device=>{:target=>"d21ap", :productType=>"iPhone10,2", :displayName=>"iPhone 8 Plus"}, :traits=>{:deploymentTarget=>#<Gem::Version "11.0">, :passDeploymentTargetToAssetutil=>false, :architecture=>"arm64", :artworkDevIdiom=>"phone", :artworkHostedIdioms=>["car"], :artworkScaleFactor=>3, :artworkDevSubtype=>570, :artworkDisplayGamut=>"P3", :devPerfMemoryClass=>4, :gfxFeatureSetClass=>"APPLE4", :gfxFeatureSetFallbacks=>["APPLE3", "APPLE3v1", "APPLE2", "APPLE1", "GLES2,0"], :featuresToRemove=>[], :supportsEmbeddedWatchApp=>true, :supportsEmbeddedUniversalWatchApp=>false, :hasSwiftRuntime=>false, :supportsEncryptionFormat2=>false, :supportsSwiftConcurrencyNatively=>false}}
    {:device=>{:target=>"d21ap", :productType=>"iPhone10,2", :displayName=>"iPhone 8 Plus"}, :traits=>{:deploymentTarget=>#<Gem::Version "12.0">, :passDeploymentTargetToAssetutil=>true, :architecture=>"arm64", :artworkDevIdiom=>"phone", :artworkHostedIdioms=>["car", "watch"], :artworkScaleFactor=>3, :artworkDevSubtype=>570, :artworkDisplayGamut=>"P3", :devPerfMemoryClass=>4, :gfxFeatureSetClass=>"MTL4,1", :gfxFeatureSetFallbacks=>["MTL3,2", "MTL3,1", "MTL2,2", "MTL1,2", "GLES2,0"], :featuresToRemove=>[], :supportsEmbeddedWatchApp=>true, :supportsEmbeddedUniversalWatchApp=>true, :hasSwiftRuntime=>false, :supportsEncryptionFormat2=>false, :supportsSwiftConcurrencyNatively=>false}}
    {:device=>{:target=>"d21ap", :productType=>"iPhone10,2", :displayName=>"iPhone 8 Plus"}, :traits=>{:deploymentTarget=>#<Gem::Version "12.2">, :passDeploymentTargetToAssetutil=>true, :architecture=>"arm64", :artworkDevIdiom=>"phone", :artworkHostedIdioms=>["car", "watch"], :artworkScaleFactor=>3, :artworkDevSu
2023-02-11 02:20:26 +0000  btype=>570, :artworkDisplayGamut=>"P3", :devPerfMemoryClass=>4, :gfxFeatureSetClass=>"MTL4,1", :gfxFeatureSetFallbacks=>["MTL3,2", "MTL3,1", "MTL2,2", "MTL1,2", "GLES2,0"], :featuresToRemove=>[], :supportsEmbeddedWatchApp=>true, :supportsEmbeddedUniversalWatchApp=>true, :hasSwiftRuntime=>true, :supportsEncryptionFormat2=>false, :supportsSwiftConcurrencyNatively=>false}}
    {:device=>{:target=>"d21ap", :productType=>"iPhone10,2", :displayName=>"iPhone 8 Plus"}, :traits=>{:deploymentTarget=>#<Gem::Version "13.0">, :passDeploymentTargetToAssetutil=>true, :architecture=>"arm64", :artworkDevIdiom=>"phone", :artworkHostedIdioms=>["car"], :artworkScaleFactor=>3, :artworkDevSubtype=>570, :artworkDisplayGamut=>"P3", :devPerfMemoryClass=>4, :gfxFeatureSetClass=>"APPLE4", :gfxFeatureSetFallbacks=>["APPLE3", "APPLE3v1", "APPLE2", "APPLE1", "GLES2,0"], :featuresToRemove=>[], :supportsEmbeddedWatchApp=>false, :supportsEmbeddedUniversalWatchApp=>false, :hasSwiftRuntime=>true, :supportsEncryptionFormat2=>true, :supportsSwiftConcurrencyNatively=>false}}
    {:device=>{:target=>"d21ap", :productType=>"iPhone10,2", :displayName=>"iPhone 8 Plus"}, :traits=>{:deploymentTarget=>#<Gem::Version "14.0">, :passDeploymentTargetToAssetutil=>true, :architecture=>"arm64", :artworkDevIdiom=>"phone", :artworkHostedIdioms=>["car"], :artworkScaleFactor=>3, :artworkDevSubtype=>570, :artworkDisplayGamut=>"P3", :devPerfMemoryClass=>4, :gfxFeatureSetClass=>"APPLE4", :gfxFeatureSetFallbacks=>["APPLE3", "APPLE3v1", "APPLE2", "APPLE1", "GLES2,0"], :featuresToRemove=>[], :supportsEmbeddedWatchApp=>false, :supportsEmbeddedUniversalWatchApp=>false, :hasSwiftRuntime=>true, :supportsEncryptionFormat2=>true, :supportsSwiftConcurrencyNatively=>false}}
    {:device=>{:target=>"d22ap", :productType=>"iPhone10,3", :displayName=>"iPhone X"}, :traits=>{:deploymentTarget=>#<Gem::Version "11.0">, :passDeploymentTargetToAssetutil=>false, :architecture=>"arm64", :artworkDevIdiom=>"phone", :artworkHostedIdioms=>["car"], :artworkScaleFactor=>3, :artworkDevSubtype=>2436, :artworkDisplayGamut=>"P3", :devPerfMemoryClass=>4, :gfxFeatureSetClass=>"APPLE4", :gfxFeatureSetFallbacks=>["APPLE3", "APPLE3v1", "APPLE2", "APPLE1", "GLES2,0"], :featuresToRemove=>[], :supportsEmbeddedWatchApp=>true, :supportsEmbeddedUniversalWatchApp=>false, :hasSwiftRuntime=>false, :supportsEncryptionFormat2=>false, :supportsSwiftConcurrencyNatively=>false}}
    {:device=>{:target=>"d22ap", :productType=>"iPhone10,3", :displayName=>"iPhone X"}, :traits=>{:deploymentTarget=>#<Gem::Version "12.0">, :passDeploymentTargetToAssetutil=>true, :architecture=>"arm64", :artworkDevIdiom=>"phone", :artworkHostedIdioms=>["car", "watch"], :artworkScaleFactor=>3, :artworkDevSubtype=>2436, :artworkDisplayGamut=>"P3", :devPerfMemoryClass=>4, :gfxFeatureSetClass=>"MTL4,1", :gfxFeatureSetFallbacks=>["MTL3,2", "MTL3,1", "MTL2,2", "MTL1,2", "GLES2,0"], :featuresToRemove=>[], :supportsEmbeddedWatchApp=>true, :supportsEmbeddedUniversalWatchApp=>true, :hasSwiftRuntime=>false, :supportsEncryptionFormat2=>false, :supportsSwiftConcurrencyNatively=>false}}
    {:device=>{:target=>"d22ap", :productType=>"iPhone10,3", :displayName=>"iPhone X"}, :traits=>{:deploymentTarget=>#<Gem::Version "12.2">, :passDeploymentTargetToAssetutil=>true, :architecture=>"arm64", :artworkDevIdiom=>"phone", :artworkHostedIdioms=>["car", "watch"], :artworkScaleFactor=>3, :artworkDevSubtype=>2436, :artworkDisplayGamut=>"P3", :devPerfMemoryClass=>4, :gfxFeatureSetClass=>"MTL4,1", :gfxFeatureSetFallbacks=>["MTL3,2", "MTL3,1", "MTL2,2", "MTL1,2", "GLES2,0"], :featuresToRemove=>[], :supportsEmbeddedWatchApp=>true, :supportsEmbeddedUniversalWatchApp=>true, :hasSwiftRuntime=>true, :supportsEncryptionFormat2=>false, :supportsSwiftConcurrencyNatively=>false}}
    {:device=>{:target=>"d22ap", :productType=>"iPhone10,3", :displayName=>"iPhone X"}, :traits=>{:deploymentTarget=>#<Gem::Version "13.0">, :passDeploymentTargetToAssetutil=>true, :architecture=>"arm64", :artworkDevIdiom=>"phone", :artworkHostedIdioms=>["car"], :artworkScaleFactor=>3, :artworkDevSubtype=>2436, :a
2023-02-11 02:20:26 +0000  rtworkDisplayGamut=>"P3", :devPerfMemoryClass=>4, :gfxFeatureSetClass=>"APPLE4", :gfxFeatureSetFallbacks=>["APPLE3", "APPLE3v1", "APPLE2", "APPLE1", "GLES2,0"], :featuresToRemove=>[], :supportsEmbeddedWatchApp=>false, :supportsEmbeddedUniversalWatchApp=>false, :hasSwiftRuntime=>true, :supportsEncryptionFormat2=>true, :supportsSwiftConcurrencyNatively=>false}}
    {:device=>{:target=>"d22ap", :productType=>"iPhone10,3", :displayName=>"iPhone X"}, :traits=>{:deploymentTarget=>#<Gem::Version "14.0">, :passDeploymentTargetToAssetutil=>true, :architecture=>"arm64", :artworkDevIdiom=>"phone", :artworkHostedIdioms=>["car"], :artworkScaleFactor=>3, :artworkDevSubtype=>2436, :artworkDisplayGamut=>"P3", :devPerfMemoryClass=>4, :gfxFeatureSetClass=>"APPLE4", :gfxFeatureSetFallbacks=>["APPLE3", "APPLE3v1", "APPLE2", "APPLE1", "GLES2,0"], :featuresToRemove=>[], :supportsEmbeddedWatchApp=>false, :supportsEmbeddedUniversalWatchApp=>false, :hasSwiftRuntime=>true, :supportsEncryptionFormat2=>true, :supportsSwiftConcurrencyNatively=>false}}
    {:device=>{:target=>"d201ap", :productType=>"iPhone10,4", :displayName=>"iPhone 8"}, :traits=>{:deploymentTarget=>#<Gem::Version "11.0">, :passDeploymentTargetToAssetutil=>false, :architecture=>"arm64", :artworkDevIdiom=>"phone", :artworkHostedIdioms=>["car"], :artworkScaleFactor=>2, :artworkDevSubtype=>569, :artworkDisplayGamut=>"P3", :devPerfMemoryClass=>2, :gfxFeatureSetClass=>"APPLE4", :gfxFeatureSetFallbacks=>["APPLE3", "APPLE3v1", "APPLE2", "APPLE1", "GLES2,0"], :featuresToRemove=>[], :supportsEmbeddedWatchApp=>true, :supportsEmbeddedUniversalWatchApp=>false, :hasSwiftRuntime=>false, :supportsEncryptionFormat2=>false, :supportsSwiftConcurrencyNatively=>false}}
    {:device=>{:target=>"d201ap", :productType=>"iPhone10,4", :displayName=>"iPhone 8"}, :traits=>{:deploymentTarget=>#<Gem::Version "12.0">, :passDeploymentTargetToAssetutil=>true, :architecture=>"arm64", :artworkDevIdiom=>"phone", :artworkHostedIdioms=>["car", "watch"], :artworkScaleFactor=>2, :artworkDevSubtype=>569, :artworkDisplayGamut=>"P3", :devPerfMemoryClass=>2, :gfxFeatureSetClass=>"MTL4,1", :gfxFeatureSetFallbacks=>["MTL3,2", "MTL3,1", "MTL2,2", "MTL1,2", "GLES2,0"], :featuresToRemove=>[], :supportsEmbeddedWatchApp=>true, :supportsEmbeddedUniversalWatchApp=>true, :hasSwiftRuntime=>false, :supportsEncryptionFormat2=>false, :supportsSwiftConcurrencyNatively=>false}}
    {:device=>{:target=>"d201ap", :productType=>"iPhone10,4", :displayName=>"iPhone 8"}, :traits=>{:deploymentTarget=>#<Gem::Version "12.2">, :passDeploymentTargetToAssetutil=>true, :architecture=>"arm64", :artworkDevIdiom=>"phone", :artworkHostedIdioms=>["car", "watch"], :artworkScaleFactor=>2, :artworkDevSubtype=>569, :artworkDisplayGamut=>"P3", :devPerfMemoryClass=>2, :gfxFeatureSetClass=>"MTL4,1", :gfxFeatureSetFallbacks=>["MTL3,2", "MTL3,1", "MTL2,2", "MTL1,2", "GLES2,0"], :featuresToRemove=>[], :supportsEmbeddedWatchApp=>true, :supportsEmbeddedUniversalWatchApp=>true, :hasSwiftRuntime=>true, :supportsEncryptionFormat2=>false, :supportsSwiftConcurrencyNatively=>false}}
    {:device=>{:target=>"d201ap", :productType=>"iPhone10,4", :displayName=>"iPhone 8"}, :traits=>{:deploymentTarget=>#<Gem::Version "13.0">, :passDeploymentTargetToAssetutil=>true, :architecture=>"arm64", :artworkDevIdiom=>"phone", :artworkHostedIdioms=>["car"], :artworkScaleFactor=>2, :artworkDevSubtype=>569, :artworkDisplayGamut=>"P3", :devPerfMemoryClass=>2, :gfxFeatureSetClass=>"APPLE4", :gfxFeatureSetFallbacks=>["APPLE3", "APPLE3v1", "APPLE2", "APPLE1", "GLES2,0"], :featuresToRemove=>[], :supportsEmbeddedWatchApp=>false, :supportsEmbeddedUniversalWatchApp=>false, :hasSwiftRuntime=>true, :supportsEncryptionFormat2=>true, :supportsSwiftConcurrencyNatively=>false}}
    {:device=>{:target=>"d201ap", :productType=>"iPhone10,4", :displayName=>"iPhone 8"}, :traits=>{:deploymentTarget=>#<Gem::Version "14.0">, :passDeploymentTargetToAssetutil=>true, :architecture=>"arm64", :artworkDevIdiom=>"phone", :artworkHostedIdioms=>["car"], :artworkScaleFactor=>2, :artworkDevSubtype=>569, :artworkDisplayGamut=
2023-02-11 02:20:26 +0000  >"P3", :devPerfMemoryClass=>2, :gfxFeatureSetClass=>"APPLE4", :gfxFeatureSetFallbacks=>["APPLE3", "APPLE3v1", "APPLE2", "APPLE1", "GLES2,0"], :featuresToRemove=>[], :supportsEmbeddedWatchApp=>false, :supportsEmbeddedUniversalWatchApp=>false, :hasSwiftRuntime=>true, :supportsEncryptionFormat2=>true, :supportsSwiftConcurrencyNatively=>false}}
    {:device=>{:target=>"d211ap", :productType=>"iPhone10,5", :displayName=>"iPhone 8 Plus"}, :traits=>{:deploymentTarget=>#<Gem::Version "11.0">, :passDeploymentTargetToAssetutil=>false, :architecture=>"arm64", :artworkDevIdiom=>"phone", :artworkHostedIdioms=>["car"], :artworkScaleFactor=>3, :artworkDevSubtype=>570, :artworkDisplayGamut=>"P3", :devPerfMemoryClass=>4, :gfxFeatureSetClass=>"APPLE4", :gfxFeatureSetFallbacks=>["APPLE3", "APPLE3v1", "APPLE2", "APPLE1", "GLES2,0"], :featuresToRemove=>[], :supportsEmbeddedWatchApp=>true, :supportsEmbeddedUniversalWatchApp=>false, :hasSwiftRuntime=>false, :supportsEncryptionFormat2=>false, :supportsSwiftConcurrencyNatively=>false}}
    {:device=>{:target=>"d211ap", :productType=>"iPhone10,5", :displayName=>"iPhone 8 Plus"}, :traits=>{:deploymentTarget=>#<Gem::Version "12.0">, :passDeploymentTargetToAssetutil=>true, :architecture=>"arm64", :artworkDevIdiom=>"phone", :artworkHostedIdioms=>["car", "watch"], :artworkScaleFactor=>3, :artworkDevSubtype=>570, :artworkDisplayGamut=>"P3", :devPerfMemoryClass=>4, :gfxFeatureSetClass=>"MTL4,1", :gfxFeatureSetFallbacks=>["MTL3,2", "MTL3,1", "MTL2,2", "MTL1,2", "GLES2,0"], :featuresToRemove=>[], :supportsEmbeddedWatchApp=>true, :supportsEmbeddedUniversalWatchApp=>true, :hasSwiftRuntime=>false, :supportsEncryptionFormat2=>false, :supportsSwiftConcurrencyNatively=>false}}
    {:device=>{:target=>"d211ap", :productType=>"iPhone10,5", :displayName=>"iPhone 8 Plus"}, :traits=>{:deploymentTarget=>#<Gem::Version "12.2">, :passDeploymentTargetToAssetutil=>true, :architecture=>"arm64", :artworkDevIdiom=>"phone", :artworkHostedIdioms=>["car", "watch"], :artworkScaleFactor=>3, :artworkDevSubtype=>570, :artworkDisplayGamut=>"P3", :devPerfMemoryClass=>4, :gfxFeatureSetClass=>"MTL4,1", :gfxFeatureSetFallbacks=>["MTL3,2", "MTL3,1", "MTL2,2", "MTL1,2", "GLES2,0"], :featuresToRemove=>[], :supportsEmbeddedWatchApp=>true, :supportsEmbeddedUniversalWatchApp=>true, :hasSwiftRuntime=>true, :supportsEncryptionFormat2=>false, :supportsSwiftConcurrencyNatively=>false}}
    {:device=>{:target=>"d211ap", :productType=>"iPhone10,5", :displayName=>"iPhone 8 Plus"}, :traits=>{:deploymentTarget=>#<Gem::Version "13.0">, :passDeploymentTargetToAssetutil=>true, :architecture=>"arm64", :artworkDevIdiom=>"phone", :artworkHostedIdioms=>["car"], :artworkScaleFactor=>3, :artworkDevSubtype=>570, :artworkDisplayGamut=>"P3", :devPerfMemoryClass=>4, :gfxFeatureSetClass=>"APPLE4", :gfxFeatureSetFallbacks=>["APPLE3", "APPLE3v1", "APPLE2", "APPLE1", "GLES2,0"], :featuresToRemove=>[], :supportsEmbeddedWatchApp=>false, :supportsEmbeddedUniversalWatchApp=>false, :hasSwiftRuntime=>true, :supportsEncryptionFormat2=>true, :supportsSwiftConcurrencyNatively=>false}}
    {:device=>{:target=>"d211ap", :productType=>"iPhone10,5", :displayName=>"iPhone 8 Plus"}, :traits=>{:deploymentTarget=>#<Gem::Version "14.0">, :passDeploymentTargetToAssetutil=>true, :architecture=>"arm64", :artworkDevIdiom=>"phone", :artworkHostedIdioms=>["car"], :artworkScaleFactor=>3, :artworkDevSubtype=>570, :artworkDisplayGamut=>"P3", :devPerfMemoryClass=>4, :gfxFeatureSetClass=>"APPLE4", :gfxFeatureSetFallbacks=>["APPLE3", "APPLE3v1", "APPLE2", "APPLE1", "GLES2,0"], :featuresToRemove=>[], :supportsEmbeddedWatchApp=>false, :supportsEmbeddedUniversalWatchApp=>false, :hasSwiftRuntime=>true, :supportsEncryptionFormat2=>true, :supportsSwiftConcurrencyNatively=>false}}
    {:device=>{:target=>"d221ap", :productType=>"iPhone10,6", :displayName=>"iPhone X"}, :traits=>{:deploymentTarget=>#<Gem::Version "11.0">, :passDeploymentTargetToAssetutil=>false, :architecture=>"arm64", :artworkDevIdiom=>"phone", :artworkHostedIdioms=>["car"], :artworkScaleFactor=>3, :artworkDevSubtype=>2436, :artworkDispl
2023-02-11 02:20:26 +0000  ayGamut=>"P3", :devPerfMemoryClass=>4, :gfxFeatureSetClass=>"APPLE4", :gfxFeatureSetFallbacks=>["APPLE3", "APPLE3v1", "APPLE2", "APPLE1", "GLES2,0"], :featuresToRemove=>[], :supportsEmbeddedWatchApp=>true, :supportsEmbeddedUniversalWatchApp=>false, :hasSwiftRuntime=>false, :supportsEncryptionFormat2=>false, :supportsSwiftConcurrencyNatively=>false}}
    {:device=>{:target=>"d221ap", :productType=>"iPhone10,6", :displayName=>"iPhone X"}, :traits=>{:deploymentTarget=>#<Gem::Version "12.0">, :passDeploymentTargetToAssetutil=>true, :architecture=>"arm64", :artworkDevIdiom=>"phone", :artworkHostedIdioms=>["car", "watch"], :artworkScaleFactor=>3, :artworkDevSubtype=>2436, :artworkDisplayGamut=>"P3", :devPerfMemoryClass=>4, :gfxFeatureSetClass=>"MTL4,1", :gfxFeatureSetFallbacks=>["MTL3,2", "MTL3,1", "MTL2,2", "MTL1,2", "GLES2,0"], :featuresToRemove=>[], :supportsEmbeddedWatchApp=>true, :supportsEmbeddedUniversalWatchApp=>true, :hasSwiftRuntime=>false, :supportsEncryptionFormat2=>false, :supportsSwiftConcurrencyNatively=>false}}
    {:device=>{:target=>"d221ap", :productType=>"iPhone10,6", :displayName=>"iPhone X"}, :traits=>{:deploymentTarget=>#<Gem::Version "12.2">, :passDeploymentTargetToAssetutil=>true, :architecture=>"arm64", :artworkDevIdiom=>"phone", :artworkHostedIdioms=>["car", "watch"], :artworkScaleFactor=>3, :artworkDevSubtype=>2436, :artworkDisplayGamut=>"P3", :devPerfMemoryClass=>4, :gfxFeatureSetClass=>"MTL4,1", :gfxFeatureSetFallbacks=>["MTL3,2", "MTL3,1", "MTL2,2", "MTL1,2", "GLES2,0"], :featuresToRemove=>[], :supportsEmbeddedWatchApp=>true, :supportsEmbeddedUniversalWatchApp=>true, :hasSwiftRuntime=>true, :supportsEncryptionFormat2=>false, :supportsSwiftConcurrencyNatively=>false}}
    {:device=>{:target=>"d221ap", :productType=>"iPhone10,6", :displayName=>"iPhone X"}, :traits=>{:deploymentTarget=>#<Gem::Version "13.0">, :passDeploymentTargetToAssetutil=>true, :architecture=>"arm64", :artworkDevIdiom=>"phone", :artworkHostedIdioms=>["car"], :artworkScaleFactor=>3, :artworkDevSubtype=>2436, :artworkDisplayGamut=>"P3", :devPerfMemoryClass=>4, :gfxFeatureSetClass=>"APPLE4", :gfxFeatureSetFallbacks=>["APPLE3", "APPLE3v1", "APPLE2", "APPLE1", "GLES2,0"], :featuresToRemove=>[], :supportsEmbeddedWatchApp=>false, :supportsEmbeddedUniversalWatchApp=>false, :hasSwiftRuntime=>true, :supportsEncryptionFormat2=>true, :supportsSwiftConcurrencyNatively=>false}}
    {:device=>{:target=>"d221ap", :productType=>"iPhone10,6", :displayName=>"iPhone X"}, :traits=>{:deploymentTarget=>#<Gem::Version "14.0">, :passDeploymentTargetToAssetutil=>true, :architecture=>"arm64", :artworkDevIdiom=>"phone", :artworkHostedIdioms=>["car"], :artworkScaleFactor=>3, :artworkDevSubtype=>2436, :artworkDisplayGamut=>"P3", :devPerfMemoryClass=>4, :gfxFeatureSetClass=>"APPLE4", :gfxFeatureSetFallbacks=>["APPLE3", "APPLE3v1", "APPLE2", "APPLE1", "GLES2,0"], :featuresToRemove=>[], :supportsEmbeddedWatchApp=>false, :supportsEmbeddedUniversalWatchApp=>false, :hasSwiftRuntime=>true, :supportsEncryptionFormat2=>true, :supportsSwiftConcurrencyNatively=>false}}
    {:device=>{:target=>"d321ap", :productType=>"iPhone11,2", :displayName=>"iPhone XS"}, :traits=>{:deploymentTarget=>#<Gem::Version "12.0">, :passDeploymentTargetToAssetutil=>true, :architecture=>"arm64e", :artworkDevIdiom=>"phone", :artworkHostedIdioms=>["car", "watch"], :artworkScaleFactor=>3, :artworkDevSubtype=>2436, :artworkDisplayGamut=>"P3", :devPerfMemoryClass=>3, :gfxFeatureSetClass=>"MTL5,1", :gfxFeatureSetFallbacks=>["MTL4,1", "MTL3,2", "MTL3,1", "MTL2,2", "MTL1,2", "GLES2,0"], :featuresToRemove=>[], :supportsEmbeddedWatchApp=>true, :supportsEmbeddedUniversalWatchApp=>true, :hasSwiftRuntime=>false, :supportsEncryptionFormat2=>false, :supportsSwiftConcurrencyNatively=>false}}
    {:device=>{:target=>"d321ap", :productType=>"iPhone11,2", :displayName=>"iPhone XS"}, :traits=>{:deploymentTarget=>#<Gem::Version "12.2">, :passDeploymentTargetToAssetutil=>true, :architecture=>"arm64e", :artworkDevIdiom=>"phone", :artworkHostedIdioms=>["car", "watch"], :artworkScaleFactor=>3, :artworkDevSubtype=>243
2023-02-11 02:20:26 +0000  6, :artworkDisplayGamut=>"P3", :devPerfMemoryClass=>3, :gfxFeatureSetClass=>"MTL5,1", :gfxFeatureSetFallbacks=>["MTL4,1", "MTL3,2", "MTL3,1", "MTL2,2", "MTL1,2", "GLES2,0"], :featuresToRemove=>[], :supportsEmbeddedWatchApp=>true, :supportsEmbeddedUniversalWatchApp=>true, :hasSwiftRuntime=>true, :supportsEncryptionFormat2=>false, :supportsSwiftConcurrencyNatively=>false}}
    {:device=>{:target=>"d321ap", :productType=>"iPhone11,2", :displayName=>"iPhone XS"}, :traits=>{:deploymentTarget=>#<Gem::Version "13.0">, :passDeploymentTargetToAssetutil=>true, :architecture=>"arm64e", :artworkDevIdiom=>"phone", :artworkHostedIdioms=>["car"], :artworkScaleFactor=>3, :artworkDevSubtype=>2436, :artworkDisplayGamut=>"P3", :devPerfMemoryClass=>3, :gfxFeatureSetClass=>"APPLE5", :gfxFeatureSetFallbacks=>["APPLE4", "APPLE3", "APPLE3v1", "APPLE2", "APPLE1", "GLES2,0"], :featuresToRemove=>[], :supportsEmbeddedWatchApp=>false, :supportsEmbeddedUniversalWatchApp=>false, :hasSwiftRuntime=>true, :supportsEncryptionFormat2=>true, :supportsSwiftConcurrencyNatively=>false}}
    {:device=>{:target=>"d321ap", :productType=>"iPhone11,2", :displayName=>"iPhone XS"}, :traits=>{:deploymentTarget=>#<Gem::Version "14.0">, :passDeploymentTargetToAssetutil=>true, :architecture=>"arm64e", :artworkDevIdiom=>"phone", :artworkHostedIdioms=>["car"], :artworkScaleFactor=>3, :artworkDevSubtype=>2436, :artworkDisplayGamut=>"P3", :devPerfMemoryClass=>3, :gfxFeatureSetClass=>"APPLE5", :gfxFeatureSetFallbacks=>["APPLE4", "APPLE3", "APPLE3v1", "APPLE2", "APPLE1", "GLES2,0"], :featuresToRemove=>[], :supportsEmbeddedWatchApp=>false, :supportsEmbeddedUniversalWatchApp=>false, :hasSwiftRuntime=>true, :supportsEncryptionFormat2=>true, :supportsSwiftConcurrencyNatively=>false}}
    {:device=>{:target=>"d331ap", :productType=>"iPhone11,4", :displayName=>"iPhone XS Max"}, :traits=>{:deploymentTarget=>#<Gem::Version "12.0">, :passDeploymentTargetToAssetutil=>true, :architecture=>"arm64e", :artworkDevIdiom=>"phone", :artworkHostedIdioms=>["car", "watch"], :artworkScaleFactor=>3, :artworkDevSubtype=>2688, :artworkDisplayGamut=>"P3", :devPerfMemoryClass=>3, :gfxFeatureSetClass=>"MTL5,1", :gfxFeatureSetFallbacks=>["MTL4,1", "MTL3,2", "MTL3,1", "MTL2,2", "MTL1,2", "GLES2,0"], :featuresToRemove=>[], :supportsEmbeddedWatchApp=>true, :supportsEmbeddedUniversalWatchApp=>true, :hasSwiftRuntime=>false, :supportsEncryptionFormat2=>false, :supportsSwiftConcurrencyNatively=>false}}
    {:device=>{:target=>"d331ap", :productType=>"iPhone11,4", :displayName=>"iPhone XS Max"}, :traits=>{:deploymentTarget=>#<Gem::Version "12.2">, :passDeploymentTargetToAssetutil=>true, :architecture=>"arm64e", :artworkDevIdiom=>"phone", :artworkHostedIdioms=>["car", "watch"], :artworkScaleFactor=>3, :artworkDevSubtype=>2688, :artworkDisplayGamut=>"P3", :devPerfMemoryClass=>3, :gfxFeatureSetClass=>"MTL5,1", :gfxFeatureSetFallbacks=>["MTL4,1", "MTL3,2", "MTL3,1", "MTL2,2", "MTL1,2", "GLES2,0"], :featuresToRemove=>[], :supportsEmbeddedWatchApp=>true, :supportsEmbeddedUniversalWatchApp=>true, :hasSwiftRuntime=>true, :supportsEncryptionFormat2=>false, :supportsSwiftConcurrencyNatively=>false}}
    {:device=>{:target=>"d331ap", :productType=>"iPhone11,4", :displayName=>"iPhone XS Max"}, :traits=>{:deploymentTarget=>#<Gem::Version "13.0">, :passDeploymentTargetToAssetutil=>true, :architecture=>"arm64e", :artworkDevIdiom=>"phone", :artworkHostedIdioms=>["car"], :artworkScaleFactor=>3, :artworkDevSubtype=>2688, :artworkDisplayGamut=>"P3", :devPerfMemoryClass=>3, :gfxFeatureSetClass=>"APPLE5", :gfxFeatureSetFallbacks=>["APPLE4", "APPLE3", "APPLE3v1", "APPLE2", "APPLE1", "GLES2,0"], :featuresToRemove=>[], :supportsEmbeddedWatchApp=>false, :supportsEmbeddedUniversalWatchApp=>false, :hasSwiftRuntime=>true, :supportsEncryptionFormat2=>true, :supportsSwiftConcurrencyNatively=>false}}
    {:device=>{:target=>"d331ap", :productType=>"iPhone11,4", :displayName=>"iPhone XS Max"}, :traits=>{:deploymentTarget=>#<Gem::Version "14.0">, :passDeploymentTargetToAssetutil=>true, :architecture=>"arm64e", :artworkDevIdiom=>"phone", :artwork
2023-02-11 02:20:26 +0000  HostedIdioms=>["car"], :artworkScaleFactor=>3, :artworkDevSubtype=>2688, :artworkDisplayGamut=>"P3", :devPerfMemoryClass=>3, :gfxFeatureSetClass=>"APPLE5", :gfxFeatureSetFallbacks=>["APPLE4", "APPLE3", "APPLE3v1", "APPLE2", "APPLE1", "GLES2,0"], :featuresToRemove=>[], :supportsEmbeddedWatchApp=>false, :supportsEmbeddedUniversalWatchApp=>false, :hasSwiftRuntime=>true, :supportsEncryptionFormat2=>true, :supportsSwiftConcurrencyNatively=>false}}
    {:device=>{:target=>"d331pap", :productType=>"iPhone11,6", :displayName=>"iPhone XS Max"}, :traits=>{:deploymentTarget=>#<Gem::Version "12.0">, :passDeploymentTargetToAssetutil=>true, :architecture=>"arm64e", :artworkDevIdiom=>"phone", :artworkHostedIdioms=>["car", "watch"], :artworkScaleFactor=>3, :artworkDevSubtype=>2688, :artworkDisplayGamut=>"P3", :devPerfMemoryClass=>3, :gfxFeatureSetClass=>"MTL5,1", :gfxFeatureSetFallbacks=>["MTL4,1", "MTL3,2", "MTL3,1", "MTL2,2", "MTL1,2", "GLES2,0"], :featuresToRemove=>[], :supportsEmbeddedWatchApp=>true, :supportsEmbeddedUniversalWatchApp=>true, :hasSwiftRuntime=>false, :supportsEncryptionFormat2=>false, :supportsSwiftConcurrencyNatively=>false}}
    {:device=>{:target=>"d331pap", :productType=>"iPhone11,6", :displayName=>"iPhone XS Max"}, :traits=>{:deploymentTarget=>#<Gem::Version "12.2">, :passDeploymentTargetToAssetutil=>true, :architecture=>"arm64e", :artworkDevIdiom=>"phone", :artworkHostedIdioms=>["car", "watch"], :artworkScaleFactor=>3, :artworkDevSubtype=>2688, :artworkDisplayGamut=>"P3", :devPerfMemoryClass=>3, :gfxFeatureSetClass=>"MTL5,1", :gfxFeatureSetFallbacks=>["MTL4,1", "MTL3,2", "MTL3,1", "MTL2,2", "MTL1,2", "GLES2,0"], :featuresToRemove=>[], :supportsEmbeddedWatchApp=>true, :supportsEmbeddedUniversalWatchApp=>true, :hasSwiftRuntime=>true, :supportsEncryptionFormat2=>false, :supportsSwiftConcurrencyNatively=>false}}
    {:device=>{:target=>"d331pap", :productType=>"iPhone11,6", :displayName=>"iPhone XS Max"}, :traits=>{:deploymentTarget=>#<Gem::Version "13.0">, :passDeploymentTargetToAssetutil=>true, :architecture=>"arm64e", :artworkDevIdiom=>"phone", :artworkHostedIdioms=>["car"], :artworkScaleFactor=>3, :artworkDevSubtype=>2688, :artworkDisplayGamut=>"P3", :devPerfMemoryClass=>3, :gfxFeatureSetClass=>"APPLE5", :gfxFeatureSetFallbacks=>["APPLE4", "APPLE3", "APPLE3v1", "APPLE2", "APPLE1", "GLES2,0"], :featuresToRemove=>[], :supportsEmbeddedWatchApp=>false, :supportsEmbeddedUniversalWatchApp=>false, :hasSwiftRuntime=>true, :supportsEncryptionFormat2=>true, :supportsSwiftConcurrencyNatively=>false}}
    {:device=>{:target=>"d331pap", :productType=>"iPhone11,6", :displayName=>"iPhone XS Max"}, :traits=>{:deploymentTarget=>#<Gem::Version "14.0">, :passDeploymentTargetToAssetutil=>true, :architecture=>"arm64e", :artworkDevIdiom=>"phone", :artworkHostedIdioms=>["car"], :artworkScaleFactor=>3, :artworkDevSubtype=>2688, :artworkDisplayGamut=>"P3", :devPerfMemoryClass=>3, :gfxFeatureSetClass=>"APPLE5", :gfxFeatureSetFallbacks=>["APPLE4", "APPLE3", "APPLE3v1", "APPLE2", "APPLE1", "GLES2,0"], :featuresToRemove=>[], :supportsEmbeddedWatchApp=>false, :supportsEmbeddedUniversalWatchApp=>false, :hasSwiftRuntime=>true, :supportsEncryptionFormat2=>true, :supportsSwiftConcurrencyNatively=>false}}
    {:device=>{:target=>"n841ap", :productType=>"iPhone11,8", :displayName=>"iPhone XR"}, :traits=>{:deploymentTarget=>#<Gem::Version "12.0">, :passDeploymentTargetToAssetutil=>true, :architecture=>"arm64e", :artworkDevIdiom=>"phone", :artworkHostedIdioms=>["car", "watch"], :artworkScaleFactor=>2, :artworkDevSubtype=>1792, :artworkDisplayGamut=>"P3", :devPerfMemoryClass=>4, :gfxFeatureSetClass=>"MTL5,1", :gfxFeatureSetFallbacks=>["MTL4,1", "MTL3,2", "MTL3,1", "MTL2,2", "MTL1,2", "GLES2,0"], :featuresToRemove=>[], :supportsEmbeddedWatchApp=>true, :supportsEmbeddedUniversalWatchApp=>true, :hasSwiftRuntime=>false, :supportsEncryptionFormat2=>false, :supportsSwiftConcurrencyNatively=>false}}
    {:device=>{:target=>"n841ap", :productType=>"iPhone11,8", :displayName=>"iPhone XR"}, :traits=>{:deploymentTarget=>#<Gem::Version "12.2">, :passDeploymentT
2023-02-11 02:20:26 +0000  argetToAssetutil=>true, :architecture=>"arm64e", :artworkDevIdiom=>"phone", :artworkHostedIdioms=>["car", "watch"], :artworkScaleFactor=>2, :artworkDevSubtype=>1792, :artworkDisplayGamut=>"P3", :devPerfMemoryClass=>4, :gfxFeatureSetClass=>"MTL5,1", :gfxFeatureSetFallbacks=>["MTL4,1", "MTL3,2", "MTL3,1", "MTL2,2", "MTL1,2", "GLES2,0"], :featuresToRemove=>[], :supportsEmbeddedWatchApp=>true, :supportsEmbeddedUniversalWatchApp=>true, :hasSwiftRuntime=>true, :supportsEncryptionFormat2=>false, :supportsSwiftConcurrencyNatively=>false}}
    {:device=>{:target=>"n841ap", :productType=>"iPhone11,8", :displayName=>"iPhone XR"}, :traits=>{:deploymentTarget=>#<Gem::Version "13.0">, :passDeploymentTargetToAssetutil=>true, :architecture=>"arm64e", :artworkDevIdiom=>"phone", :artworkHostedIdioms=>["car"], :artworkScaleFactor=>2, :artworkDevSubtype=>1792, :artworkDisplayGamut=>"P3", :devPerfMemoryClass=>4, :gfxFeatureSetClass=>"APPLE5", :gfxFeatureSetFallbacks=>["APPLE4", "APPLE3", "APPLE3v1", "APPLE2", "APPLE1", "GLES2,0"], :featuresToRemove=>[], :supportsEmbeddedWatchApp=>false, :supportsEmbeddedUniversalWatchApp=>false, :hasSwiftRuntime=>true, :supportsEncryptionFormat2=>true, :supportsSwiftConcurrencyNatively=>false}}
    {:device=>{:target=>"n841ap", :productType=>"iPhone11,8", :displayName=>"iPhone XR"}, :traits=>{:deploymentTarget=>#<Gem::Version "14.0">, :passDeploymentTargetToAssetutil=>true, :architecture=>"arm64e", :artworkDevIdiom=>"phone", :artworkHostedIdioms=>["car"], :artworkScaleFactor=>2, :artworkDevSubtype=>1792, :artworkDisplayGamut=>"P3", :devPerfMemoryClass=>4, :gfxFeatureSetClass=>"APPLE5", :gfxFeatureSetFallbacks=>["APPLE4", "APPLE3", "APPLE3v1", "APPLE2", "APPLE1", "GLES2,0"], :featuresToRemove=>[], :supportsEmbeddedWatchApp=>false, :supportsEmbeddedUniversalWatchApp=>false, :hasSwiftRuntime=>true, :supportsEncryptionFormat2=>true, :supportsSwiftConcurrencyNatively=>false}}
    {:device=>{:target=>"n104ap", :productType=>"iPhone12,1", :displayName=>"iPhone 11"}, :traits=>{:deploymentTarget=>#<Gem::Version "13.0">, :passDeploymentTargetToAssetutil=>true, :architecture=>"arm64e", :artworkDevIdiom=>"phone", :artworkHostedIdioms=>["car"], :artworkScaleFactor=>2, :artworkDevSubtype=>1792, :artworkDisplayGamut=>"P3", :devPerfMemoryClass=>3, :gfxFeatureSetClass=>"APPLE6", :gfxFeatureSetFallbacks=>["APPLE5", "APPLE4", "APPLE3", "APPLE3v1", "APPLE2", "APPLE1", "GLES2,0"], :featuresToRemove=>[], :supportsEmbeddedWatchApp=>false, :supportsEmbeddedUniversalWatchApp=>false, :hasSwiftRuntime=>true, :supportsEncryptionFormat2=>true, :supportsSwiftConcurrencyNatively=>false}}
    {:device=>{:target=>"n104ap", :productType=>"iPhone12,1", :displayName=>"iPhone 11"}, :traits=>{:deploymentTarget=>#<Gem::Version "14.0">, :passDeploymentTargetToAssetutil=>true, :architecture=>"arm64e", :artworkDevIdiom=>"phone", :artworkHostedIdioms=>["car"], :artworkScaleFactor=>2, :artworkDevSubtype=>1792, :artworkDisplayGamut=>"P3", :devPerfMemoryClass=>3, :gfxFeatureSetClass=>"APPLE6", :gfxFeatureSetFallbacks=>["APPLE5", "APPLE4", "APPLE3", "APPLE3v1", "APPLE2", "APPLE1", "GLES2,0"], :featuresToRemove=>[], :supportsEmbeddedWatchApp=>false, :supportsEmbeddedUniversalWatchApp=>false, :hasSwiftRuntime=>true, :supportsEncryptionFormat2=>true, :supportsSwiftConcurrencyNatively=>false}}
    {:device=>{:target=>"d421ap", :productType=>"iPhone12,3", :displayName=>"iPhone 11 Pro"}, :traits=>{:deploymentTarget=>#<Gem::Version "13.0">, :passDeploymentTargetToAssetutil=>true, :architecture=>"arm64e", :artworkDevIdiom=>"phone", :artworkHostedIdioms=>["car"], :artworkScaleFactor=>3, :artworkDevSubtype=>2436, :artworkDisplayGamut=>"P3", :devPerfMemoryClass=>3, :gfxFeatureSetClass=>"APPLE6", :gfxFeatureSetFallbacks=>["APPLE5", "APPLE4", "APPLE3", "APPLE3v1", "APPLE2", "APPLE1", "GLES2,0"], :featuresToRemove=>[], :supportsEmbeddedWatchApp=>false, :supportsEmbeddedUniversalWatchApp=>false, :hasSwiftRuntime=>true, :supportsEncryptionFormat2=>true, :supportsSwiftConcurrencyNatively=>false}}
    {:device=>{:target=>"d421ap", :productType=>"iPhone12,3", :displayName=
2023-02-11 02:20:26 +0000  >"iPhone 11 Pro"}, :traits=>{:deploymentTarget=>#<Gem::Version "14.0">, :passDeploymentTargetToAssetutil=>true, :architecture=>"arm64e", :artworkDevIdiom=>"phone", :artworkHostedIdioms=>["car"], :artworkScaleFactor=>3, :artworkDevSubtype=>2436, :artworkDisplayGamut=>"P3", :devPerfMemoryClass=>3, :gfxFeatureSetClass=>"APPLE6", :gfxFeatureSetFallbacks=>["APPLE5", "APPLE4", "APPLE3", "APPLE3v1", "APPLE2", "APPLE1", "GLES2,0"], :featuresToRemove=>[], :supportsEmbeddedWatchApp=>false, :supportsEmbeddedUniversalWatchApp=>false, :hasSwiftRuntime=>true, :supportsEncryptionFormat2=>true, :supportsSwiftConcurrencyNatively=>false}}
    {:device=>{:target=>"d431ap", :productType=>"iPhone12,5", :displayName=>"iPhone 11 Pro Max"}, :traits=>{:deploymentTarget=>#<Gem::Version "13.0">, :passDeploymentTargetToAssetutil=>true, :architecture=>"arm64e", :artworkDevIdiom=>"phone", :artworkHostedIdioms=>["car"], :artworkScaleFactor=>3, :artworkDevSubtype=>2688, :artworkDisplayGamut=>"P3", :devPerfMemoryClass=>3, :gfxFeatureSetClass=>"APPLE6", :gfxFeatureSetFallbacks=>["APPLE5", "APPLE4", "APPLE3", "APPLE3v1", "APPLE2", "APPLE1", "GLES2,0"], :featuresToRemove=>[], :supportsEmbeddedWatchApp=>false, :supportsEmbeddedUniversalWatchApp=>false, :hasSwiftRuntime=>true, :supportsEncryptionFormat2=>true, :supportsSwiftConcurrencyNatively=>false}}
    {:device=>{:target=>"d431ap", :productType=>"iPhone12,5", :displayName=>"iPhone 11 Pro Max"}, :traits=>{:deploymentTarget=>#<Gem::Version "14.0">, :passDeploymentTargetToAssetutil=>true, :architecture=>"arm64e", :artworkDevIdiom=>"phone", :artworkHostedIdioms=>["car"], :artworkScaleFactor=>3, :artworkDevSubtype=>2688, :artworkDisplayGamut=>"P3", :devPerfMemoryClass=>3, :gfxFeatureSetClass=>"APPLE6", :gfxFeatureSetFallbacks=>["APPLE5", "APPLE4", "APPLE3", "APPLE3v1", "APPLE2", "APPLE1", "GLES2,0"], :featuresToRemove=>[], :supportsEmbeddedWatchApp=>false, :supportsEmbeddedUniversalWatchApp=>false, :hasSwiftRuntime=>true, :supportsEncryptionFormat2=>true, :supportsSwiftConcurrencyNatively=>false}}
    {:device=>{:target=>"d79ap", :productType=>"iPhone12,8", :displayName=>"iPhone SE (2nd generation)"}, :traits=>{:deploymentTarget=>#<Gem::Version "13.0">, :passDeploymentTargetToAssetutil=>true, :architecture=>"arm64e", :artworkDevIdiom=>"phone", :artworkHostedIdioms=>["car"], :artworkScaleFactor=>2, :artworkDevSubtype=>569, :artworkDisplayGamut=>"P3", :devPerfMemoryClass=>4, :gfxFeatureSetClass=>"APPLE6", :gfxFeatureSetFallbacks=>["APPLE5", "APPLE4", "APPLE3", "APPLE3v1", "APPLE2", "APPLE1", "GLES2,0"], :featuresToRemove=>[], :supportsEmbeddedWatchApp=>false, :supportsEmbeddedUniversalWatchApp=>false, :hasSwiftRuntime=>true, :supportsEncryptionFormat2=>true, :supportsSwiftConcurrencyNatively=>false}}
    {:device=>{:target=>"d79ap", :productType=>"iPhone12,8", :displayName=>"iPhone SE (2nd generation)"}, :traits=>{:deploymentTarget=>#<Gem::Version "14.0">, :passDeploymentTargetToAssetutil=>true, :architecture=>"arm64e", :artworkDevIdiom=>"phone", :artworkHostedIdioms=>["car"], :artworkScaleFactor=>2, :artworkDevSubtype=>569, :artworkDisplayGamut=>"P3", :devPerfMemoryClass=>4, :gfxFeatureSetClass=>"APPLE6", :gfxFeatureSetFallbacks=>["APPLE5", "APPLE4", "APPLE3", "APPLE3v1", "APPLE2", "APPLE1", "GLES2,0"], :featuresToRemove=>[], :supportsEmbeddedWatchApp=>false, :supportsEmbeddedUniversalWatchApp=>false, :hasSwiftRuntime=>true, :supportsEncryptionFormat2=>true, :supportsSwiftConcurrencyNatively=>false}}
    {:device=>{:target=>"d52gap", :productType=>"iPhone13,1", :displayName=>"iPhone 12 mini"}, :traits=>{:deploymentTarget=>#<Gem::Version "14.0">, :passDeploymentTargetToAssetutil=>true, :architecture=>"arm64e", :artworkDevIdiom=>"phone", :artworkHostedIdioms=>["car"], :artworkScaleFactor=>3, :artworkDevSubtype=>2340, :artworkDisplayGamut=>"P3", :devPerfMemoryClass=>3, :gfxFeatureSetClass=>"APPLE7", :gfxFeatureSetFallbacks=>["APPLE6", "APPLE5", "APPLE4", "APPLE3", "APPLE3v1", "APPLE2", "APPLE1", "GLES2,0"], :featuresToRemove=>[], :supportsEmbeddedWatchApp=>false, :supportsEmbeddedUniversalWatchApp=>false, :hasSwi
2023-02-11 02:20:26 +0000  ftRuntime=>true, :supportsEncryptionFormat2=>true, :supportsSwiftConcurrencyNatively=>false}}
    {:device=>{:target=>"d53gap", :productType=>"iPhone13,2", :displayName=>"iPhone 12"}, :traits=>{:deploymentTarget=>#<Gem::Version "14.0">, :passDeploymentTargetToAssetutil=>true, :architecture=>"arm64e", :artworkDevIdiom=>"phone", :artworkHostedIdioms=>["car"], :artworkScaleFactor=>3, :artworkDevSubtype=>2532, :artworkDisplayGamut=>"P3", :devPerfMemoryClass=>3, :gfxFeatureSetClass=>"APPLE7", :gfxFeatureSetFallbacks=>["APPLE6", "APPLE5", "APPLE4", "APPLE3", "APPLE3v1", "APPLE2", "APPLE1", "GLES2,0"], :featuresToRemove=>[], :supportsEmbeddedWatchApp=>false, :supportsEmbeddedUniversalWatchApp=>false, :hasSwiftRuntime=>true, :supportsEncryptionFormat2=>true, :supportsSwiftConcurrencyNatively=>false}}
    {:device=>{:target=>"d53pap", :productType=>"iPhone13,3", :displayName=>"iPhone 12 Pro"}, :traits=>{:deploymentTarget=>#<Gem::Version "14.0">, :passDeploymentTargetToAssetutil=>true, :architecture=>"arm64e", :artworkDevIdiom=>"phone", :artworkHostedIdioms=>["car"], :artworkScaleFactor=>3, :artworkDevSubtype=>2532, :artworkDisplayGamut=>"P3", :devPerfMemoryClass=>6, :gfxFeatureSetClass=>"APPLE7", :gfxFeatureSetFallbacks=>["APPLE6", "APPLE5", "APPLE4", "APPLE3", "APPLE3v1", "APPLE2", "APPLE1", "GLES2,0"], :featuresToRemove=>[], :supportsEmbeddedWatchApp=>false, :supportsEmbeddedUniversalWatchApp=>false, :hasSwiftRuntime=>true, :supportsEncryptionFormat2=>true, :supportsSwiftConcurrencyNatively=>false}}
    {:device=>{:target=>"d54pap", :productType=>"iPhone13,4", :displayName=>"iPhone 12 Pro Max"}, :traits=>{:deploymentTarget=>#<Gem::Version "14.0">, :passDeploymentTargetToAssetutil=>true, :architecture=>"arm64e", :artworkDevIdiom=>"phone", :artworkHostedIdioms=>["car"], :artworkScaleFactor=>3, :artworkDevSubtype=>2778, :artworkDisplayGamut=>"P3", :devPerfMemoryClass=>6, :gfxFeatureSetClass=>"APPLE7", :gfxFeatureSetFallbacks=>["APPLE6", "APPLE5", "APPLE4", "APPLE3", "APPLE3v1", "APPLE2", "APPLE1", "GLES2,0"], :featuresToRemove=>[], :supportsEmbeddedWatchApp=>false, :supportsEmbeddedUniversalWatchApp=>false, :hasSwiftRuntime=>true, :supportsEncryptionFormat2=>true, :supportsSwiftConcurrencyNatively=>false}}
    {:device=>{:target=>"n94ap", :productType=>"iPhone4,1", :displayName=>"iPhone 4S"}, :traits=>{:deploymentTarget=>#<Gem::Version "9.0">, :passDeploymentTargetToAssetutil=>false, :architecture=>"armv7", :artworkDevIdiom=>"phone", :artworkHostedIdioms=>[], :artworkScaleFactor=>2, :artworkDisplayGamut=>"sRGB", :devPerfMemoryClass=>0, :gfxFeatureSetClass=>"GLES2,0", :gfxFeatureSetFallbacks=>[], :featuresToRemove=>[], :supportsEmbeddedWatchApp=>true, :supportsEmbeddedUniversalWatchApp=>false, :hasSwiftRuntime=>false, :supportsEncryptionFormat2=>false, :supportsSwiftConcurrencyNatively=>false}}
    {:device=>{:target=>"n41ap", :productType=>"iPhone5,1", :displayName=>"iPhone 5"}, :traits=>{:deploymentTarget=>#<Gem::Version "10.0">, :passDeploymentTargetToAssetutil=>false, :architecture=>"armv7s", :artworkDevIdiom=>"phone", :artworkHostedIdioms=>["car", "watch"], :artworkScaleFactor=>2, :artworkDevSubtype=>568, :artworkDisplayGamut=>"sRGB", :devPerfMemoryClass=>1, :gfxFeatureSetClass=>"GLES2,0", :gfxFeatureSetFallbacks=>[], :featuresToRemove=>[], :supportsEmbeddedWatchApp=>true, :supportsEmbeddedUniversalWatchApp=>false, :hasSwiftRuntime=>false, :supportsEncryptionFormat2=>false, :supportsSwiftConcurrencyNatively=>false}}
    {:device=>{:target=>"n41ap", :productType=>"iPhone5,1", :displayName=>"iPhone 5"}, :traits=>{:deploymentTarget=>#<Gem::Version "9.0">, :passDeploymentTargetToAssetutil=>false, :architecture=>"armv7s", :artworkDevIdiom=>"phone", :artworkHostedIdioms=>["car", "watch"], :artworkScaleFactor=>2, :artworkDevSubtype=>568, :artworkDisplayGamut=>"sRGB", :devPerfMemoryClass=>1, :gfxFeatureSetClass=>"GLES2,0", :gfxFeatureSetFallbacks=>[], :featuresToRemove=>[], :supportsEmbeddedWatchApp=>true, :supportsEmbeddedUniversalWatchApp=>false, :hasSwiftRuntime=>false, :supportsEncryptionFormat2=>false, :supportsSwiftConcurrencyNa
2023-02-11 02:20:26 +0000  tively=>false}}
    {:device=>{:target=>"n42ap", :productType=>"iPhone5,2", :displayName=>"iPhone 5"}, :traits=>{:deploymentTarget=>#<Gem::Version "10.0">, :passDeploymentTargetToAssetutil=>false, :architecture=>"armv7s", :artworkDevIdiom=>"phone", :artworkHostedIdioms=>["car", "watch"], :artworkScaleFactor=>2, :artworkDevSubtype=>568, :artworkDisplayGamut=>"sRGB", :devPerfMemoryClass=>1, :gfxFeatureSetClass=>"GLES2,0", :gfxFeatureSetFallbacks=>[], :featuresToRemove=>[], :supportsEmbeddedWatchApp=>true, :supportsEmbeddedUniversalWatchApp=>false, :hasSwiftRuntime=>false, :supportsEncryptionFormat2=>false, :supportsSwiftConcurrencyNatively=>false}}
    {:device=>{:target=>"n42ap", :productType=>"iPhone5,2", :displayName=>"iPhone 5"}, :traits=>{:deploymentTarget=>#<Gem::Version "9.0">, :passDeploymentTargetToAssetutil=>false, :architecture=>"armv7s", :artworkDevIdiom=>"phone", :artworkHostedIdioms=>["car", "watch"], :artworkScaleFactor=>2, :artworkDevSubtype=>568, :artworkDisplayGamut=>"sRGB", :devPerfMemoryClass=>1, :gfxFeatureSetClass=>"GLES2,0", :gfxFeatureSetFallbacks=>[], :featuresToRemove=>[], :supportsEmbeddedWatchApp=>true, :supportsEmbeddedUniversalWatchApp=>false, :hasSwiftRuntime=>false, :supportsEncryptionFormat2=>false, :supportsSwiftConcurrencyNatively=>false}}
    {:device=>{:target=>"n48ap", :productType=>"iPhone5,3", :displayName=>"iPhone 5c"}, :traits=>{:deploymentTarget=>#<Gem::Version "10.0">, :passDeploymentTargetToAssetutil=>false, :architecture=>"armv7s", :artworkDevIdiom=>"phone", :artworkHostedIdioms=>["car", "watch"], :artworkScaleFactor=>2, :artworkDevSubtype=>568, :artworkDisplayGamut=>"sRGB", :devPerfMemoryClass=>1, :gfxFeatureSetClass=>"GLES2,0", :gfxFeatureSetFallbacks=>[], :featuresToRemove=>[], :supportsEmbeddedWatchApp=>true, :supportsEmbeddedUniversalWatchApp=>false, :hasSwiftRuntime=>false, :supportsEncryptionFormat2=>false, :supportsSwiftConcurrencyNatively=>false}}
    {:device=>{:target=>"n48ap", :productType=>"iPhone5,3", :displayName=>"iPhone 5c"}, :traits=>{:deploymentTarget=>#<Gem::Version "9.0">, :passDeploymentTargetToAssetutil=>false, :architecture=>"armv7s", :artworkDevIdiom=>"phone", :artworkHostedIdioms=>["car", "watch"], :artworkScaleFactor=>2, :artworkDevSubtype=>568, :artworkDisplayGamut=>"sRGB", :devPerfMemoryClass=>1, :gfxFeatureSetClass=>"GLES2,0", :gfxFeatureSetFallbacks=>[], :featuresToRemove=>[], :supportsEmbeddedWatchApp=>true, :supportsEmbeddedUniversalWatchApp=>false, :hasSwiftRuntime=>false, :supportsEncryptionFormat2=>false, :supportsSwiftConcurrencyNatively=>false}}
    {:device=>{:target=>"n49ap", :productType=>"iPhone5,4", :displayName=>"iPhone 5c"}, :traits=>{:deploymentTarget=>#<Gem::Version "10.0">, :passDeploymentTargetToAssetutil=>false, :architecture=>"armv7s", :artworkDevIdiom=>"phone", :artworkHostedIdioms=>["car", "watch"], :artworkScaleFactor=>2, :artworkDevSubtype=>568, :artworkDisplayGamut=>"sRGB", :devPerfMemoryClass=>1, :gfxFeatureSetClass=>"GLES2,0", :gfxFeatureSetFallbacks=>[], :featuresToRemove=>[], :supportsEmbeddedWatchApp=>true, :supportsEmbeddedUniversalWatchApp=>false, :hasSwiftRuntime=>false, :supportsEncryptionFormat2=>false, :supportsSwiftConcurrencyNatively=>false}}
    {:device=>{:target=>"n49ap", :productType=>"iPhone5,4", :displayName=>"iPhone 5c"}, :traits=>{:deploymentTarget=>#<Gem::Version "9.0">, :passDeploymentTargetToAssetutil=>false, :architecture=>"armv7s", :artworkDevIdiom=>"phone", :artworkHostedIdioms=>["car", "watch"], :artworkScaleFactor=>2, :artworkDevSubtype=>568, :artworkDisplayGamut=>"sRGB", :devPerfMemoryClass=>1, :gfxFeatureSetClass=>"GLES2,0", :gfxFeatureSetFallbacks=>[], :featuresToRemove=>[], :supportsEmbeddedWatchApp=>true, :supportsEmbeddedUniversalWatchApp=>false, :hasSwiftRuntime=>false, :supportsEncryptionFormat2=>false, :supportsSwiftConcurrencyNatively=>false}}
    {:device=>{:target=>"n51ap", :productType=>"iPhone6,1", :displayName=>"iPhone 5s"}, :traits=>{:deploymentTarget=>#<Gem::Version "10.0">, :passDeploymentTargetToAssetutil=>false, :architecture=>"arm64", :artworkDevIdiom=>"phone", :artworkHost
2023-02-11 02:20:26 +0000  edIdioms=>["car", "watch"], :artworkScaleFactor=>2, :artworkDevSubtype=>568, :artworkDisplayGamut=>"sRGB", :devPerfMemoryClass=>1, :gfxFeatureSetClass=>"MTL1,2", :gfxFeatureSetFallbacks=>["GLES2,0"], :featuresToRemove=>[], :supportsEmbeddedWatchApp=>true, :supportsEmbeddedUniversalWatchApp=>false, :hasSwiftRuntime=>false, :supportsEncryptionFormat2=>false, :supportsSwiftConcurrencyNatively=>false}}
    {:device=>{:target=>"n51ap", :productType=>"iPhone6,1", :displayName=>"iPhone 5s"}, :traits=>{:deploymentTarget=>#<Gem::Version "11.0">, :passDeploymentTargetToAssetutil=>false, :architecture=>"arm64", :artworkDevIdiom=>"phone", :artworkHostedIdioms=>["car", "watch"], :artworkScaleFactor=>2, :artworkDevSubtype=>568, :artworkDisplayGamut=>"sRGB", :devPerfMemoryClass=>1, :gfxFeatureSetClass=>"MTL1,2", :gfxFeatureSetFallbacks=>["GLES2,0"], :featuresToRemove=>[], :supportsEmbeddedWatchApp=>true, :supportsEmbeddedUniversalWatchApp=>false, :hasSwiftRuntime=>false, :supportsEncryptionFormat2=>false, :supportsSwiftConcurrencyNatively=>false}}
    {:device=>{:target=>"n51ap", :productType=>"iPhone6,1", :displayName=>"iPhone 5s"}, :traits=>{:deploymentTarget=>#<Gem::Version "12.0">, :passDeploymentTargetToAssetutil=>true, :architecture=>"arm64", :artworkDevIdiom=>"phone", :artworkHostedIdioms=>["car", "watch"], :artworkScaleFactor=>2, :artworkDevSubtype=>568, :artworkDisplayGamut=>"sRGB", :devPerfMemoryClass=>1, :gfxFeatureSetClass=>"MTL1,2", :gfxFeatureSetFallbacks=>["GLES2,0"], :featuresToRemove=>[], :supportsEmbeddedWatchApp=>true, :supportsEmbeddedUniversalWatchApp=>true, :hasSwiftRuntime=>false, :supportsEncryptionFormat2=>false, :supportsSwiftConcurrencyNatively=>false}}
    {:device=>{:target=>"n51ap", :productType=>"iPhone6,1", :displayName=>"iPhone 5s"}, :traits=>{:deploymentTarget=>#<Gem::Version "12.2">, :passDeploymentTargetToAssetutil=>true, :architecture=>"arm64", :artworkDevIdiom=>"phone", :artworkHostedIdioms=>["car", "watch"], :artworkScaleFactor=>2, :artworkDevSubtype=>568, :artworkDisplayGamut=>"sRGB", :devPerfMemoryClass=>1, :gfxFeatureSetClass=>"MTL1,2", :gfxFeatureSetFallbacks=>["GLES2,0"], :featuresToRemove=>[], :supportsEmbeddedWatchApp=>true, :supportsEmbeddedUniversalWatchApp=>true, :hasSwiftRuntime=>true, :supportsEncryptionFormat2=>false, :supportsSwiftConcurrencyNatively=>false}}
    {:device=>{:target=>"n51ap", :productType=>"iPhone6,1", :displayName=>"iPhone 5s"}, :traits=>{:deploymentTarget=>#<Gem::Version "9.0">, :passDeploymentTargetToAssetutil=>false, :architecture=>"arm64", :artworkDevIdiom=>"phone", :artworkHostedIdioms=>["car", "watch"], :artworkScaleFactor=>2, :artworkDevSubtype=>568, :artworkDisplayGamut=>"sRGB", :devPerfMemoryClass=>1, :gfxFeatureSetClass=>"MTL1,2", :gfxFeatureSetFallbacks=>["GLES2,0"], :featuresToRemove=>[], :supportsEmbeddedWatchApp=>true, :supportsEmbeddedUniversalWatchApp=>false, :hasSwiftRuntime=>false, :supportsEncryptionFormat2=>false, :supportsSwiftConcurrencyNatively=>false}}
    {:device=>{:target=>"n53ap", :productType=>"iPhone6,2", :displayName=>"iPhone 5s"}, :traits=>{:deploymentTarget=>#<Gem::Version "10.0">, :passDeploymentTargetToAssetutil=>false, :architecture=>"arm64", :artworkDevIdiom=>"phone", :artworkHostedIdioms=>["car", "watch"], :artworkScaleFactor=>2, :artworkDevSubtype=>568, :artworkDisplayGamut=>"sRGB", :devPerfMemoryClass=>1, :gfxFeatureSetClass=>"MTL1,2", :gfxFeatureSetFallbacks=>["GLES2,0"], :featuresToRemove=>[], :supportsEmbeddedWatchApp=>true, :supportsEmbeddedUniversalWatchApp=>false, :hasSwiftRuntime=>false, :supportsEncryptionFormat2=>false, :supportsSwiftConcurrencyNatively=>false}}
    {:device=>{:target=>"n53ap", :productType=>"iPhone6,2", :displayName=>"iPhone 5s"}, :traits=>{:deploymentTarget=>#<Gem::Version "11.0">, :passDeploymentTargetToAssetutil=>false, :architecture=>"arm64", :artworkDevIdiom=>"phone", :artworkHostedIdioms=>["car", "watch"], :artworkScaleFactor=>2, :artworkDevSubtype=>568, :artworkDisplayGamut=>"sRGB", :devPerfMemoryClass=>1, :gfxFeatureSetClass=>"MTL1,2", :gfxFeatureSetFallbacks=>["GLES2,0"], :featuresToRemove=>[
2023-02-11 02:20:26 +0000  ], :supportsEmbeddedWatchApp=>true, :supportsEmbeddedUniversalWatchApp=>false, :hasSwiftRuntime=>false, :supportsEncryptionFormat2=>false, :supportsSwiftConcurrencyNatively=>false}}
    {:device=>{:target=>"n53ap", :productType=>"iPhone6,2", :displayName=>"iPhone 5s"}, :traits=>{:deploymentTarget=>#<Gem::Version "12.0">, :passDeploymentTargetToAssetutil=>true, :architecture=>"arm64", :artworkDevIdiom=>"phone", :artworkHostedIdioms=>["car", "watch"], :artworkScaleFactor=>2, :artworkDevSubtype=>568, :artworkDisplayGamut=>"sRGB", :devPerfMemoryClass=>1, :gfxFeatureSetClass=>"MTL1,2", :gfxFeatureSetFallbacks=>["GLES2,0"], :featuresToRemove=>[], :supportsEmbeddedWatchApp=>true, :supportsEmbeddedUniversalWatchApp=>true, :hasSwiftRuntime=>false, :supportsEncryptionFormat2=>false, :supportsSwiftConcurrencyNatively=>false}}
    {:device=>{:target=>"n53ap", :productType=>"iPhone6,2", :displayName=>"iPhone 5s"}, :traits=>{:deploymentTarget=>#<Gem::Version "12.2">, :passDeploymentTargetToAssetutil=>true, :architecture=>"arm64", :artworkDevIdiom=>"phone", :artworkHostedIdioms=>["car", "watch"], :artworkScaleFactor=>2, :artworkDevSubtype=>568, :artworkDisplayGamut=>"sRGB", :devPerfMemoryClass=>1, :gfxFeatureSetClass=>"MTL1,2", :gfxFeatureSetFallbacks=>["GLES2,0"], :featuresToRemove=>[], :supportsEmbeddedWatchApp=>true, :supportsEmbeddedUniversalWatchApp=>true, :hasSwiftRuntime=>true, :supportsEncryptionFormat2=>false, :supportsSwiftConcurrencyNatively=>false}}
    {:device=>{:target=>"n53ap", :productType=>"iPhone6,2", :displayName=>"iPhone 5s"}, :traits=>{:deploymentTarget=>#<Gem::Version "9.0">, :passDeploymentTargetToAssetutil=>false, :architecture=>"arm64", :artworkDevIdiom=>"phone", :artworkHostedIdioms=>["car", "watch"], :artworkScaleFactor=>2, :artworkDevSubtype=>568, :artworkDisplayGamut=>"sRGB", :devPerfMemoryClass=>1, :gfxFeatureSetClass=>"MTL1,2", :gfxFeatureSetFallbacks=>["GLES2,0"], :featuresToRemove=>[], :supportsEmbeddedWatchApp=>true, :supportsEmbeddedUniversalWatchApp=>false, :hasSwiftRuntime=>false, :supportsEncryptionFormat2=>false, :supportsSwiftConcurrencyNatively=>false}}
    {:device=>{:target=>"n56ap", :productType=>"iPhone7,1", :displayName=>"iPhone 6 Plus"}, :traits=>{:deploymentTarget=>#<Gem::Version "10.0">, :passDeploymentTargetToAssetutil=>false, :architecture=>"arm64", :artworkDevIdiom=>"phone", :artworkHostedIdioms=>["car", "watch"], :artworkScaleFactor=>3, :artworkDevSubtype=>570, :artworkDisplayGamut=>"sRGB", :devPerfMemoryClass=>1, :gfxFeatureSetClass=>"MTL2,2", :gfxFeatureSetFallbacks=>["MTL1,2", "GLES2,0"], :featuresToRemove=>[], :supportsEmbeddedWatchApp=>true, :supportsEmbeddedUniversalWatchApp=>false, :hasSwiftRuntime=>false, :supportsEncryptionFormat2=>false, :supportsSwiftConcurrencyNatively=>false}}
    {:device=>{:target=>"n56ap", :productType=>"iPhone7,1", :displayName=>"iPhone 6 Plus"}, :traits=>{:deploymentTarget=>#<Gem::Version "11.0">, :passDeploymentTargetToAssetutil=>false, :architecture=>"arm64", :artworkDevIdiom=>"phone", :artworkHostedIdioms=>["car", "watch"], :artworkScaleFactor=>3, :artworkDevSubtype=>570, :artworkDisplayGamut=>"sRGB", :devPerfMemoryClass=>1, :gfxFeatureSetClass=>"MTL2,2", :gfxFeatureSetFallbacks=>["MTL1,2", "GLES2,0"], :featuresToRemove=>[], :supportsEmbeddedWatchApp=>true, :supportsEmbeddedUniversalWatchApp=>false, :hasSwiftRuntime=>false, :supportsEncryptionFormat2=>false, :supportsSwiftConcurrencyNatively=>false}}
    {:device=>{:target=>"n56ap", :productType=>"iPhone7,1", :displayName=>"iPhone 6 Plus"}, :traits=>{:deploymentTarget=>#<Gem::Version "12.0">, :passDeploymentTargetToAssetutil=>true, :architecture=>"arm64", :artworkDevIdiom=>"phone", :artworkHostedIdioms=>["car", "watch"], :artworkScaleFactor=>3, :artworkDevSubtype=>570, :artworkDisplayGamut=>"sRGB", :devPerfMemoryClass=>1, :gfxFeatureSetClass=>"MTL2,2", :gfxFeatureSetFallbacks=>["MTL1,2", "GLES2,0"], :featuresToRemove=>[], :supportsEmbeddedWatchApp=>true, :supportsEmbeddedUniversalWatchApp=>true, :hasSwiftRuntime=>false, :supportsEncryptionFormat2=>false, :supportsSwiftConcurrencyNatively=>false}
2023-02-11 02:20:26 +0000  }
    {:device=>{:target=>"n56ap", :productType=>"iPhone7,1", :displayName=>"iPhone 6 Plus"}, :traits=>{:deploymentTarget=>#<Gem::Version "12.2">, :passDeploymentTargetToAssetutil=>true, :architecture=>"arm64", :artworkDevIdiom=>"phone", :artworkHostedIdioms=>["car", "watch"], :artworkScaleFactor=>3, :artworkDevSubtype=>570, :artworkDisplayGamut=>"sRGB", :devPerfMemoryClass=>1, :gfxFeatureSetClass=>"MTL2,2", :gfxFeatureSetFallbacks=>["MTL1,2", "GLES2,0"], :featuresToRemove=>[], :supportsEmbeddedWatchApp=>true, :supportsEmbeddedUniversalWatchApp=>true, :hasSwiftRuntime=>true, :supportsEncryptionFormat2=>false, :supportsSwiftConcurrencyNatively=>false}}
    {:device=>{:target=>"n56ap", :productType=>"iPhone7,1", :displayName=>"iPhone 6 Plus"}, :traits=>{:deploymentTarget=>#<Gem::Version "9.0">, :passDeploymentTargetToAssetutil=>false, :architecture=>"arm64", :artworkDevIdiom=>"phone", :artworkHostedIdioms=>["car", "watch"], :artworkScaleFactor=>3, :artworkDevSubtype=>570, :artworkDisplayGamut=>"sRGB", :devPerfMemoryClass=>1, :gfxFeatureSetClass=>"MTL2,2", :gfxFeatureSetFallbacks=>["MTL1,2", "GLES2,0"], :featuresToRemove=>[], :supportsEmbeddedWatchApp=>true, :supportsEmbeddedUniversalWatchApp=>false, :hasSwiftRuntime=>false, :supportsEncryptionFormat2=>false, :supportsSwiftConcurrencyNatively=>false}}
    {:device=>{:target=>"n61ap", :productType=>"iPhone7,2", :displayName=>"iPhone 6"}, :traits=>{:deploymentTarget=>#<Gem::Version "10.0">, :passDeploymentTargetToAssetutil=>false, :architecture=>"arm64", :artworkDevIdiom=>"phone", :artworkHostedIdioms=>["car", "watch"], :artworkScaleFactor=>2, :artworkDevSubtype=>569, :artworkDisplayGamut=>"sRGB", :devPerfMemoryClass=>1, :gfxFeatureSetClass=>"MTL2,2", :gfxFeatureSetFallbacks=>["MTL1,2", "GLES2,0"], :featuresToRemove=>[], :supportsEmbeddedWatchApp=>true, :supportsEmbeddedUniversalWatchApp=>false, :hasSwiftRuntime=>false, :supportsEncryptionFormat2=>false, :supportsSwiftConcurrencyNatively=>false}}
    {:device=>{:target=>"n61ap", :productType=>"iPhone7,2", :displayName=>"iPhone 6"}, :traits=>{:deploymentTarget=>#<Gem::Version "11.0">, :passDeploymentTargetToAssetutil=>false, :architecture=>"arm64", :artworkDevIdiom=>"phone", :artworkHostedIdioms=>["car", "watch"], :artworkScaleFactor=>2, :artworkDevSubtype=>569, :artworkDisplayGamut=>"sRGB", :devPerfMemoryClass=>1, :gfxFeatureSetClass=>"MTL2,2", :gfxFeatureSetFallbacks=>["MTL1,2", "GLES2,0"], :featuresToRemove=>[], :supportsEmbeddedWatchApp=>true, :supportsEmbeddedUniversalWatchApp=>false, :hasSwiftRuntime=>false, :supportsEncryptionFormat2=>false, :supportsSwiftConcurrencyNatively=>false}}
    {:device=>{:target=>"n61ap", :productType=>"iPhone7,2", :displayName=>"iPhone 6"}, :traits=>{:deploymentTarget=>#<Gem::Version "12.0">, :passDeploymentTargetToAssetutil=>true, :architecture=>"arm64", :artworkDevIdiom=>"phone", :artworkHostedIdioms=>["car", "watch"], :artworkScaleFactor=>2, :artworkDevSubtype=>569, :artworkDisplayGamut=>"sRGB", :devPerfMemoryClass=>1, :gfxFeatureSetClass=>"MTL2,2", :gfxFeatureSetFallbacks=>["MTL1,2", "GLES2,0"], :featuresToRemove=>[], :supportsEmbeddedWatchApp=>true, :supportsEmbeddedUniversalWatchApp=>true, :hasSwiftRuntime=>false, :supportsEncryptionFormat2=>false, :supportsSwiftConcurrencyNatively=>false}}
2023-02-11 02:20:26 +0000      {:device=>{:target=>"n61ap", :productType=>"iPhone7,2", :displayName=>"iPhone 6"}, :traits=>{:deploymentTarget=>#<Gem::Version "12.2">, :passDeploymentTargetToAssetutil=>true, :architecture=>"arm64", :artworkDevIdiom=>"phone", :artworkHostedIdioms=>["car", "watch"], :artworkScaleFactor=>2, :artworkDevSubtype=>569, :artworkDisplayGamut=>"sRGB", :devPerfMemoryClass=>1, :gfxFeatureSetClass=>"MTL2,2", :gfxFeatureSetFallbacks=>["MTL1,2", "GLES2,0"], :featuresToRemove=>[], :supportsEmbeddedWatchApp=>true, :supportsEmbeddedUniversalWatchApp=>true, :hasSwiftRuntime=>true, :supportsEncryptionFormat2=>false, :supportsSwiftConcurrencyNatively=>false}}
    {:device=>{:target=>"n61ap", :productType=>"iPhone7,2", :displayName=>"iPhone 6"}, :traits=>{:deploymentTarget=>#<Gem::Version "9.0">, :passDeploymentTargetToAssetutil=>false, :architecture=>"arm64", :artworkDevIdiom=>"phone", :artworkHostedIdioms=>["car", "watch"], :artworkScaleFactor=>2, :artworkDevSubtype=>569, :artworkDisplayGamut=>"sRGB", :devPerfMemoryClass=>1, :gfxFeatureSetClass=>"MTL2,2", :gfxFeatureSetFallbacks=>["MTL1,2", "GLES2,0"], :featuresToRemove=>[], :supportsEmbeddedWatchApp=>true, :supportsEmbeddedUniversalWatchApp=>false, :hasSwiftRuntime=>false, :supportsEncryptionFormat2=>false, :supportsSwiftConcurrencyNatively=>false}}
    {:device=>{:target=>"n71map", :productType=>"iPhone8,1", :displayName=>"iPhone 6s"}, :traits=>{:deploymentTarget=>#<Gem::Version "10.0">, :passDeploymentTargetToAssetutil=>false, :architecture=>"arm64", :artworkDevIdiom=>"phone", :artworkHostedIdioms=>["car"], :artworkScaleFactor=>2, :artworkDevSubtype=>569, :artworkDisplayGamut=>"sRGB", :devPerfMemoryClass=>2, :gfxFeatureSetClass=>"APPLE3", :gfxFeatureSetFallbacks=>["APPLE3v1", "APPLE2", "APPLE1", "GLES2,0"], :featuresToRemove=>[], :supportsEmbeddedWatchApp=>true, :supportsEmbeddedUniversalWatchApp=>false, :hasSwiftRuntime=>false, :supportsEncryptionFormat2=>false, :supportsSwiftConcurrencyNatively=>false}}
    {:device=>{:target=>"n71map", :productType=>"iPhone8,1", :displayName=>"iPhone 6s"}, :traits=>{:deploymentTarget=>#<Gem::Version "11.0">, :passDeploymentTargetToAssetutil=>false, :architecture=>"arm64", :artworkDevIdiom=>"phone", :artworkHostedIdioms=>["car"], :artworkScaleFactor=>2, :artworkDevSubtype=>569, :artworkDisplayGamut=>"sRGB", :devPerfMemoryClass=>2, :gfxFeatureSetClass=>"APPLE3", :gfxFeatureSetFallbacks=>["APPLE3v1", "APPLE2", "APPLE1", "GLES2,0"], :featuresToRemove=>[], :supportsEmbeddedWatchApp=>true, :supportsEmbeddedUniversalWatchApp=>false, :hasSwiftRuntime=>false, :supportsEncryptionFormat2=>false, :supportsSwiftConcurrencyNatively=>false}}
    {:device=>{:target=>"n71map", :productType=>"iPhone8,1", :displayName=>"iPhone 6s"}, :traits=>{:deploymentTarget=>#<Gem::Version "12.0">, :passDeploymentTargetToAssetutil=>true, :architecture=>"arm64", :artworkDevIdiom=>"phone", :artworkHostedIdioms=>["car", "watch"], :artworkScaleFactor=>2, :artworkDevSubtype=>569, :artworkDisplayGamut=>"sRGB", :devPerfMemoryClass=>2, :gfxFeatureSetClass=>"MTL3,2", :gfxFeatureSetFallbacks=>["MTL3,1", "MTL2,2", "MTL1,2", "GLES2,0"], :featuresToRemove=>[], :supportsEmbeddedWatchApp=>true, :supportsEmbeddedUniversalWatchApp=>true, :hasSwiftRuntime=>false, :supportsEncryptionFormat2=>false, :supportsSwiftConcurrencyNatively=>false}}
2023-02-11 02:20:26 +0000      {:device=>{:target=>"n71map", :productType=>"iPhone8,1", :displayName=>"iPhone 6s"}, :traits=>{:deploymentTarget=>#<Gem::Version "12.2">, :passDeploymentTargetToAssetutil=>true, :architecture=>"arm64", :artworkDevIdiom=>"phone", :artworkHostedIdioms=>["car", "watch"], :artworkScaleFactor=>2, :artworkDevSubtype=>569, :artworkDisplayGamut=>"sRGB", :devPerfMemoryClass=>2, :gfxFeatureSetClass=>"MTL3,2", :gfxFeatureSetFallbacks=>["MTL3,1", "MTL2,2", "MTL1,2", "GLES2,0"], :featuresToRemove=>[], :supportsEmbeddedWatchApp=>true, :supportsEmbeddedUniversalWatchApp=>true, :hasSwiftRuntime=>true, :supportsEncryptionFormat2=>false, :supportsSwiftConcurrencyNatively=>false}}
    {:device=>{:target=>"n71map", :productType=>"iPhone8,1", :displayName=>"iPhone 6s"}, :traits=>{:deploymentTarget=>#<Gem::Version "13.0">, :passDeploymentTargetToAssetutil=>true, :architecture=>"arm64", :artworkDevIdiom=>"phone", :artworkHostedIdioms=>["car"], :artworkScaleFactor=>2, :artworkDevSubtype=>569, :artworkDisplayGamut=>"sRGB", :devPerfMemoryClass=>2, :gfxFeatureSetClass=>"APPLE3", :gfxFeatureSetFallbacks=>["APPLE3v1", "APPLE2", "APPLE1", "GLES2,0"], :featuresToRemove=>[], :supportsEmbeddedWatchApp=>false, :supportsEmbeddedUniversalWatchApp=>false, :hasSwiftRuntime=>true, :supportsEncryptionFormat2=>true, :supportsSwiftConcurrencyNatively=>false}}
    {:device=>{:target=>"n71map", :productType=>"iPhone8,1", :displayName=>"iPhone 6s"}, :traits=>{:deploymentTarget=>#<Gem::Version "14.0">, :passDeploymentTargetToAssetutil=>true, :architecture=>"arm64", :artworkDevIdiom=>"phone", :artworkHostedIdioms=>["car"], :artworkScaleFactor=>2, :artworkDevSubtype=>569, :artworkDisplayGamut=>"sRGB", :devPerfMemoryClass=>2, :gfxFeatureSetClass=>"APPLE3", :gfxFeatureSetFallbacks=>["APPLE3v1", "APPLE2", "APPLE1", "GLES2,0"], :featuresToRemove=>[], :supportsEmbeddedWatchApp=>false, :supportsEmbeddedUniversalWatchApp=>false, :hasSwiftRuntime=>true, :supportsEncryptionFormat2=>true, :supportsSwiftConcurrencyNatively=>false}}
    {:device=>{:target=>"n71map", :productType=>"iPhone8,1", :displayName=>"iPhone 6s"}, :traits=>{:deploymentTarget=>#<Gem::Version "9.0">, :passDeploymentTargetToAssetutil=>false, :architecture=>"arm64", :artworkDevIdiom=>"phone", :artworkHostedIdioms=>["car"], :artworkScaleFactor=>2, :artworkDevSubtype=>569, :artworkDisplayGamut=>"sRGB", :devPerfMemoryClass=>2, :gfxFeatureSetClass=>"APPLE3", :gfxFeatureSetFallbacks=>["APPLE3v1", "APPLE2", "APPLE1", "GLES2,0"], :featuresToRemove=>[], :supportsEmbeddedWatchApp=>true, :supportsEmbeddedUniversalWatchApp=>false, :hasSwiftRuntime=>false, :supportsEncryptionFormat2=>false, :supportsSwiftConcurrencyNatively=>false}}
2023-02-11 02:20:26 +0000      {:device=>{:target=>"n71ap", :productType=>"iPhone8,1", :displayName=>"iPhone 6s"}, :traits=>{:deploymentTarget=>#<Gem::Version "10.0">, :passDeploymentTargetToAssetutil=>false, :architecture=>"arm64", :artworkDevIdiom=>"phone", :artworkHostedIdioms=>["car"], :artworkScaleFactor=>2, :artworkDevSubtype=>569, :artworkDisplayGamut=>"sRGB", :devPerfMemoryClass=>2, :gfxFeatureSetClass=>"APPLE3", :gfxFeatureSetFallbacks=>["APPLE3v1", "APPLE2", "APPLE1", "GLES2,0"], :featuresToRemove=>[], :supportsEmbeddedWatchApp=>true, :supportsEmbeddedUniversalWatchApp=>false, :hasSwiftRuntime=>false, :supportsEncryptionFormat2=>false, :supportsSwiftConcurrencyNatively=>false}}
    {:device=>{:target=>"n71ap", :productType=>"iPhone8,1", :displayName=>"iPhone 6s"}, :traits=>{:deploymentTarget=>#<Gem::Version "11.0">, :passDeploymentTargetToAssetutil=>false, :architecture=>"arm64", :artworkDevIdiom=>"phone", :artworkHostedIdioms=>["car"], :artworkScaleFactor=>2, :artworkDevSubtype=>569, :artworkDisplayGamut=>"sRGB", :devPerfMemoryClass=>2, :gfxFeatureSetClass=>"APPLE3", :gfxFeatureSetFallbacks=>["APPLE3v1", "APPLE2", "APPLE1", "GLES2,0"], :featuresToRemove=>[], :supportsEmbeddedWatchApp=>true, :supportsEmbeddedUniversalWatchApp=>false, :hasSwiftRuntime=>false, :supportsEncryptionFormat2=>false, :supportsSwiftConcurrencyNatively=>false}}
    {:device=>{:target=>"n71ap", :productType=>"iPhone8,1", :displayName=>"iPhone 6s"}, :traits=>{:deploymentTarget=>#<Gem::Version "12.0">, :passDeploymentTargetToAssetutil=>true, :architecture=>"arm64", :artworkDevIdiom=>"phone", :artworkHostedIdioms=>["car", "watch"], :artworkScaleFactor=>2, :artworkDevSubtype=>569, :artworkDisplayGamut=>"sRGB", :devPerfMemoryClass=>2, :gfxFeatureSetClass=>"MTL3,2", :gfxFeatureSetFallbacks=>["MTL3,1", "MTL2,2", "MTL1,2", "GLES2,0"], :featuresToRemove=>[], :supportsEmbeddedWatchApp=>true, :supportsEmbeddedUniversalWatchApp=>true, :hasSwiftRuntime=>false, :supportsEncryptionFormat2=>false, :supportsSwiftConcurrencyNatively=>false}}
    {:device=>{:target=>"n71ap", :productType=>"iPhone8,1", :displayName=>"iPhone 6s"}, :traits=>{:deploymentTarget=>#<Gem::Version "12.2">, :passDeploymentTargetToAssetutil=>true, :architecture=>"arm64", :artworkDevIdiom=>"phone", :artworkHostedIdioms=>["car", "watch"], :artworkScaleFactor=>2, :artworkDevSubtype=>569, :artworkDisplayGamut=>"sRGB", :devPerfMemoryClass=>2, :gfxFeatureSetClass=>"MTL3,2", :gfxFeatureSetFallbacks=>["MTL3,1", "MTL2,2", "MTL1,2", "GLES2,0"], :featuresToRemove=>[], :supportsEmbeddedWatchApp=>true, :supportsEmbeddedUniversalWatchApp=>true, :hasSwiftRuntime=>true, :supportsEncryptionFormat2=>false, :supportsSwiftConcurrencyNatively=>false}}
    {:device=>{:target=>"n71ap", :productType=>"iPhone8,1", :displayName=>"iPhone 6s"}, :traits=>{:deploymentTarget=>#<Gem::Version "13.0">, :passDeploymentTargetToAssetutil=>true, :architecture=>"arm64", :artworkDevIdiom=>"phone", :artworkHostedIdioms=>["car"], :artworkScaleFactor=>2, :artworkDevSubtype=>569, :artworkDisplayGamut=>"sRGB", :devPerfMemoryClass=>2, :gfxFeatureSetClass=>"APPLE3", :gfxFeatureSetFallbacks=>["APPLE3v1", "APPLE2", "APPLE1", "GLES2,0"], :featuresToRemove=>[], :supportsEmbeddedWatchApp=>false, :supportsEmbeddedUniversalWatchApp=>false, :hasSwiftRuntime=>true, :supportsEncryptionFormat2=>true, :supportsSwiftConcurrencyNatively=>false}}
2023-02-11 02:20:26 +0000      {:device=>{:target=>"n71ap", :productType=>"iPhone8,1", :displayName=>"iPhone 6s"}, :traits=>{:deploymentTarget=>#<Gem::Version "14.0">, :passDeploymentTargetToAssetutil=>true, :architecture=>"arm64", :artworkDevIdiom=>"phone", :artworkHostedIdioms=>["car"], :artworkScaleFactor=>2, :artworkDevSubtype=>569, :artworkDisplayGamut=>"sRGB", :devPerfMemoryClass=>2, :gfxFeatureSetClass=>"APPLE3", :gfxFeatureSetFallbacks=>["APPLE3v1", "APPLE2", "APPLE1", "GLES2,0"], :featuresToRemove=>[], :supportsEmbeddedWatchApp=>false, :supportsEmbeddedUniversalWatchApp=>false, :hasSwiftRuntime=>true, :supportsEncryptionFormat2=>true, :supportsSwiftConcurrencyNatively=>false}}
    {:device=>{:target=>"n71ap", :productType=>"iPhone8,1", :displayName=>"iPhone 6s"}, :traits=>{:deploymentTarget=>#<Gem::Version "9.0">, :passDeploymentTargetToAssetutil=>false, :architecture=>"arm64", :artworkDevIdiom=>"phone", :artworkHostedIdioms=>["car"], :artworkScaleFactor=>2, :artworkDevSubtype=>569, :artworkDisplayGamut=>"sRGB", :devPerfMemoryClass=>2, :gfxFeatureSetClass=>"APPLE3", :gfxFeatureSetFallbacks=>["APPLE3v1", "APPLE2", "APPLE1", "GLES2,0"], :featuresToRemove=>[], :supportsEmbeddedWatchApp=>true, :supportsEmbeddedUniversalWatchApp=>false, :hasSwiftRuntime=>false, :supportsEncryptionFormat2=>false, :supportsSwiftConcurrencyNatively=>false}}
    {:device=>{:target=>"n66map", :productType=>"iPhone8,2", :displayName=>"iPhone 6s Plus"}, :traits=>{:deploymentTarget=>#<Gem::Version "10.0">, :passDeploymentTargetToAssetutil=>false, :architecture=>"arm64", :artworkDevIdiom=>"phone", :artworkHostedIdioms=>["car"], :artworkScaleFactor=>3, :artworkDevSubtype=>570, :artworkDisplayGamut=>"sRGB", :devPerfMemoryClass=>2, :gfxFeatureSetClass=>"APPLE3", :gfxFeatureSetFallbacks=>["APPLE3v1", "APPLE2", "APPLE1", "GLES2,0"], :featuresToRemove=>[], :supportsEmbeddedWatchApp=>true, :supportsEmbeddedUniversalWatchApp=>false, :hasSwiftRuntime=>false, :supportsEncryptionFormat2=>false, :supportsSwiftConcurrencyNatively=>false}}
    {:device=>{:target=>"n66map", :productType=>"iPhone8,2", :displayName=>"iPhone 6s Plus"}, :traits=>{:deploymentTarget=>#<Gem::Version "11.0">, :passDeploymentTargetToAssetutil=>false, :architecture=>"arm64", :artworkDevIdiom=>"phone", :artworkHostedIdioms=>["car"], :artworkScaleFactor=>3, :artworkDevSubtype=>570, :artworkDisplayGamut=>"sRGB", :devPerfMemoryClass=>2, :gfxFeatureSetClass=>"APPLE3", :gfxFeatureSetFallbacks=>["APPLE3v1", "APPLE2", "APPLE1", "GLES2,0"], :featuresToRemove=>[], :supportsEmbeddedWatchApp=>true, :supportsEmbeddedUniversalWatchApp=>false, :hasSwiftRuntime=>false, :supportsEncryptionFormat2=>false, :supportsSwiftConcurrencyNatively=>false}}
2023-02-11 02:20:26 +0000      {:device=>{:target=>"n66map", :productType=>"iPhone8,2", :displayName=>"iPhone 6s Plus"}, :traits=>{:deploymentTarget=>#<Gem::Version "12.0">, :passDeploymentTargetToAssetutil=>true, :architecture=>"arm64", :artworkDevIdiom=>"phone", :artworkHostedIdioms=>["car", "watch"], :artworkScaleFactor=>3, :artworkDevSubtype=>570, :artworkDisplayGamut=>"sRGB", :devPerfMemoryClass=>2, :gfxFeatureSetClass=>"MTL3,2", :gfxFeatureSetFallbacks=>["MTL3,1", "MTL2,2", "MTL1,2", "GLES2,0"], :featuresToRemove=>[], :supportsEmbeddedWatchApp=>true, :supportsEmbeddedUniversalWatchApp=>true, :hasSwiftRuntime=>false, :supportsEncryptionFormat2=>false, :supportsSwiftConcurrencyNatively=>false}}
    {:device=>{:target=>"n66map", :productType=>"iPhone8,2", :displayName=>"iPhone 6s Plus"}, :traits=>{:deploymentTarget=>#<Gem::Version "12.2">, :passDeploymentTargetToAssetutil=>true, :architecture=>"arm64", :artworkDevIdiom=>"phone", :artworkHostedIdioms=>["car", "watch"], :artworkScaleFactor=>3, :artworkDevSubtype=>570, :artworkDisplayGamut=>"sRGB", :devPerfMemoryClass=>2, :gfxFeatureSetClass=>"MTL3,2", :gfxFeatureSetFallbacks=>["MTL3,1", "MTL2,2", "MTL1,2", "GLES2,0"], :featuresToRemove=>[], :supportsEmbeddedWatchApp=>true, :supportsEmbeddedUniversalWatchApp=>true, :hasSwiftRuntime=>true, :supportsEncryptionFormat2=>false, :supportsSwiftConcurrencyNatively=>false}}
    {:device=>{:target=>"n66map", :productType=>"iPhone8,2", :displayName=>"iPhone 6s Plus"}, :traits=>{:deploymentTarget=>#<Gem::Version "13.0">, :passDeploymentTargetToAssetutil=>true, :architecture=>"arm64", :artworkDevIdiom=>"phone", :artworkHostedIdioms=>["car"], :artworkScaleFactor=>3, :artworkDevSubtype=>570, :artworkDisplayGamut=>"sRGB", :devPerfMemoryClass=>2, :gfxFeatureSetClass=>"APPLE3", :gfxFeatureSetFallbacks=>["APPLE3v1", "APPLE2", "APPLE1", "GLES2,0"], :featuresToRemove=>[], :supportsEmbeddedWatchApp=>false, :supportsEmbeddedUniversalWatchApp=>false, :hasSwiftRuntime=>true, :supportsEncryptionFormat2=>true, :supportsSwiftConcurrencyNatively=>false}}
    {:device=>{:target=>"n66map", :productType=>"iPhone8,2", :displayName=>"iPhone 6s Plus"}, :traits=>{:deploymentTarget=>#<Gem::Version "14.0">, :passDeploymentTargetToAssetutil=>true, :architecture=>"arm64", :artworkDevIdiom=>"phone", :artworkHostedIdioms=>["car"], :artworkScaleFactor=>3, :artworkDevSubtype=>570, :artworkDisplayGamut=>"sRGB", :devPerfMemoryClass=>2, :gfxFeatureSetClass=>"APPLE3", :gfxFeatureSetFallbacks=>["APPLE3v1", "APPLE2", "APPLE1", "GLES2,0"], :featuresToRemove=>[], :supportsEmbeddedWatchApp=>false, :supportsEmbeddedUniversalWatchApp=>false, :hasSwiftRuntime=>true, :supportsEncryptionFormat2=>true, :supportsSwiftConcurrencyNatively=>false}}
2023-02-11 02:20:26 +0000      {:device=>{:target=>"n66map", :productType=>"iPhone8,2", :displayName=>"iPhone 6s Plus"}, :traits=>{:deploymentTarget=>#<Gem::Version "9.0">, :passDeploymentTargetToAssetutil=>false, :architecture=>"arm64", :artworkDevIdiom=>"phone", :artworkHostedIdioms=>["car"], :artworkScaleFactor=>3, :artworkDevSubtype=>570, :artworkDisplayGamut=>"sRGB", :devPerfMemoryClass=>2, :gfxFeatureSetClass=>"APPLE3", :gfxFeatureSetFallbacks=>["APPLE3v1", "APPLE2", "APPLE1", "GLES2,0"], :featuresToRemove=>[], :supportsEmbeddedWatchApp=>true, :supportsEmbeddedUniversalWatchApp=>false, :hasSwiftRuntime=>false, :supportsEncryptionFormat2=>false, :supportsSwiftConcurrencyNatively=>false}}
    {:device=>{:target=>"n66ap", :productType=>"iPhone8,2", :displayName=>"iPhone 6s Plus"}, :traits=>{:deploymentTarget=>#<Gem::Version "10.0">, :passDeploymentTargetToAssetutil=>false, :architecture=>"arm64", :artworkDevIdiom=>"phone", :artworkHostedIdioms=>["car"], :artworkScaleFactor=>3, :artworkDevSubtype=>570, :artworkDisplayGamut=>"sRGB", :devPerfMemoryClass=>2, :gfxFeatureSetClass=>"APPLE3", :gfxFeatureSetFallbacks=>["APPLE3v1", "APPLE2", "APPLE1", "GLES2,0"], :featuresToRemove=>[], :supportsEmbeddedWatchApp=>true, :supportsEmbeddedUniversalWatchApp=>false, :hasSwiftRuntime=>false, :supportsEncryptionFormat2=>false, :supportsSwiftConcurrencyNatively=>false}}
    {:device=>{:target=>"n66ap", :productType=>"iPhone8,2", :displayName=>"iPhone 6s Plus"}, :traits=>{:deploymentTarget=>#<Gem::Version "11.0">, :passDeploymentTargetToAssetutil=>false, :architecture=>"arm64", :artworkDevIdiom=>"phone", :artworkHostedIdioms=>["car"], :artworkScaleFactor=>3, :artworkDevSubtype=>570, :artworkDisplayGamut=>"sRGB", :devPerfMemoryClass=>2, :gfxFeatureSetClass=>"APPLE3", :gfxFeatureSetFallbacks=>["APPLE3v1", "APPLE2", "APPLE1", "GLES2,0"], :featuresToRemove=>[], :supportsEmbeddedWatchApp=>true, :supportsEmbeddedUniversalWatchApp=>false, :hasSwiftRuntime=>false, :supportsEncryptionFormat2=>false, :supportsSwiftConcurrencyNatively=>false}}
    {:device=>{:target=>"n66ap", :productType=>"iPhone8,2", :displayName=>"iPhone 6s Plus"}, :traits=>{:deploymentTarget=>#<Gem::Version "12.0">, :passDeploymentTargetToAssetutil=>true, :architecture=>"arm64", :artworkDevIdiom=>"phone", :artworkHostedIdioms=>["car", "watch"], :artworkScaleFactor=>3, :artworkDevSubtype=>570, :artworkDisplayGamut=>"sRGB", :devPerfMemoryClass=>2, :gfxFeatureSetClass=>"MTL3,2", :gfxFeatureSetFallbacks=>["MTL3,1", "MTL2,2", "MTL1,2", "GLES2,0"], :featuresToRemove=>[], :supportsEmbeddedWatchApp=>true, :supportsEmbeddedUniversalWatchApp=>true, :hasSwiftRuntime=>false, :supportsEncryptionFormat2=>false, :supportsSwiftConcurrencyNatively=>false}}
    {:device=>{:target=>"n66ap", :productType=>"iPhone8,2", :displayName=>"iPhone 6s Plus"}, :traits=>{:deploymentTarget=>#<Gem::Version "12.2">, :passDeploymentTargetToAssetutil=>true, :architecture=>"arm64", :artworkDevIdiom=>"phone", :artworkHostedIdioms=>["car", "watch"], :artworkScaleFactor=>3, :artworkDevSubtype=>570, :artworkDisplayGamut=>"sRGB", :devPerfMemoryClass=>2, :gfxFeatureSetClass=>"MTL3,2", :gfxFeatureSetFallbacks=>["MTL3,1", "MTL2,2", "MTL1,2", "GLES2,0"], :featuresToRemove=>[], :supportsEmbeddedWatchApp=>true, :supportsEmbeddedUniversalWatchApp=>true, :hasSwiftRuntime=>true, :supportsEncryptionFormat2=>false, :supportsSwiftConcurrencyNatively=>false}}
    {:device=>{:target=>"n66ap", :productType=>"iPhone8,2", :displayName=>"iPhone 6s Plus"}, :traits=>{:deploymentTarget=>#<Gem::Version "13.0">, :passDeploymentTargetToAssetutil=>true, :architecture=>"arm64", :artworkDevIdiom=>"phone", :artworkHostedIdioms=>["car"], :artworkScaleFactor=>3, :artworkDevSubtype=>570, :artworkDisplayGamut=>"sRGB", :devPerfMemoryClass=>2, :gfxFeatureSetClass=>"APPLE3", :gfxFeatureSetFallbacks=>["APPLE3v1", "APPLE2", "APPLE1", "GLES2,0"], :featuresToRemove=>[], :supportsEmbeddedWatchApp=>false, :supportsEmbeddedUniversalWatchApp=>false, :hasSwiftRuntime=>true, :supportsEncryptionFormat2=>true, :supportsSwiftConcurrencyNatively=>false}}
2023-02-11 02:20:26 +0000      {:device=>{:target=>"n66ap", :productType=>"iPhone8,2", :displayName=>"iPhone 6s Plus"}, :traits=>{:deploymentTarget=>#<Gem::Version "14.0">, :passDeploymentTargetToAssetutil=>true, :architecture=>"arm64", :artworkDevIdiom=>"phone", :artworkHostedIdioms=>["car"], :artworkScaleFactor=>3, :artworkDevSubtype=>570, :artworkDisplayGamut=>"sRGB", :devPerfMemoryClass=>2, :gfxFeatureSetClass=>"APPLE3", :gfxFeatureSetFallbacks=>["APPLE3v1", "APPLE2", "APPLE1", "GLES2,0"], :featuresToRemove=>[], :supportsEmbeddedWatchApp=>false, :supportsEmbeddedUniversalWatchApp=>false, :hasSwiftRuntime=>true, :supportsEncryptionFormat2=>true, :supportsSwiftConcurrencyNatively=>false}}
    {:device=>{:target=>"n66ap", :productType=>"iPhone8,2", :displayName=>"iPhone 6s Plus"}, :traits=>{:deploymentTarget=>#<Gem::Version "9.0">, :passDeploymentTargetToAssetutil=>false, :architecture=>"arm64", :artworkDevIdiom=>"phone", :artworkHostedIdioms=>["car"], :artworkScaleFactor=>3, :artworkDevSubtype=>570, :artworkDisplayGamut=>"sRGB", :devPerfMemoryClass=>2, :gfxFeatureSetClass=>"APPLE3", :gfxFeatureSetFallbacks=>["APPLE3v1", "APPLE2", "APPLE1", "GLES2,0"], :featuresToRemove=>[], :supportsEmbeddedWatchApp=>true, :supportsEmbeddedUniversalWatchApp=>false, :hasSwiftRuntime=>false, :supportsEncryptionFormat2=>false, :supportsSwiftConcurrencyNatively=>false}}
    {:device=>{:target=>"n69uap", :productType=>"iPhone8,4", :displayName=>"iPhone SE (1st generation)"}, :traits=>{:deploymentTarget=>#<Gem::Version "10.0">, :passDeploymentTargetToAssetutil=>false, :architecture=>"arm64", :artworkDevIdiom=>"phone", :artworkHostedIdioms=>["car"], :artworkScaleFactor=>2, :artworkDevSubtype=>568, :artworkDisplayGamut=>"sRGB", :devPerfMemoryClass=>2, :gfxFeatureSetClass=>"APPLE3", :gfxFeatureSetFallbacks=>["APPLE3v1", "APPLE2", "APPLE1", "GLES2,0"], :featuresToRemove=>[], :supportsEmbeddedWatchApp=>true, :supportsEmbeddedUniversalWatchApp=>false, :hasSwiftRuntime=>false, :supportsEncryptionFormat2=>false, :supportsSwiftConcurrencyNatively=>false}}
    {:device=>{:target=>"n69uap", :productType=>"iPhone8,4", :displayName=>"iPhone SE (1st generation)"}, :traits=>{:deploymentTarget=>#<Gem::Version "11.0">, :passDeploymentTargetToAssetutil=>false, :architecture=>"arm64", :artworkDevIdiom=>"phone", :artworkHostedIdioms=>["car"], :artworkScaleFactor=>2, :artworkDevSubtype=>568, :artworkDisplayGamut=>"sRGB", :devPerfMemoryClass=>2, :gfxFeatureSetClass=>"APPLE3", :gfxFeatureSetFallbacks=>["APPLE3v1", "APPLE2", "APPLE1", "GLES2,0"], :featuresToRemove=>[], :supportsEmbeddedWatchApp=>true, :supportsEmbeddedUniversalWatchApp=>false, :hasSwiftRuntime=>false, :supportsEncryptionFormat2=>false, :supportsSwiftConcurrencyNatively=>false}}
    {:device=>{:target=>"n69uap", :productType=>"iPhone8,4", :displayName=>"iPhone SE (1st generation)"}, :traits=>{:deploymentTarget=>#<Gem::Version "12.0">, :passDeploymentTargetToAssetutil=>true, :architecture=>"arm64", :artworkDevIdiom=>"phone", :artworkHostedIdioms=>["car", "watch"], :artworkScaleFactor=>2, :artworkDevSubtype=>568, :artworkDisplayGamut=>"sRGB", :devPerfMemoryClass=>2, :gfxFeatureSetClass=>"MTL3,2", :gfxFeatureSetFallbacks=>["MTL3,1", "MTL2,2", "MTL1,2", "GLES2,0"], :featuresToRemove=>[], :supportsEmbeddedWatchApp=>true, :supportsEmbeddedUniversalWatchApp=>true, :hasSwiftRuntime=>false, :supportsEncryptionFormat2=>false, :supportsSwiftConcurrencyNatively=>false}}
    {:device=>{:target=>"n69uap", :productType=>"iPhone8,4", :displayName=>"iPhone SE (1st generation)"}, :traits=>{:deploymentTarget=>#<Gem::Version "12.2">, :passDeploymentTargetToAssetutil=>true, :architecture=>"arm64", :artworkDevIdiom=>"phone", :artworkHostedIdioms=>["car", "watch"], :artworkScaleFactor=>2, :artworkDevSubtype=>568, :artworkDisplayGamut=>"sRGB", :devPerfMemoryClass=>2, :gfxFeatureSetClass=>"MTL3,2", :gfxFeatureSetFallbacks=>["MTL3,1", "MTL2,2", "MTL1,2", "GLES2,0"], :featuresToRemove=>[], :supportsEmbeddedWatchApp=>true, :supportsEmbeddedUniversalWatchApp=>true, :hasSwiftRuntime=>true, :supportsEncryptionFormat2=>false, :supportsSwiftConcurrencyNative
2023-02-11 02:20:26 +0000  ly=>false}}
    {:device=>{:target=>"n69uap", :productType=>"iPhone8,4", :displayName=>"iPhone SE (1st generation)"}, :traits=>{:deploymentTarget=>#<Gem::Version "13.0">, :passDeploymentTargetToAssetutil=>true, :architecture=>"arm64", :artworkDevIdiom=>"phone", :artworkHostedIdioms=>["car"], :artworkScaleFactor=>2, :artworkDevSubtype=>568, :artworkDisplayGamut=>"sRGB", :devPerfMemoryClass=>2, :gfxFeatureSetClass=>"APPLE3", :gfxFeatureSetFallbacks=>["APPLE3v1", "APPLE2", "APPLE1", "GLES2,0"], :featuresToRemove=>[], :supportsEmbeddedWatchApp=>false, :supportsEmbeddedUniversalWatchApp=>false, :hasSwiftRuntime=>true, :supportsEncryptionFormat2=>true, :supportsSwiftConcurrencyNatively=>false}}
    {:device=>{:target=>"n69uap", :productType=>"iPhone8,4", :displayName=>"iPhone SE (1st generation)"}, :traits=>{:deploymentTarget=>#<Gem::Version "14.0">, :passDeploymentTargetToAssetutil=>true, :architecture=>"arm64", :artworkDevIdiom=>"phone", :artworkHostedIdioms=>["car"], :artworkScaleFactor=>2, :artworkDevSubtype=>568, :artworkDisplayGamut=>"sRGB", :devPerfMemoryClass=>2, :gfxFeatureSetClass=>"APPLE3", :gfxFeatureSetFallbacks=>["APPLE3v1", "APPLE2", "APPLE1", "GLES2,0"], :featuresToRemove=>[], :supportsEmbeddedWatchApp=>false, :supportsEmbeddedUniversalWatchApp=>false, :hasSwiftRuntime=>true, :supportsEncryptionFormat2=>true, :supportsSwiftConcurrencyNatively=>false}}
    {:device=>{:target=>"n69ap", :productType=>"iPhone8,4", :displayName=>"iPhone SE (1st generation)"}, :traits=>{:deploymentTarget=>#<Gem::Version "10.0">, :passDeploymentTargetToAssetutil=>false, :architecture=>"arm64", :artworkDevIdiom=>"phone", :artworkHostedIdioms=>["car"], :artworkScaleFactor=>2, :artworkDevSubtype=>568, :artworkDisplayGamut=>"sRGB", :devPerfMemoryClass=>2, :gfxFeatureSetClass=>"APPLE3", :gfxFeatureSetFallbacks=>["APPLE3v1", "APPLE2", "APPLE1", "GLES2,0"], :featuresToRemove=>[], :supportsEmbeddedWatchApp=>true, :supportsEmbeddedUniversalWatchApp=>false, :hasSwiftRuntime=>false, :supportsEncryptionFormat2=>false, :supportsSwiftConcurrencyNatively=>false}}
    {:device=>{:target=>"n69ap", :productType=>"iPhone8,4", :displayName=>"iPhone SE (1st generation)"}, :traits=>{:deploymentTarget=>#<Gem::Version "11.0">, :passDeploymentTargetToAssetutil=>false, :architecture=>"arm64", :artworkDevIdiom=>"phone", :artworkHostedIdioms=>["car"], :artworkScaleFactor=>2, :artworkDevSubtype=>568, :artworkDisplayGamut=>"sRGB", :devPerfMemoryClass=>2, :gfxFeatureSetClass=>"APPLE3", :gfxFeatureSetFallbacks=>["APPLE3v1", "APPLE2", "APPLE1", "GLES2,0"], :featuresToRemove=>[], :supportsEmbeddedWatchApp=>true, :supportsEmbeddedUniversalWatchApp=>false, :hasSwiftRuntime=>false, :supportsEncryptionFormat2=>false, :supportsSwiftConcurrencyNatively=>false}}
    {:device=>{:target=>"n69ap", :productType=>"iPhone8,4", :displayName=>"iPhone SE (1st generation)"}, :traits=>{:deploymentTarget=>#<Gem::Version "12.0">, :passDeploymentTargetToAssetutil=>true, :architecture=>"arm64", :artworkDevIdiom=>"phone", :artworkHostedIdioms=>["car", "watch"], :artworkScaleFactor=>2, :artworkDevSubtype=>568, :artworkDisplayGamut=>"sRGB", :devPerfMemoryClass=>2, :gfxFeatureSetClass=>"MTL3,2", :gfxFeatureSetFallbacks=>["MTL3,1", "MTL2,2", "MTL1,2", "GLES2,0"], :featuresToRemove=>[], :supportsEmbeddedWatchApp=>true, :supportsEmbeddedUniversalWatchApp=>true, :hasSwiftRuntime=>false, :supportsEncryptionFormat2=>false, :supportsSwiftConcurrencyNatively=>false}}
    {:device=>{:target=>"n69ap", :productType=>"iPhone8,4", :displayName=>"iPhone SE (1st generation)"}, :traits=>{:deploymentTarget=>#<Gem::Version "12.2">, :passDeploymentTargetToAssetutil=>true, :architecture=>"arm64", :artworkDevIdiom=>"phone", :artworkHostedIdioms=>["car", "watch"], :artworkScaleFactor=>2, :artworkDevSubtype=>568, :artworkDisplayGamut=>"sRGB", :devPerfMemoryClass=>2, :gfxFeatureSetClass=>"MTL3,2", :gfxFeatureSetFallbacks=>["MTL3,1", "MTL2,2", "MTL1,2", "GLES2,0"], :featuresToRemove=>[], :supportsEmbeddedWatchApp=>true, :supportsEmbeddedUniversalWatchApp=>true, :hasSwiftRuntime=>true, :supportsEncryptionFormat2=>false
2023-02-11 02:20:26 +0000  , :supportsSwiftConcurrencyNatively=>false}}
    {:device=>{:target=>"n69ap", :productType=>"iPhone8,4", :displayName=>"iPhone SE (1st generation)"}, :traits=>{:deploymentTarget=>#<Gem::Version "13.0">, :passDeploymentTargetToAssetutil=>true, :architecture=>"arm64", :artworkDevIdiom=>"phone", :artworkHostedIdioms=>["car"], :artworkScaleFactor=>2, :artworkDevSubtype=>568, :artworkDisplayGamut=>"sRGB", :devPerfMemoryClass=>2, :gfxFeatureSetClass=>"APPLE3", :gfxFeatureSetFallbacks=>["APPLE3v1", "APPLE2", "APPLE1", "GLES2,0"], :featuresToRemove=>[], :supportsEmbeddedWatchApp=>false, :supportsEmbeddedUniversalWatchApp=>false, :hasSwiftRuntime=>true, :supportsEncryptionFormat2=>true, :supportsSwiftConcurrencyNatively=>false}}
    {:device=>{:target=>"n69ap", :productType=>"iPhone8,4", :displayName=>"iPhone SE (1st generation)"}, :traits=>{:deploymentTarget=>#<Gem::Version "14.0">, :passDeploymentTargetToAssetutil=>true, :architecture=>"arm64", :artworkDevIdiom=>"phone", :artworkHostedIdioms=>["car"], :artworkScaleFactor=>2, :artworkDevSubtype=>568, :artworkDisplayGamut=>"sRGB", :devPerfMemoryClass=>2, :gfxFeatureSetClass=>"APPLE3", :gfxFeatureSetFallbacks=>["APPLE3v1", "APPLE2", "APPLE1", "GLES2,0"], :featuresToRemove=>[], :supportsEmbeddedWatchApp=>false, :supportsEmbeddedUniversalWatchApp=>false, :hasSwiftRuntime=>true, :supportsEncryptionFormat2=>true, :supportsSwiftConcurrencyNatively=>false}}
    {:device=>{:target=>"n69ap", :productType=>"iPhone8,4", :displayName=>"iPhone SE (1st generation)"}, :traits=>{:deploymentTarget=>#<Gem::Version "9.0">, :passDeploymentTargetToAssetutil=>false, :architecture=>"arm64", :artworkDevIdiom=>"phone", :artworkHostedIdioms=>["car"], :artworkScaleFactor=>2, :artworkDevSubtype=>568, :artworkDisplayGamut=>"sRGB", :devPerfMemoryClass=>2, :gfxFeatureSetClass=>"APPLE3", :gfxFeatureSetFallbacks=>["APPLE3v1", "APPLE2", "APPLE1", "GLES2,0"], :featuresToRemove=>[], :supportsEmbeddedWatchApp=>true, :supportsEmbeddedUniversalWatchApp=>false, :hasSwiftRuntime=>false, :supportsEncryptionFormat2=>false, :supportsSwiftConcurrencyNatively=>false}}
    {:device=>{:target=>"d10ap", :productType=>"iPhone9,1", :displayName=>"iPhone 7"}, :traits=>{:deploymentTarget=>#<Gem::Version "10.0">, :passDeploymentTargetToAssetutil=>false, :architecture=>"arm64", :artworkDevIdiom=>"phone", :artworkHostedIdioms=>["car"], :artworkScaleFactor=>2, :artworkDevSubtype=>569, :artworkDisplayGamut=>"P3", :devPerfMemoryClass=>2, :gfxFeatureSetClass=>"APPLE3", :gfxFeatureSetFallbacks=>["APPLE3v1", "APPLE2", "APPLE1", "GLES2,0"], :featuresToRemove=>[], :supportsEmbeddedWatchApp=>true, :supportsEmbeddedUniversalWatchApp=>false, :hasSwiftRuntime=>false, :supportsEncryptionFormat2=>false, :supportsSwiftConcurrencyNatively=>false}}
2023-02-11 02:20:26 +0000      {:device=>{:target=>"d10ap", :productType=>"iPhone9,1", :displayName=>"iPhone 7"}, :traits=>{:deploymentTarget=>#<Gem::Version "11.0">, :passDeploymentTargetToAssetutil=>false, :architecture=>"arm64", :artworkDevIdiom=>"phone", :artworkHostedIdioms=>["car"], :artworkScaleFactor=>2, :artworkDevSubtype=>569, :artworkDisplayGamut=>"P3", :devPerfMemoryClass=>2, :gfxFeatureSetClass=>"APPLE3", :gfxFeatureSetFallbacks=>["APPLE3v1", "APPLE2", "APPLE1", "GLES2,0"], :featuresToRemove=>[], :supportsEmbeddedWatchApp=>true, :supportsEmbeddedUniversalWatchApp=>false, :hasSwiftRuntime=>false, :supportsEncryptionFormat2=>false, :supportsSwiftConcurrencyNatively=>false}}
    {:device=>{:target=>"d10ap", :productType=>"iPhone9,1", :displayName=>"iPhone 7"}, :traits=>{:deploymentTarget=>#<Gem::Version "12.0">, :passDeploymentTargetToAssetutil=>true, :architecture=>"arm64", :artworkDevIdiom=>"phone", :artworkHostedIdioms=>["car", "watch"], :artworkScaleFactor=>2, :artworkDevSubtype=>569, :artworkDisplayGamut=>"P3", :devPerfMemoryClass=>2, :gfxFeatureSetClass=>"MTL3,2", :gfxFeatureSetFallbacks=>["MTL3,1", "MTL2,2", "MTL1,2", "GLES2,0"], :featuresToRemove=>[], :supportsEmbeddedWatchApp=>true, :supportsEmbeddedUniversalWatchApp=>true, :hasSwiftRuntime=>false, :supportsEncryptionFormat2=>false, :supportsSwiftConcurrencyNatively=>false}}
    {:device=>{:target=>"d10ap", :productType=>"iPhone9,1", :displayName=>"iPhone 7"}, :traits=>{:deploymentTarget=>#<Gem::Version "12.2">, :passDeploymentTargetToAssetutil=>true, :architecture=>"arm64", :artworkDevIdiom=>"phone", :artworkHostedIdioms=>["car", "watch"], :artworkScaleFactor=>2, :artworkDevSubtype=>569, :artworkDisplayGamut=>"P3", :devPerfMemoryClass=>2, :gfxFeatureSetClass=>"MTL3,2", :gfxFeatureSetFallbacks=>["MTL3,1", "MTL2,2", "MTL1,2", "GLES2,0"], :featuresToRemove=>[], :supportsEmbeddedWatchApp=>true, :supportsEmbeddedUniversalWatchApp=>true, :hasSwiftRuntime=>true, :supportsEncryptionFormat2=>false, :supportsSwiftConcurrencyNatively=>false}}
2023-02-11 02:20:26 +0000      {:device=>{:target=>"d10ap", :productType=>"iPhone9,1", :displayName=>"iPhone 7"}, :traits=>{:deploymentTarget=>#<Gem::Version "13.0">, :passDeploymentTargetToAssetutil=>true, :architecture=>"arm64", :artworkDevIdiom=>"phone", :artworkHostedIdioms=>["car"], :artworkScaleFactor=>2, :artworkDevSubtype=>569, :artworkDisplayGamut=>"P3", :devPerfMemoryClass=>2, :gfxFeatureSetClass=>"APPLE3", :gfxFeatureSetFallbacks=>["APPLE3v1", "APPLE2", "APPLE1", "GLES2,0"], :featuresToRemove=>[], :supportsEmbeddedWatchApp=>false, :supportsEmbeddedUniversalWatchApp=>false, :hasSwiftRuntime=>true, :supportsEncryptionFormat2=>true, :supportsSwiftConcurrencyNatively=>false}}
    {:device=>{:target=>"d10ap", :productType=>"iPhone9,1", :displayName=>"iPhone 7"}, :traits=>{:deploymentTarget=>#<Gem::Version "14.0">, :passDeploymentTargetToAssetutil=>true, :architecture=>"arm64", :artworkDevIdiom=>"phone", :artworkHostedIdioms=>["car"], :artworkScaleFactor=>2, :artworkDevSubtype=>569, :artworkDisplayGamut=>"P3", :devPerfMemoryClass=>2, :gfxFeatureSetClass=>"APPLE3", :gfxFeatureSetFallbacks=>["APPLE3v1", "APPLE2", "APPLE1", "GLES2,0"], :featuresToRemove=>[], :supportsEmbeddedWatchApp=>false, :supportsEmbeddedUniversalWatchApp=>false, :hasSwiftRuntime=>true, :supportsEncryptionFormat2=>true, :supportsSwiftConcurrencyNatively=>false}}
    {:device=>{:target=>"d11ap", :productType=>"iPhone9,2", :displayName=>"iPhone 7 Plus"}, :traits=>{:deploymentTarget=>#<Gem::Version "10.0">, :passDeploymentTargetToAssetutil=>false, :architecture=>"arm64", :artworkDevIdiom=>"phone", :artworkHostedIdioms=>["car"], :artworkScaleFactor=>3, :artworkDevSubtype=>570, :artworkDisplayGamut=>"P3", :devPerfMemoryClass=>4, :gfxFeatureSetClass=>"APPLE3", :gfxFeatureSetFallbacks=>["APPLE3v1", "APPLE2", "APPLE1", "GLES2,0"], :featuresToRemove=>[], :supportsEmbeddedWatchApp=>true, :supportsEmbeddedUniversalWatchApp=>false, :hasSwiftRuntime=>false, :supportsEncryptionFormat2=>false, :supportsSwiftConcurrencyNatively=>false}}
    {:device=>{:target=>"d11ap", :productType=>"iPhone9,2", :displayName=>"iPhone 7 Plus"}, :traits=>{:deploymentTarget=>#<Gem::Version "11.0">, :passDeploymentTargetToAssetutil=>false, :architecture=>"arm64", :artworkDevIdiom=>"phone", :artworkHostedIdioms=>["car"], :artworkScaleFactor=>3, :artworkDevSubtype=>570, :artworkDisplayGamut=>"P3", :devPerfMemoryClass=>4, :gfxFeatureSetClass=>"APPLE3", :gfxFeatureSetFallbacks=>["APPLE3v1", "APPLE2", "APPLE1", "GLES2,0"], :featuresToRemove=>[], :supportsEmbeddedWatchApp=>true, :supportsEmbeddedUniversalWatchApp=>false, :hasSwiftRuntime=>false, :supportsEncryptionFormat2=>false, :supportsSwiftConcurrencyNatively=>false}}
    {:device=>{:target=>"d11ap", :productType=>"iPhone9,2", :displayName=>"iPhone 7 Plus"}, :traits=>{:deploymentTarget=>#<Gem::Version "12.0">, :passDeploymentTargetToAssetutil=>true, :architecture=>"arm64", :artworkDevIdiom=>"phone", :artworkHostedIdioms=>["car", "watch"], :artworkScaleFactor=>3, :artworkDevSubtype=>570, :artworkDisplayGamut=>"P3", :devPerfMemoryClass=>4, :gfxFeatureSetClass=>"MTL3,2", :gfxFeatureSetFallbacks=>["MTL3,1", "MTL2,2", "MTL1,2", "GLES2,0"], :featuresToRemove=>[], :supportsEmbeddedWatchApp=>true, :supportsEmbeddedUniversalWatchApp=>true, :hasSwiftRuntime=>false, :supportsEncryptionFormat2=>false, :supportsSwiftConcurrencyNatively=>false}}
    {:device=>{:target=>"d11ap", :productType=>"iPhone9,2", :displayName=>"iPhone 7 Plus"}, :traits=>{:deploymentTarget=>#<Gem::Version "12.2">, :passDeploymentTargetToAssetutil=>true, :architecture=>"arm64", :artworkDevIdiom=>"phone", :artworkHostedIdioms=>["car", "watch"], :artworkScaleFactor=>3, :artworkDevSubtype=>570, :artworkDisplayGamut=>"P3", :devPerfMemoryClass=>4, :gfxFeatureSetClass=>"MTL3,2", :gfxFeatureSetFallbacks=>["MTL3,1", "MTL2,2", "MTL1,2", "GLES2,0"], :featuresToRemove=>[], :supportsEmbeddedWatchApp=>true, :supportsEmbeddedUniversalWatchApp=>true, :hasSwiftRuntime=>true, :supportsEncryptionFormat2=>false, :supportsSwiftConcurrencyNatively=>false}}
2023-02-11 02:20:26 +0000      {:device=>{:target=>"d11ap", :productType=>"iPhone9,2", :displayName=>"iPhone 7 Plus"}, :traits=>{:deploymentTarget=>#<Gem::Version "13.0">, :passDeploymentTargetToAssetutil=>true, :architecture=>"arm64", :artworkDevIdiom=>"phone", :artworkHostedIdioms=>["car"], :artworkScaleFactor=>3, :artworkDevSubtype=>570, :artworkDisplayGamut=>"P3", :devPerfMemoryClass=>4, :gfxFeatureSetClass=>"APPLE3", :gfxFeatureSetFallbacks=>["APPLE3v1", "APPLE2", "APPLE1", "GLES2,0"], :featuresToRemove=>[], :supportsEmbeddedWatchApp=>false, :supportsEmbeddedUniversalWatchApp=>false, :hasSwiftRuntime=>true, :supportsEncryptionFormat2=>true, :supportsSwiftConcurrencyNatively=>false}}
    {:device=>{:target=>"d11ap", :productType=>"iPhone9,2", :displayName=>"iPhone 7 Plus"}, :traits=>{:deploymentTarget=>#<Gem::Version "14.0">, :passDeploymentTargetToAssetutil=>true, :architecture=>"arm64", :artworkDevIdiom=>"phone", :artworkHostedIdioms=>["car"], :artworkScaleFactor=>3, :artworkDevSubtype=>570, :artworkDisplayGamut=>"P3", :devPerfMemoryClass=>4, :gfxFeatureSetClass=>"APPLE3", :gfxFeatureSetFallbacks=>["APPLE3v1", "APPLE2", "APPLE1", "GLES2,0"], :featuresToRemove=>[], :supportsEmbeddedWatchApp=>false, :supportsEmbeddedUniversalWatchApp=>false, :hasSwiftRuntime=>true, :supportsEncryptionFormat2=>true, :supportsSwiftConcurrencyNatively=>false}}
    {:device=>{:target=>"d101ap", :productType=>"iPhone9,3", :displayName=>"iPhone 7"}, :traits=>{:deploymentTarget=>#<Gem::Version "10.0">, :passDeploymentTargetToAssetutil=>false, :architecture=>"arm64", :artworkDevIdiom=>"phone", :artworkHostedIdioms=>["car"], :artworkScaleFactor=>2, :artworkDevSubtype=>569, :artworkDisplayGamut=>"P3", :devPerfMemoryClass=>2, :gfxFeatureSetClass=>"APPLE3", :gfxFeatureSetFallbacks=>["APPLE3v1", "APPLE2", "APPLE1", "GLES2,0"], :featuresToRemove=>[], :supportsEmbeddedWatchApp=>true, :supportsEmbeddedUniversalWatchApp=>false, :hasSwiftRuntime=>false, :supportsEncryptionFormat2=>false, :supportsSwiftConcurrencyNatively=>false}}
    {:device=>{:target=>"d101ap", :productType=>"iPhone9,3", :displayName=>"iPhone 7"}, :traits=>{:deploymentTarget=>#<Gem::Version "11.0">, :passDeploymentTargetToAssetutil=>false, :architecture=>"arm64", :artworkDevIdiom=>"phone", :artworkHostedIdioms=>["car"], :artworkScaleFactor=>2, :artworkDevSubtype=>569, :artworkDisplayGamut=>"P3", :devPerfMemoryClass=>2, :gfxFeatureSetClass=>"APPLE3", :gfxFeatureSetFallbacks=>["APPLE3v1", "APPLE2", "APPLE1", "GLES2,0"], :featuresToRemove=>[], :supportsEmbeddedWatchApp=>true, :supportsEmbeddedUniversalWatchApp=>false, :hasSwiftRuntime=>false, :supportsEncryptionFormat2=>false, :supportsSwiftConcurrencyNatively=>false}}
    {:device=>{:target=>"d101ap", :productType=>"iPhone9,3", :displayName=>"iPhone 7"}, :traits=>{:deploymentTarget=>#<Gem::Version "12.0">, :passDeploymentTargetToAssetutil=>true, :architecture=>"arm64", :artworkDevIdiom=>"phone", :artworkHostedIdioms=>["car", "watch"], :artworkScaleFactor=>2, :artworkDevSubtype=>569, :artworkDisplayGamut=>"P3", :devPerfMemoryClass=>2, :gfxFeatureSetClass=>"MTL3,2", :gfxFeatureSetFallbacks=>["MTL3,1", "MTL2,2", "MTL1,2", "GLES2,0"], :featuresToRemove=>[], :supportsEmbeddedWatchApp=>true, :supportsEmbeddedUniversalWatchApp=>true, :hasSwiftRuntime=>false, :supportsEncryptionFormat2=>false, :supportsSwiftConcurrencyNatively=>false}}
    {:device=>{:target=>"d101ap", :productType=>"iPhone9,3", :displayName=>"iPhone 7"}, :traits=>{:deploymentTarget=>#<Gem::Version "12.2">, :passDeploymentTargetToAssetutil=>true, :architecture=>"arm64", :artworkDevIdiom=>"phone", :artworkHostedIdioms=>["car", "watch"], :artworkScaleFactor=>2, :artworkDevSubtype=>569, :artworkDisplayGamut=>"P3", :devPerfMemoryClass=>2, :gfxFeatureSetClass=>"MTL3,2", :gfxFeatureSetFallbacks=>["MTL3,1", "MTL2,2", "MTL1,2", "GLES2,0"], :featuresToRemove=>[], :supportsEmbeddedWatchApp=>true, :supportsEmbeddedUniversalWatchApp=>true, :hasSwiftRuntime=>true, :supportsEncryptionFormat2=>false, :supportsSwiftConcurrencyNatively=>false}}
2023-02-11 02:20:26 +0000      {:device=>{:target=>"d101ap", :productType=>"iPhone9,3", :displayName=>"iPhone 7"}, :traits=>{:deploymentTarget=>#<Gem::Version "13.0">, :passDeploymentTargetToAssetutil=>true, :architecture=>"arm64", :artworkDevIdiom=>"phone", :artworkHostedIdioms=>["car"], :artworkScaleFactor=>2, :artworkDevSubtype=>569, :artworkDisplayGamut=>"P3", :devPerfMemoryClass=>2, :gfxFeatureSetClass=>"APPLE3", :gfxFeatureSetFallbacks=>["APPLE3v1", "APPLE2", "APPLE1", "GLES2,0"], :featuresToRemove=>[], :supportsEmbeddedWatchApp=>false, :supportsEmbeddedUniversalWatchApp=>false, :hasSwiftRuntime=>true, :supportsEncryptionFormat2=>true, :supportsSwiftConcurrencyNatively=>false}}
    {:device=>{:target=>"d101ap", :productType=>"iPhone9,3", :displayName=>"iPhone 7"}, :traits=>{:deploymentTarget=>#<Gem::Version "14.0">, :passDeploymentTargetToAssetutil=>true, :architecture=>"arm64", :artworkDevIdiom=>"phone", :artworkHostedIdioms=>["car"], :artworkScaleFactor=>2, :artworkDevSubtype=>569, :artworkDisplayGamut=>"P3", :devPerfMemoryClass=>2, :gfxFeatureSetClass=>"APPLE3", :gfxFeatureSetFallbacks=>["APPLE3v1", "APPLE2", "APPLE1", "GLES2,0"], :featuresToRemove=>[], :supportsEmbeddedWatchApp=>false, :supportsEmbeddedUniversalWatchApp=>false, :hasSwiftRuntime=>true, :supportsEncryptionFormat2=>true, :supportsSwiftConcurrencyNatively=>false}}
    {:device=>{:target=>"d111ap", :productType=>"iPhone9,4", :displayName=>"iPhone 7 Plus"}, :traits=>{:deploymentTarget=>#<Gem::Version "10.0">, :passDeploymentTargetToAssetutil=>false, :architecture=>"arm64", :artworkDevIdiom=>"phone", :artworkHostedIdioms=>["car"], :artworkScaleFactor=>3, :artworkDevSubtype=>570, :artworkDisplayGamut=>"P3", :devPerfMemoryClass=>4, :gfxFeatureSetClass=>"APPLE3", :gfxFeatureSetFallbacks=>["APPLE3v1", "APPLE2", "APPLE1", "GLES2,0"], :featuresToRemove=>[], :supportsEmbeddedWatchApp=>true, :supportsEmbeddedUniversalWatchApp=>false, :hasSwiftRuntime=>false, :supportsEncryptionFormat2=>false, :supportsSwiftConcurrencyNatively=>false}}
    {:device=>{:target=>"d111ap", :productType=>"iPhone9,4", :displayName=>"iPhone 7 Plus"}, :traits=>{:deploymentTarget=>#<Gem::Version "11.0">, :passDeploymentTargetToAssetutil=>false, :architecture=>"arm64", :artworkDevIdiom=>"phone", :artworkHostedIdioms=>["car"], :artworkScaleFactor=>3, :artworkDevSubtype=>570, :artworkDisplayGamut=>"P3", :devPerfMemoryClass=>4, :gfxFeatureSetClass=>"APPLE3", :gfxFeatureSetFallbacks=>["APPLE3v1", "APPLE2", "APPLE1", "GLES2,0"], :featuresToRemove=>[], :supportsEmbeddedWatchApp=>true, :supportsEmbeddedUniversalWatchApp=>false, :hasSwiftRuntime=>false, :supportsEncryptionFormat2=>false, :supportsSwiftConcurrencyNatively=>false}}
    {:device=>{:target=>"d111ap", :productType=>"iPhone9,4", :displayName=>"iPhone 7 Plus"}, :traits=>{:deploymentTarget=>#<Gem::Version "12.0">, :passDeploymentTargetToAssetutil=>true, :architecture=>"arm64", :artworkDevIdiom=>"phone", :artworkHostedIdioms=>["car", "watch"], :artworkScaleFactor=>3, :artworkDevSubtype=>570, :artworkDisplayGamut=>"P3", :devPerfMemoryClass=>4, :gfxFeatureSetClass=>"MTL3,2", :gfxFeatureSetFallbacks=>["MTL3,1", "MTL2,2", "MTL1,2", "GLES2,0"], :featuresToRemove=>[], :supportsEmbeddedWatchApp=>true, :supportsEmbeddedUniversalWatchApp=>true, :hasSwiftRuntime=>false, :supportsEncryptionFormat2=>false, :supportsSwiftConcurrencyNatively=>false}}
    {:device=>{:target=>"d111ap", :productType=>"iPhone9,4", :displayName=>"iPhone 7 Plus"}, :traits=>{:deploymentTarget=>#<Gem::Version "12.2">, :passDeploymentTargetToAssetutil=>true, :architecture=>"arm64", :artworkDevIdiom=>"phone", :artworkHostedIdioms=>["car", "watch"], :artworkScaleFactor=>3, :artworkDevSubtype=>570, :artworkDisplayGamut=>"P3", :devPerfMemoryClass=>4, :gfxFeatureSetClass=>"MTL3,2", :gfxFeatureSetFallbacks=>["MTL3,1", "MTL2,2", "MTL1,2", "GLES2,0"], :featuresToRemove=>[], :supportsEmbeddedWatchApp=>true, :supportsEmbeddedUniversalWatchApp=>true, :hasSwiftRuntime=>true, :supportsEncryptionFormat2=>false, :supportsSwiftConcurrencyNatively=>false}}
    {:device=>{:target=>"d111ap", :productType=>"iPhone9,4", :d
2023-02-11 02:20:26 +0000  isplayName=>"iPhone 7 Plus"}, :traits=>{:deploymentTarget=>#<Gem::Version "13.0">, :passDeploymentTargetToAssetutil=>true, :architecture=>"arm64", :artworkDevIdiom=>"phone", :artworkHostedIdioms=>["car"], :artworkScaleFactor=>3, :artworkDevSubtype=>570, :artworkDisplayGamut=>"P3", :devPerfMemoryClass=>4, :gfxFeatureSetClass=>"APPLE3", :gfxFeatureSetFallbacks=>["APPLE3v1", "APPLE2", "APPLE1", "GLES2,0"], :featuresToRemove=>[], :supportsEmbeddedWatchApp=>false, :supportsEmbeddedUniversalWatchApp=>false, :hasSwiftRuntime=>true, :supportsEncryptionFormat2=>true, :supportsSwiftConcurrencyNatively=>false}}
    {:device=>{:target=>"d111ap", :productType=>"iPhone9,4", :displayName=>"iPhone 7 Plus"}, :traits=>{:deploymentTarget=>#<Gem::Version "14.0">, :passDeploymentTargetToAssetutil=>true, :architecture=>"arm64", :artworkDevIdiom=>"phone", :artworkHostedIdioms=>["car"], :artworkScaleFactor=>3, :artworkDevSubtype=>570, :artworkDisplayGamut=>"P3", :devPerfMemoryClass=>4, :gfxFeatureSetClass=>"APPLE3", :gfxFeatureSetFallbacks=>["APPLE3v1", "APPLE2", "APPLE1", "GLES2,0"], :featuresToRemove=>[], :supportsEmbeddedWatchApp=>false, :supportsEmbeddedUniversalWatchApp=>false, :hasSwiftRuntime=>true, :supportsEncryptionFormat2=>true, :supportsSwiftConcurrencyNatively=>false}}
    {:device=>{:target=>"n78ap", :productType=>"iPod5,1", :displayName=>"iPod touch"}, :traits=>{:deploymentTarget=>#<Gem::Version "9.0">, :passDeploymentTargetToAssetutil=>false, :architecture=>"armv7", :artworkDevIdiom=>"phone", :artworkHostedIdioms=>[], :artworkScaleFactor=>2, :artworkDevSubtype=>568, :artworkDisplayGamut=>"sRGB", :devPerfMemoryClass=>0, :gfxFeatureSetClass=>"GLES2,0", :gfxFeatureSetFallbacks=>[], :featuresToRemove=>[], :supportsEmbeddedWatchApp=>true, :supportsEmbeddedUniversalWatchApp=>false, :hasSwiftRuntime=>false, :supportsEncryptionFormat2=>false, :supportsSwiftConcurrencyNatively=>false}}
    {:device=>{:target=>"n102ap", :productType=>"iPod7,1", :displayName=>"iPod touch (6th generation)"}, :traits=>{:deploymentTarget=>#<Gem::Version "10.0">, :passDeploymentTargetToAssetutil=>false, :architecture=>"arm64", :artworkDevIdiom=>"phone", :artworkHostedIdioms=>[], :artworkScaleFactor=>2, :artworkDevSubtype=>568, :artworkDisplayGamut=>"sRGB", :devPerfMemoryClass=>1, :gfxFeatureSetClass=>"MTL2,2", :gfxFeatureSetFallbacks=>["MTL1,2", "GLES2,0"], :featuresToRemove=>[], :supportsEmbeddedWatchApp=>true, :supportsEmbeddedUniversalWatchApp=>false, :hasSwiftRuntime=>false, :supportsEncryptionFormat2=>false, :supportsSwiftConcurrencyNatively=>false}}
    {:device=>{:target=>"n102ap", :productType=>"iPod7,1", :displayName=>"iPod touch (6th generation)"}, :traits=>{:deploymentTarget=>#<Gem::Version "11.0">, :passDeploymentTargetToAssetutil=>false, :architecture=>"arm64", :artworkDevIdiom=>"phone", :artworkHostedIdioms=>[], :artworkScaleFactor=>2, :artworkDevSubtype=>568, :artworkDisplayGamut=>"sRGB", :devPerfMemoryClass=>1, :gfxFeatureSetClass=>"MTL2,2", :gfxFeatureSetFallbacks=>["MTL1,2", "GLES2,0"], :featuresToRemove=>[], :supportsEmbeddedWatchApp=>true, :supportsEmbeddedUniversalWatchApp=>false, :hasSwiftRuntime=>false, :supportsEncryptionFormat2=>false, :supportsSwiftConcurrencyNatively=>false}}
    {:device=>{:target=>"n102ap", :productType=>"iPod7,1", :displayName=>"iPod touch (6th generation)"}, :traits=>{:deploymentTarget=>#<Gem::Version "12.0">, :passDeploymentTargetToAssetutil=>true, :architecture=>"arm64", :artworkDevIdiom=>"phone", :artworkHostedIdioms=>[], :artworkScaleFactor=>2, :artworkDevSubtype=>568, :artworkDisplayGamut=>"sRGB", :devPerfMemoryClass=>1, :gfxFeatureSetClass=>"MTL2,2", :gfxFeatureSetFallbacks=>["MTL1,2", "GLES2,0"], :featuresToRemove=>[], :supportsEmbeddedWatchApp=>true, :supportsEmbeddedUniversalWatchApp=>true, :hasSwiftRuntime=>false, :supportsEncryptionFormat2=>false, :supportsSwiftConcurrencyNatively=>false}}
    {:device=>{:target=>"n102ap", :productType=>"iPod7,1", :displayName=>"iPod touch (6th generation)"}, :traits=>{:deploymentTarget=>#<Gem::Version "12.2">, :passDeploymentTargetToAssetutil=>true, :architecture=>"ar
2023-02-11 02:20:26 +0000  m64", :artworkDevIdiom=>"phone", :artworkHostedIdioms=>[], :artworkScaleFactor=>2, :artworkDevSubtype=>568, :artworkDisplayGamut=>"sRGB", :devPerfMemoryClass=>1, :gfxFeatureSetClass=>"MTL2,2", :gfxFeatureSetFallbacks=>["MTL1,2", "GLES2,0"], :featuresToRemove=>[], :supportsEmbeddedWatchApp=>true, :supportsEmbeddedUniversalWatchApp=>true, :hasSwiftRuntime=>true, :supportsEncryptionFormat2=>false, :supportsSwiftConcurrencyNatively=>false}}
    {:device=>{:target=>"n102ap", :productType=>"iPod7,1", :displayName=>"iPod touch (6th generation)"}, :traits=>{:deploymentTarget=>#<Gem::Version "9.0">, :passDeploymentTargetToAssetutil=>false, :architecture=>"arm64", :artworkDevIdiom=>"phone", :artworkHostedIdioms=>[], :artworkScaleFactor=>2, :artworkDevSubtype=>568, :artworkDisplayGamut=>"sRGB", :devPerfMemoryClass=>1, :gfxFeatureSetClass=>"MTL2,2", :gfxFeatureSetFallbacks=>["MTL1,2", "GLES2,0"], :featuresToRemove=>[], :supportsEmbeddedWatchApp=>true, :supportsEmbeddedUniversalWatchApp=>false, :hasSwiftRuntime=>false, :supportsEncryptionFormat2=>false, :supportsSwiftConcurrencyNatively=>false}}
    {:device=>{:target=>"n112ap", :productType=>"iPod9,1", :displayName=>"iPod touch (7th generation)"}, :traits=>{:deploymentTarget=>#<Gem::Version "12.2">, :passDeploymentTargetToAssetutil=>true, :architecture=>"arm64", :artworkDevIdiom=>"phone", :artworkHostedIdioms=>[], :artworkScaleFactor=>2, :artworkDevSubtype=>568, :artworkDisplayGamut=>"sRGB", :devPerfMemoryClass=>2, :gfxFeatureSetClass=>"MTL3,2", :gfxFeatureSetFallbacks=>["MTL3,1", "MTL2,2", "MTL1,2", "GLES2,0"], :featuresToRemove=>[], :supportsEmbeddedWatchApp=>true, :supportsEmbeddedUniversalWatchApp=>true, :hasSwiftRuntime=>true, :supportsEncryptionFormat2=>false, :supportsSwiftConcurrencyNatively=>false}}
    {:device=>{:target=>"n112ap", :productType=>"iPod9,1", :displayName=>"iPod touch (7th generation)"}, :traits=>{:deploymentTarget=>#<Gem::Version "13.0">, :passDeploymentTargetToAssetutil=>true, :architecture=>"arm64", :artworkDevIdiom=>"phone", :artworkHostedIdioms=>[], :artworkScaleFactor=>2, :artworkDevSubtype=>568, :artworkDisplayGamut=>"sRGB", :devPerfMemoryClass=>2, :gfxFeatureSetClass=>"APPLE3", :gfxFeatureSetFallbacks=>["APPLE3v1", "APPLE2", "APPLE1", "GLES2,0"], :featuresToRemove=>[], :supportsEmbeddedWatchApp=>false, :supportsEmbeddedUniversalWatchApp=>false, :hasSwiftRuntime=>true, :supportsEncryptionFormat2=>true, :supportsSwiftConcurrencyNatively=>false}}
    {:device=>{:target=>"n112ap", :productType=>"iPod9,1", :displayName=>"iPod touch (7th generation)"}, :traits=>{:deploymentTarget=>#<Gem::Version "14.0">, :passDeploymentTargetToAssetutil=>true, :architecture=>"arm64", :artworkDevIdiom=>"phone", :artworkHostedIdioms=>[], :artworkScaleFactor=>2, :artworkDevSubtype=>568, :artworkDisplayGamut=>"sRGB", :devPerfMemoryClass=>2, :gfxFeatureSetClass=>"APPLE3", :gfxFeatureSetFallbacks=>["APPLE3v1", "APPLE2", "APPLE1", "GLES2,0"], :featuresToRemove=>[], :supportsEmbeddedWatchApp=>false, :supportsEmbeddedUniversalWatchApp=>false, :hasSwiftRuntime=>true, :supportsEncryptionFormat2=>true, :supportsSwiftConcurrencyNatively=>false}}
    {:device=>{:target=>"j129aap", :productType=>"MacFamily20,1", :displayName=>"Mac"}, :traits=>{:deploymentTarget=>#<Gem::Version "14.0">, :passDeploymentTargetToAssetutil=>true, :architecture=>"arm64e", :artworkDevIdiom=>"pad", :artworkHostedIdioms=>[], :artworkScaleFactor=>2, :artworkDevSubtype=>32401, :artworkDisplayGamut=>"P3", :devPerfMemoryClass=>16, :gfxFeatureSetClass=>"APPLE6", :gfxFeatureSetFallbacks=>["APPLE5", "APPLE4", "APPLE3", "APPLE3v1", "APPLE2", "APPLE1", "GLES2,0"], :featuresToRemove=>[], :supportsEmbeddedWatchApp=>false, :supportsEmbeddedUniversalWatchApp=>false, :hasSwiftRuntime=>true, :supportsEncryptionFormat2=>true, :supportsSwiftConcurrencyNatively=>false}}
2023-02-11 02:20:26 +0000  warning: Configuration issue: platform iPhoneSimulator.platform doesn't have any non-simulator SDKs; ignoring it
Scanning IPA...
2023-02-11 02:20:26 +0000  Complete LinkageGraph:
    retrieverBuyer.app/retrieverBuyer arm64 ->
        retrieverBuyer.app/Frameworks/hermes.framework/hermes arm64
    retrieverBuyer.app/Frameworks/hermes.framework/hermes arm64 ->

2023-02-11 02:20:26 +0000  Root IPAs:
["/var/folders/qq/kn3mb_ls71z640nps5cfm5yw0000gn/T/XcodeDistPipeline.~~~TYVn0t/Root"]
Validating IPA structure...
Compiling bitcode...
  retrieverBuyer.app (identifier: com.retrieverbuyer, platform: iphoneos)
  mh_execute 'retrieverBuyer.app/retrieverBuyer'...
$ mkdir -p /var/folders/qq/kn3mb_ls71z640nps5cfm5yw0000gn/T/ipatool20230211-36966-16ltzrz/thinned-in/arm64/Payload/retrieverBuyer.app
$ mkdir -p /var/folders/qq/kn3mb_ls71z640nps5cfm5yw0000gn/T/ipatool20230211-36966-16ltzrz/thinned-out/arm64/Payload/retrieverBuyer.app
$ mkdir -p /var/folders/qq/kn3mb_ls71z640nps5cfm5yw0000gn/T/ipatool20230211-36966-16ltzrz/thinned-in/arm64/Payload/retrieverBuyer.app
$ cp /var/folders/qq/kn3mb_ls71z640nps5cfm5yw0000gn/T/XcodeDistPipeline.\~\~\~TYVn0t/Root/Payload/retrieverBuyer.app/retrieverBuyer /var/folders/qq/kn3mb_ls71z640nps5cfm5yw0000gn/T/ipatool20230211-36966-16ltzrz/thinned-in/arm64/Payload/retrieverBuyer.app/retrieverBuyer
2023-02-11 02:20:27 +0000  $ cp /var/folders/qq/kn3mb_ls71z640nps5cfm5yw0000gn/T/ipatool20230211-36966-16ltzrz/thinned-in/arm64/Payload/retrieverBuyer.app/retrieverBuyer /var/folders/qq/kn3mb_ls71z640nps5cfm5yw0000gn/T/ipatool20230211-36966-16ltzrz/thinned-out/arm64/Payload/retrieverBuyer.app/retrieverBuyer
2023-02-11 02:20:27 +0000    .arm64 (copy)
2023-02-11 02:20:27 +0000    |  retrieverBuyer.app/AccessibilityResources.bundle (identifier: org.cocoapods.AccessibilityResources, platform: iphoneos)
  |  retrieverBuyer.app/Frameworks/hermes.framework (identifier: dev.hermesengine.iphoneos, platform: iphoneos)
  |  mh_dylib 'retrieverBuyer.app/Frameworks/hermes.framework/hermes'...
$ mkdir -p /var/folders/qq/kn3mb_ls71z640nps5cfm5yw0000gn/T/ipatool20230211-36966-16ltzrz/thinned-in/arm64/Payload/retrieverBuyer.app/Frameworks/hermes.framework
$ mkdir -p /var/folders/qq/kn3mb_ls71z640nps5cfm5yw0000gn/T/ipatool20230211-36966-16ltzrz/thinned-out/arm64/Payload/retrieverBuyer.app/Frameworks/hermes.framework
$ mkdir -p /var/folders/qq/kn3mb_ls71z640nps5cfm5yw0000gn/T/ipatool20230211-36966-16ltzrz/thinned-in/arm64/Payload/retrieverBuyer.app/Frameworks/hermes.framework
$ cp /var/folders/qq/kn3mb_ls71z640nps5cfm5yw0000gn/T/XcodeDistPipeline.\~\~\~TYVn0t/Root/Payload/retrieverBuyer.app/Frameworks/hermes.framework/hermes /var/folders/qq/kn3mb_ls71z640nps5cfm5yw0000gn/T/ipatool20230211-36966-16ltzrz/thinned-in/arm64/Payload/retrieverBuyer.app/Frameworks/hermes.framework/hermes
2023-02-11 02:20:31 +0000    |  .arm64 (strip)
2023-02-11 02:20:31 +0000          $ /Applications/Xcode.app/Contents/Developer/Toolchains/XcodeDefault.xctoolchain/usr/bin/bitcode_strip -r -o /var/folders/qq/kn3mb_ls71z640nps5cfm5yw0000gn/T/ipatool20230211-36966-16ltzrz/thinned-out/arm64/Payload/retrieverBuyer.app/Frameworks/hermes.framework/hermes /var/folders/qq/kn3mb_ls71z640nps5cfm5yw0000gn/T/ipatool20230211-36966-16ltzrz/thinned-in/arm64/Payload/retrieverBuyer.app/Frameworks/hermes.framework/hermes
        Status: pid 36997 exit 0
        Stdout:
        
        Stderr:
        

2023-02-11 02:20:31 +0000    |  retrieverBuyer.app/GoogleMaps.bundle (identifier: com.google.GoogleMaps, platform: iphoneos)
2023-02-11 02:20:31 +0000    |  |  retrieverBuyer.app/GoogleMaps.bundle/GMSCoreResources.bundle (identifier: com.google.Maps.GMSCoreResources, platform: iphoneos)
2023-02-11 02:20:31 +0000    |  retrieverBuyer.app/GoogleSignIn.bundle (identifier: org.cocoapods.GoogleSignIn, platform: iphoneos)
  |  retrieverBuyer.app/QBImagePicker.bundle (identifier: org.cocoapods.QBImagePicker, platform: iphoneos)
2023-02-11 02:20:31 +0000    |  retrieverBuyer.app/TOCropViewControllerBundle.bundle (identifier: org.cocoapods.TOCropViewControllerBundle, platform: iphoneos)
  |  retrieverBuyer.app/gRPCCertificates-Cpp.bundle (identifier: org.cocoapods.gRPCCertificates-Cpp, platform: iphoneos)
2023-02-11 02:20:31 +0000    Reassembling retrieverBuyer.app/retrieverBuyer [arm64]
2023-02-11 02:20:31 +0000  $ mkdir -p /var/folders/qq/kn3mb_ls71z640nps5cfm5yw0000gn/T/ipatool20230211-36966-16ltzrz/universal-MachOs/Payload/retrieverBuyer.app
2023-02-11 02:20:31 +0000  $ cp /var/folders/qq/kn3mb_ls71z640nps5cfm5yw0000gn/T/ipatool20230211-36966-16ltzrz/thinned-out/arm64/Payload/retrieverBuyer.app/retrieverBuyer /var/folders/qq/kn3mb_ls71z640nps5cfm5yw0000gn/T/ipatool20230211-36966-16ltzrz/universal-MachOs/Payload/retrieverBuyer.app/retrieverBuyer
2023-02-11 02:20:31 +0000      [cp /var/folders/qq/kn3mb_ls71z640nps5cfm5yw0000gn/T/ipatool20230211-36966-16ltzrz/thinned-out/arm64/Payload/retrieverBuyer.app/retrieverBuyer /var/folders/qq/kn3mb_ls71z640nps5cfm5yw0000gn/T/ipatool20230211-36966-16ltzrz/universal-MachOs/Payload/retrieverBuyer.app/retrieverBuyer]
2023-02-11 02:20:31 +0000    Reassembling retrieverBuyer.app/Frameworks/hermes.framework/hermes [arm64]
2023-02-11 02:20:31 +0000  $ mkdir -p /var/folders/qq/kn3mb_ls71z640nps5cfm5yw0000gn/T/ipatool20230211-36966-16ltzrz/universal-MachOs/Payload/retrieverBuyer.app/Frameworks/hermes.framework
2023-02-11 02:20:31 +0000  $ cp /var/folders/qq/kn3mb_ls71z640nps5cfm5yw0000gn/T/ipatool20230211-36966-16ltzrz/thinned-out/arm64/Payload/retrieverBuyer.app/Frameworks/hermes.framework/hermes /var/folders/qq/kn3mb_ls71z640nps5cfm5yw0000gn/T/ipatool20230211-36966-16ltzrz/universal-MachOs/Payload/retrieverBuyer.app/Frameworks/hermes.framework/hermes
2023-02-11 02:20:31 +0000      [cp /var/folders/qq/kn3mb_ls71z640nps5cfm5yw0000gn/T/ipatool20230211-36966-16ltzrz/thinned-out/arm64/Payload/retrieverBuyer.app/Frameworks/hermes.framework/hermes /var/folders/qq/kn3mb_ls71z640nps5cfm5yw0000gn/T/ipatool20230211-36966-16ltzrz/universal-MachOs/Payload/retrieverBuyer.app/Frameworks/hermes.framework/hermes]
2023-02-11 02:20:31 +0000  Creating universal IPA contents for all variants
  Creating directory /var/folders/qq/kn3mb_ls71z640nps5cfm5yw0000gn/T/IDEIPAProcessor.AppThinning.\~\~\~MoDD6h/universal-iphoneos
$ mkdir -p /var/folders/qq/kn3mb_ls71z640nps5cfm5yw0000gn/T/IDEIPAProcessor.AppThinning.\~\~\~MoDD6h/universal-iphoneos
2023-02-11 02:20:31 +0000    Copying retrieverBuyer.app output payload directory
    bndl retrieverBuyer.app (iphoneos)
$ mkdir -p /var/folders/qq/kn3mb_ls71z640nps5cfm5yw0000gn/T/IDEIPAProcessor.AppThinning.\~\~\~MoDD6h/universal-iphoneos/Payload/retrieverBuyer.app
2023-02-11 02:20:31 +0000        bndl AccessibilityResources.bundle (iphoneos)
2023-02-11 02:20:31 +0000  $ mkdir -p /var/folders/qq/kn3mb_ls71z640nps5cfm5yw0000gn/T/IDEIPAProcessor.AppThinning.\~\~\~MoDD6h/universal-iphoneos/Payload/retrieverBuyer.app/AccessibilityResources.bundle
        copy Info.plist
2023-02-11 02:20:31 +0000  $ cp /var/folders/qq/kn3mb_ls71z640nps5cfm5yw0000gn/T/XcodeDistPipeline.\~\~\~TYVn0t/Root/Payload/retrieverBuyer.app/AccessibilityResources.bundle/Info.plist /var/folders/qq/kn3mb_ls71z640nps5cfm5yw0000gn/T/IDEIPAProcessor.AppThinning.\~\~\~MoDD6h/universal-iphoneos/Payload/retrieverBuyer.app/AccessibilityResources.bundle/Info.plist
2023-02-11 02:20:31 +0000          mkdr en.lproj/
2023-02-11 02:20:31 +0000  $ mkdir -p /var/folders/qq/kn3mb_ls71z640nps5cfm5yw0000gn/T/IDEIPAProcessor.AppThinning.\~\~\~MoDD6h/universal-iphoneos/Payload/retrieverBuyer.app/AccessibilityResources.bundle/en.lproj
          copy Localizable.strings
$ cp /var/folders/qq/kn3mb_ls71z640nps5cfm5yw0000gn/T/XcodeDistPipeline.\~\~\~TYVn0t/Root/Payload/retrieverBuyer.app/AccessibilityResources.bundle/en.lproj/Localizable.strings /var/folders/qq/kn3mb_ls71z640nps5cfm5yw0000gn/T/IDEIPAProcessor.AppThinning.\~\~\~MoDD6h/universal-iphoneos/Payload/retrieverBuyer.app/AccessibilityResources.bundle/en.lproj/Localizable.strings
2023-02-11 02:20:31 +0000        copy AntDesign.ttf
2023-02-11 02:20:31 +0000  $ cp /var/folders/qq/kn3mb_ls71z640nps5cfm5yw0000gn/T/XcodeDistPipeline.\~\~\~TYVn0t/Root/Payload/retrieverBuyer.app/AntDesign.ttf /var/folders/qq/kn3mb_ls71z640nps5cfm5yw0000gn/T/IDEIPAProcessor.AppThinning.\~\~\~MoDD6h/universal-iphoneos/Payload/retrieverBuyer.app/AntDesign.ttf
2023-02-11 02:20:31 +0000        copy Entypo.ttf
2023-02-11 02:20:31 +0000  $ cp /var/folders/qq/kn3mb_ls71z640nps5cfm5yw0000gn/T/XcodeDistPipeline.\~\~\~TYVn0t/Root/Payload/retrieverBuyer.app/Entypo.ttf /var/folders/qq/kn3mb_ls71z640nps5cfm5yw0000gn/T/IDEIPAProcessor.AppThinning.\~\~\~MoDD6h/universal-iphoneos/Payload/retrieverBuyer.app/Entypo.ttf
2023-02-11 02:20:31 +0000        copy EvilIcons.ttf
2023-02-11 02:20:31 +0000  $ cp /var/folders/qq/kn3mb_ls71z640nps5cfm5yw0000gn/T/XcodeDistPipeline.\~\~\~TYVn0t/Root/Payload/retrieverBuyer.app/EvilIcons.ttf /var/folders/qq/kn3mb_ls71z640nps5cfm5yw0000gn/T/IDEIPAProcessor.AppThinning.\~\~\~MoDD6h/universal-iphoneos/Payload/retrieverBuyer.app/EvilIcons.ttf
2023-02-11 02:20:31 +0000        copy Feather.ttf
$ cp /var/folders/qq/kn3mb_ls71z640nps5cfm5yw0000gn/T/XcodeDistPipeline.\~\~\~TYVn0t/Root/Payload/retrieverBuyer.app/Feather.ttf /var/folders/qq/kn3mb_ls71z640nps5cfm5yw0000gn/T/IDEIPAProcessor.AppThinning.\~\~\~MoDD6h/universal-iphoneos/Payload/retrieverBuyer.app/Feather.ttf
2023-02-11 02:20:31 +0000        copy FontAwesome.ttf
2023-02-11 02:20:31 +0000  $ cp /var/folders/qq/kn3mb_ls71z640nps5cfm5yw0000gn/T/XcodeDistPipeline.\~\~\~TYVn0t/Root/Payload/retrieverBuyer.app/FontAwesome.ttf /var/folders/qq/kn3mb_ls71z640nps5cfm5yw0000gn/T/IDEIPAProcessor.AppThinning.\~\~\~MoDD6h/universal-iphoneos/Payload/retrieverBuyer.app/FontAwesome.ttf
2023-02-11 02:20:31 +0000        copy FontAwesome5_Brands.ttf
$ cp /var/folders/qq/kn3mb_ls71z640nps5cfm5yw0000gn/T/XcodeDistPipeline.\~\~\~TYVn0t/Root/Payload/retrieverBuyer.app/FontAwesome5_Brands.ttf /var/folders/qq/kn3mb_ls71z640nps5cfm5yw0000gn/T/IDEIPAProcessor.AppThinning.\~\~\~MoDD6h/universal-iphoneos/Payload/retrieverBuyer.app/FontAwesome5_Brands.ttf
2023-02-11 02:20:31 +0000        copy FontAwesome5_Regular.ttf
2023-02-11 02:20:31 +0000  $ cp /var/folders/qq/kn3mb_ls71z640nps5cfm5yw0000gn/T/XcodeDistPipeline.\~\~\~TYVn0t/Root/Payload/retrieverBuyer.app/FontAwesome5_Regular.ttf /var/folders/qq/kn3mb_ls71z640nps5cfm5yw0000gn/T/IDEIPAProcessor.AppThinning.\~\~\~MoDD6h/universal-iphoneos/Payload/retrieverBuyer.app/FontAwesome5_Regular.ttf
2023-02-11 02:20:31 +0000        copy FontAwesome5_Solid.ttf
2023-02-11 02:20:31 +0000  $ cp /var/folders/qq/kn3mb_ls71z640nps5cfm5yw0000gn/T/XcodeDistPipeline.\~\~\~TYVn0t/Root/Payload/retrieverBuyer.app/FontAwesome5_Solid.ttf /var/folders/qq/kn3mb_ls71z640nps5cfm5yw0000gn/T/IDEIPAProcessor.AppThinning.\~\~\~MoDD6h/universal-iphoneos/Payload/retrieverBuyer.app/FontAwesome5_Solid.ttf
2023-02-11 02:20:31 +0000        copy Fontisto.ttf
$ cp /var/folders/qq/kn3mb_ls71z640nps5cfm5yw0000gn/T/XcodeDistPipeline.\~\~\~TYVn0t/Root/Payload/retrieverBuyer.app/Fontisto.ttf /var/folders/qq/kn3mb_ls71z640nps5cfm5yw0000gn/T/IDEIPAProcessor.AppThinning.\~\~\~MoDD6h/universal-iphoneos/Payload/retrieverBuyer.app/Fontisto.ttf
2023-02-11 02:20:31 +0000        copy Foundation.ttf
2023-02-11 02:20:31 +0000  $ cp /var/folders/qq/kn3mb_ls71z640nps5cfm5yw0000gn/T/XcodeDistPipeline.\~\~\~TYVn0t/Root/Payload/retrieverBuyer.app/Foundation.ttf /var/folders/qq/kn3mb_ls71z640nps5cfm5yw0000gn/T/IDEIPAProcessor.AppThinning.\~\~\~MoDD6h/universal-iphoneos/Payload/retrieverBuyer.app/Foundation.ttf
2023-02-11 02:20:31 +0000        mkdr Frameworks/
2023-02-11 02:20:31 +0000  $ mkdir -p /var/folders/qq/kn3mb_ls71z640nps5cfm5yw0000gn/T/IDEIPAProcessor.AppThinning.\~\~\~MoDD6h/universal-iphoneos/Payload/retrieverBuyer.app/Frameworks
        bndl hermes.framework (iphoneos)
2023-02-11 02:20:31 +0000  $ mkdir -p /var/folders/qq/kn3mb_ls71z640nps5cfm5yw0000gn/T/IDEIPAProcessor.AppThinning.\~\~\~MoDD6h/universal-iphoneos/Payload/retrieverBuyer.app/Frameworks/hermes.framework
          copy Info.plist
2023-02-11 02:20:31 +0000  $ cp /var/folders/qq/kn3mb_ls71z640nps5cfm5yw0000gn/T/XcodeDistPipeline.\~\~\~TYVn0t/Root/Payload/retrieverBuyer.app/Frameworks/hermes.framework/Info.plist /var/folders/qq/kn3mb_ls71z640nps5cfm5yw0000gn/T/IDEIPAProcessor.AppThinning.\~\~\~MoDD6h/universal-iphoneos/Payload/retrieverBuyer.app/Frameworks/hermes.framework/Info.plist
2023-02-11 02:20:31 +0000            mkdr _CodeSignature/
2023-02-11 02:20:31 +0000  $ mkdir -p /var/folders/qq/kn3mb_ls71z640nps5cfm5yw0000gn/T/IDEIPAProcessor.AppThinning.\~\~\~MoDD6h/universal-iphoneos/Payload/retrieverBuyer.app/Frameworks/hermes.framework/_CodeSignature
            copy CodeResources
2023-02-11 02:20:31 +0000  $ cp /var/folders/qq/kn3mb_ls71z640nps5cfm5yw0000gn/T/XcodeDistPipeline.\~\~\~TYVn0t/Root/Payload/retrieverBuyer.app/Frameworks/hermes.framework/_CodeSignature/CodeResources /var/folders/qq/kn3mb_ls71z640nps5cfm5yw0000gn/T/IDEIPAProcessor.AppThinning.\~\~\~MoDD6h/universal-iphoneos/Payload/retrieverBuyer.app/Frameworks/hermes.framework/_CodeSignature/CodeResources
2023-02-11 02:20:31 +0000            copy hermes
2023-02-11 02:20:31 +0000  $ cp /var/folders/qq/kn3mb_ls71z640nps5cfm5yw0000gn/T/ipatool20230211-36966-16ltzrz/universal-MachOs/Payload/retrieverBuyer.app/Frameworks/hermes.framework/hermes /var/folders/qq/kn3mb_ls71z640nps5cfm5yw0000gn/T/IDEIPAProcessor.AppThinning.\~\~\~MoDD6h/universal-iphoneos/Payload/retrieverBuyer.app/Frameworks/hermes.framework/hermes
2023-02-11 02:20:31 +0000        bndl GoogleMaps.bundle (iphoneos)
2023-02-11 02:20:31 +0000  $ mkdir -p /var/folders/qq/kn3mb_ls71z640nps5cfm5yw0000gn/T/IDEIPAProcessor.AppThinning.\~\~\~MoDD6h/universal-iphoneos/Payload/retrieverBuyer.app/GoogleMaps.bundle
        copy Assets.car
2023-02-11 02:20:31 +0000  $ cp /var/folders/qq/kn3mb_ls71z640nps5cfm5yw0000gn/T/XcodeDistPipeline.\~\~\~TYVn0t/Root/Payload/retrieverBuyer.app/GoogleMaps.bundle/Assets.car /var/folders/qq/kn3mb_ls71z640nps5cfm5yw0000gn/T/IDEIPAProcessor.AppThinning.\~\~\~MoDD6h/universal-iphoneos/Payload/retrieverBuyer.app/GoogleMaps.bundle/Assets.car
2023-02-11 02:20:31 +0000          mkdr GMSCacheStorage.momd/
2023-02-11 02:20:31 +0000  $ mkdir -p /var/folders/qq/kn3mb_ls71z640nps5cfm5yw0000gn/T/IDEIPAProcessor.AppThinning.\~\~\~MoDD6h/universal-iphoneos/Payload/retrieverBuyer.app/GoogleMaps.bundle/GMSCacheStorage.momd
          copy Storage.mom
2023-02-11 02:20:31 +0000  $ cp /var/folders/qq/kn3mb_ls71z640nps5cfm5yw0000gn/T/XcodeDistPipeline.\~\~\~TYVn0t/Root/Payload/retrieverBuyer.app/GoogleMaps.bundle/GMSCacheStorage.momd/Storage.mom /var/folders/qq/kn3mb_ls71z640nps5cfm5yw0000gn/T/IDEIPAProcessor.AppThinning.\~\~\~MoDD6h/universal-iphoneos/Payload/retrieverBuyer.app/GoogleMaps.bundle/GMSCacheStorage.momd/Storage.mom
2023-02-11 02:20:31 +0000            copy StorageWithTileProto.mom
2023-02-11 02:20:31 +0000  $ cp /var/folders/qq/kn3mb_ls71z640nps5cfm5yw0000gn/T/XcodeDistPipeline.\~\~\~TYVn0t/Root/Payload/retrieverBuyer.app/GoogleMaps.bundle/GMSCacheStorage.momd/StorageWithTileProto.mom /var/folders/qq/kn3mb_ls71z640nps5cfm5yw0000gn/T/IDEIPAProcessor.AppThinning.\~\~\~MoDD6h/universal-iphoneos/Payload/retrieverBuyer.app/GoogleMaps.bundle/GMSCacheStorage.momd/StorageWithTileProto.mom
2023-02-11 02:20:31 +0000            copy StorageWithTileVersionID.mom
$ cp /var/folders/qq/kn3mb_ls71z640nps5cfm5yw0000gn/T/XcodeDistPipeline.\~\~\~TYVn0t/Root/Payload/retrieverBuyer.app/GoogleMaps.bundle/GMSCacheStorage.momd/StorageWithTileVersionID.mom /var/folders/qq/kn3mb_ls71z640nps5cfm5yw0000gn/T/IDEIPAProcessor.AppThinning.\~\~\~MoDD6h/universal-iphoneos/Payload/retrieverBuyer.app/GoogleMaps.bundle/GMSCacheStorage.momd/StorageWithTileVersionID.mom
2023-02-11 02:20:31 +0000            copy VersionInfo.plist
2023-02-11 02:20:31 +0000  $ cp /var/folders/qq/kn3mb_ls71z640nps5cfm5yw0000gn/T/XcodeDistPipeline.\~\~\~TYVn0t/Root/Payload/retrieverBuyer.app/GoogleMaps.bundle/GMSCacheStorage.momd/VersionInfo.plist /var/folders/qq/kn3mb_ls71z640nps5cfm5yw0000gn/T/IDEIPAProcessor.AppThinning.\~\~\~MoDD6h/universal-iphoneos/Payload/retrieverBuyer.app/GoogleMaps.bundle/GMSCacheStorage.momd/VersionInfo.plist
2023-02-11 02:20:31 +0000          bndl GMSCoreResources.bundle (iphoneos)
2023-02-11 02:20:31 +0000  $ mkdir -p /var/folders/qq/kn3mb_ls71z640nps5cfm5yw0000gn/T/IDEIPAProcessor.AppThinning.\~\~\~MoDD6h/universal-iphoneos/Payload/retrieverBuyer.app/GoogleMaps.bundle/GMSCoreResources.bundle
          copy Assets.car
$ cp /var/folders/qq/kn3mb_ls71z640nps5cfm5yw0000gn/T/XcodeDistPipeline.\~\~\~TYVn0t/Root/Payload/retrieverBuyer.app/GoogleMaps.bundle/GMSCoreResources.bundle/Assets.car /var/folders/qq/kn3mb_ls71z640nps5cfm5yw0000gn/T/IDEIPAProcessor.AppThinning.\~\~\~MoDD6h/universal-iphoneos/Payload/retrieverBuyer.app/GoogleMaps.bundle/GMSCoreResources.bundle/Assets.car
2023-02-11 02:20:31 +0000            copy DroidSansMerged-Regular.ttf
2023-02-11 02:20:31 +0000  $ cp /var/folders/qq/kn3mb_ls71z640nps5cfm5yw0000gn/T/XcodeDistPipeline.\~\~\~TYVn0t/Root/Payload/retrieverBuyer.app/GoogleMaps.bundle/GMSCoreResources.bundle/DroidSansMerged-Regular.ttf /var/folders/qq/kn3mb_ls71z640nps5cfm5yw0000gn/T/IDEIPAProcessor.AppThinning.\~\~\~MoDD6h/universal-iphoneos/Payload/retrieverBuyer.app/GoogleMaps.bundle/GMSCoreResources.bundle/DroidSansMerged-Regular.ttf
2023-02-11 02:20:31 +0000            copy GMSNavNightModeSprites-0-1x.png
2023-02-11 02:20:31 +0000  $ cp /var/folders/qq/kn3mb_ls71z640nps5cfm5yw0000gn/T/XcodeDistPipeline.\~\~\~TYVn0t/Root/Payload/retrieverBuyer.app/GoogleMaps.bundle/GMSCoreResources.bundle/GMSNavNightModeSprites-0-1x.png /var/folders/qq/kn3mb_ls71z640nps5cfm5yw0000gn/T/IDEIPAProcessor.AppThinning.\~\~\~MoDD6h/universal-iphoneos/Payload/retrieverBuyer.app/GoogleMaps.bundle/GMSCoreResources.bundle/GMSNavNightModeSprites-0-1x.png
2023-02-11 02:20:31 +0000            copy GMSNavNightModeSprites-0-2x.png
$ cp /var/folders/qq/kn3mb_ls71z640nps5cfm5yw0000gn/T/XcodeDistPipeline.\~\~\~TYVn0t/Root/Payload/retrieverBuyer.app/GoogleMaps.bundle/GMSCoreResources.bundle/GMSNavNightModeSprites-0-2x.png /var/folders/qq/kn3mb_ls71z640nps5cfm5yw0000gn/T/IDEIPAProcessor.AppThinning.\~\~\~MoDD6h/universal-iphoneos/Payload/retrieverBuyer.app/GoogleMaps.bundle/GMSCoreResources.bundle/GMSNavNightModeSprites-0-2x.png
2023-02-11 02:20:31 +0000            copy GMSNavNightModeSprites-0-3x.png
2023-02-11 02:20:31 +0000  $ cp /var/folders/qq/kn3mb_ls71z640nps5cfm5yw0000gn/T/XcodeDistPipeline.\~\~\~TYVn0t/Root/Payload/retrieverBuyer.app/GoogleMaps.bundle/GMSCoreResources.bundle/GMSNavNightModeSprites-0-3x.png /var/folders/qq/kn3mb_ls71z640nps5cfm5yw0000gn/T/IDEIPAProcessor.AppThinning.\~\~\~MoDD6h/universal-iphoneos/Payload/retrieverBuyer.app/GoogleMaps.bundle/GMSCoreResources.bundle/GMSNavNightModeSprites-0-3x.png
2023-02-11 02:20:31 +0000            copy GMSNavSprites-0-1x.png
2023-02-11 02:20:31 +0000  $ cp /var/folders/qq/kn3mb_ls71z640nps5cfm5yw0000gn/T/XcodeDistPipeline.\~\~\~TYVn0t/Root/Payload/retrieverBuyer.app/GoogleMaps.bundle/GMSCoreResources.bundle/GMSNavSprites-0-1x.png /var/folders/qq/kn3mb_ls71z640nps5cfm5yw0000gn/T/IDEIPAProcessor.AppThinning.\~\~\~MoDD6h/universal-iphoneos/Payload/retrieverBuyer.app/GoogleMaps.bundle/GMSCoreResources.bundle/GMSNavSprites-0-1x.png
2023-02-11 02:20:31 +0000            copy GMSNavSprites-0-2x.png
2023-02-11 02:20:31 +0000  $ cp /var/folders/qq/kn3mb_ls71z640nps5cfm5yw0000gn/T/XcodeDistPipeline.\~\~\~TYVn0t/Root/Payload/retrieverBuyer.app/GoogleMaps.bundle/GMSCoreResources.bundle/GMSNavSprites-0-2x.png /var/folders/qq/kn3mb_ls71z640nps5cfm5yw0000gn/T/IDEIPAProcessor.AppThinning.\~\~\~MoDD6h/universal-iphoneos/Payload/retrieverBuyer.app/GoogleMaps.bundle/GMSCoreResources.bundle/GMSNavSprites-0-2x.png
2023-02-11 02:20:31 +0000            copy GMSNavSprites-0-3x.png
$ cp /var/folders/qq/kn3mb_ls71z640nps5cfm5yw0000gn/T/XcodeDistPipeline.\~\~\~TYVn0t/Root/Payload/retrieverBuyer.app/GoogleMaps.bundle/GMSCoreResources.bundle/GMSNavSprites-0-3x.png /var/folders/qq/kn3mb_ls71z640nps5cfm5yw0000gn/T/IDEIPAProcessor.AppThinning.\~\~\~MoDD6h/universal-iphoneos/Payload/retrieverBuyer.app/GoogleMaps.bundle/GMSCoreResources.bundle/GMSNavSprites-0-3x.png
2023-02-11 02:20:31 +0000            copy GMSShaders.metallib
2023-02-11 02:20:31 +0000  $ cp /var/folders/qq/kn3mb_ls71z640nps5cfm5yw0000gn/T/XcodeDistPipeline.\~\~\~TYVn0t/Root/Payload/retrieverBuyer.app/GoogleMaps.bundle/GMSCoreResources.bundle/GMSShaders.metallib /var/folders/qq/kn3mb_ls71z640nps5cfm5yw0000gn/T/IDEIPAProcessor.AppThinning.\~\~\~MoDD6h/universal-iphoneos/Payload/retrieverBuyer.app/GoogleMaps.bundle/GMSCoreResources.bundle/GMSShaders.metallib
2023-02-11 02:20:31 +0000            copy GMSShadersSim.metallib
2023-02-11 02:20:31 +0000  $ cp /var/folders/qq/kn3mb_ls71z640nps5cfm5yw0000gn/T/XcodeDistPipeline.\~\~\~TYVn0t/Root/Payload/retrieverBuyer.app/GoogleMaps.bundle/GMSCoreResources.bundle/GMSShadersSim.metallib /var/folders/qq/kn3mb_ls71z640nps5cfm5yw0000gn/T/IDEIPAProcessor.AppThinning.\~\~\~MoDD6h/universal-iphoneos/Payload/retrieverBuyer.app/GoogleMaps.bundle/GMSCoreResources.bundle/GMSShadersSim.metallib
2023-02-11 02:20:31 +0000            copy GMSSprites-0-1x.png
2023-02-11 02:20:31 +0000  $ cp /var/folders/qq/kn3mb_ls71z640nps5cfm5yw0000gn/T/XcodeDistPipeline.\~\~\~TYVn0t/Root/Payload/retrieverBuyer.app/GoogleMaps.bundle/GMSCoreResources.bundle/GMSSprites-0-1x.png /var/folders/qq/kn3mb_ls71z640nps5cfm5yw0000gn/T/IDEIPAProcessor.AppThinning.\~\~\~MoDD6h/universal-iphoneos/Payload/retrieverBuyer.app/GoogleMaps.bundle/GMSCoreResources.bundle/GMSSprites-0-1x.png
2023-02-11 02:20:31 +0000            copy GMSSprites-0-2x.png
$ cp /var/folders/qq/kn3mb_ls71z640nps5cfm5yw0000gn/T/XcodeDistPipeline.\~\~\~TYVn0t/Root/Payload/retrieverBuyer.app/GoogleMaps.bundle/GMSCoreResources.bundle/GMSSprites-0-2x.png /var/folders/qq/kn3mb_ls71z640nps5cfm5yw0000gn/T/IDEIPAProcessor.AppThinning.\~\~\~MoDD6h/universal-iphoneos/Payload/retrieverBuyer.app/GoogleMaps.bundle/GMSCoreResources.bundle/GMSSprites-0-2x.png
2023-02-11 02:20:31 +0000            copy GMSSprites-0-3x.png
2023-02-11 02:20:31 +0000  $ cp /var/folders/qq/kn3mb_ls71z640nps5cfm5yw0000gn/T/XcodeDistPipeline.\~\~\~TYVn0t/Root/Payload/retrieverBuyer.app/GoogleMaps.bundle/GMSCoreResources.bundle/GMSSprites-0-3x.png /var/folders/qq/kn3mb_ls71z640nps5cfm5yw0000gn/T/IDEIPAProcessor.AppThinning.\~\~\~MoDD6h/universal-iphoneos/Payload/retrieverBuyer.app/GoogleMaps.bundle/GMSCoreResources.bundle/GMSSprites-0-3x.png
2023-02-11 02:20:31 +0000            copy Info.plist
2023-02-11 02:20:31 +0000  $ cp /var/folders/qq/kn3mb_ls71z640nps5cfm5yw0000gn/T/XcodeDistPipeline.\~\~\~TYVn0t/Root/Payload/retrieverBuyer.app/GoogleMaps.bundle/GMSCoreResources.bundle/Info.plist /var/folders/qq/kn3mb_ls71z640nps5cfm5yw0000gn/T/IDEIPAProcessor.AppThinning.\~\~\~MoDD6h/universal-iphoneos/Payload/retrieverBuyer.app/GoogleMaps.bundle/GMSCoreResources.bundle/Info.plist
2023-02-11 02:20:31 +0000            copy Tharlon-Regular.ttf
$ cp /var/folders/qq/kn3mb_ls71z640nps5cfm5yw0000gn/T/XcodeDistPipeline.\~\~\~TYVn0t/Root/Payload/retrieverBuyer.app/GoogleMaps.bundle/GMSCoreResources.bundle/Tharlon-Regular.ttf /var/folders/qq/kn3mb_ls71z640nps5cfm5yw0000gn/T/IDEIPAProcessor.AppThinning.\~\~\~MoDD6h/universal-iphoneos/Payload/retrieverBuyer.app/GoogleMaps.bundle/GMSCoreResources.bundle/Tharlon-Regular.ttf
2023-02-11 02:20:31 +0000            mkdr ar.lproj/
2023-02-11 02:20:31 +0000  $ mkdir -p /var/folders/qq/kn3mb_ls71z640nps5cfm5yw0000gn/T/IDEIPAProcessor.AppThinning.\~\~\~MoDD6h/universal-iphoneos/Payload/retrieverBuyer.app/GoogleMaps.bundle/GMSCoreResources.bundle/ar.lproj
            copy GMSCore.strings
$ cp /var/folders/qq/kn3mb_ls71z640nps5cfm5yw0000gn/T/XcodeDistPipeline.\~\~\~TYVn0t/Root/Payload/retrieverBuyer.app/GoogleMaps.bundle/GMSCoreResources.bundle/ar.lproj/GMSCore.strings /var/folders/qq/kn3mb_ls71z640nps5cfm5yw0000gn/T/IDEIPAProcessor.AppThinning.\~\~\~MoDD6h/universal-iphoneos/Payload/retrieverBuyer.app/GoogleMaps.bundle/GMSCoreResources.bundle/ar.lproj/GMSCore.strings
2023-02-11 02:20:31 +0000            copy button_background.png
2023-02-11 02:20:31 +0000  $ cp /var/folders/qq/kn3mb_ls71z640nps5cfm5yw0000gn/T/XcodeDistPipeline.\~\~\~TYVn0t/Root/Payload/retrieverBuyer.app/GoogleMaps.bundle/GMSCoreResources.bundle/button_background.png /var/folders/qq/kn3mb_ls71z640nps5cfm5yw0000gn/T/IDEIPAProcessor.AppThinning.\~\~\~MoDD6h/universal-iphoneos/Payload/retrieverBuyer.app/GoogleMaps.bundle/GMSCoreResources.bundle/button_background.png
2023-02-11 02:20:31 +0000            copy button_background@2x.png
$ cp /var/folders/qq/kn3mb_ls71z640nps5cfm5yw0000gn/T/XcodeDistPipeline.\~\~\~TYVn0t/Root/Payload/retrieverBuyer.app/GoogleMaps.bundle/GMSCoreResources.bundle/button_background@2x.png /var/folders/qq/kn3mb_ls71z640nps5cfm5yw0000gn/T/IDEIPAProcessor.AppThinning.\~\~\~MoDD6h/universal-iphoneos/Payload/retrieverBuyer.app/GoogleMaps.bundle/GMSCoreResources.bundle/button_background@2x.png
2023-02-11 02:20:31 +0000            copy button_background@3x.png
$ cp /var/folders/qq/kn3mb_ls71z640nps5cfm5yw0000gn/T/XcodeDistPipeline.\~\~\~TYVn0t/Root/Payload/retrieverBuyer.app/GoogleMaps.bundle/GMSCoreResources.bundle/button_background@3x.png /var/folders/qq/kn3mb_ls71z640nps5cfm5yw0000gn/T/IDEIPAProcessor.AppThinning.\~\~\~MoDD6h/universal-iphoneos/Payload/retrieverBuyer.app/GoogleMaps.bundle/GMSCoreResources.bundle/button_background@3x.png
2023-02-11 02:20:31 +0000            copy button_compass.png
2023-02-11 02:20:31 +0000  $ cp /var/folders/qq/kn3mb_ls71z640nps5cfm5yw0000gn/T/XcodeDistPipeline.\~\~\~TYVn0t/Root/Payload/retrieverBuyer.app/GoogleMaps.bundle/GMSCoreResources.bundle/button_compass.png /var/folders/qq/kn3mb_ls71z640nps5cfm5yw0000gn/T/IDEIPAProcessor.AppThinning.\~\~\~MoDD6h/universal-iphoneos/Payload/retrieverBuyer.app/GoogleMaps.bundle/GMSCoreResources.bundle/button_compass.png
2023-02-11 02:20:31 +0000            copy button_compass@2x.png
$ cp /var/folders/qq/kn3mb_ls71z640nps5cfm5yw0000gn/T/XcodeDistPipeline.\~\~\~TYVn0t/Root/Payload/retrieverBuyer.app/GoogleMaps.bundle/GMSCoreResources.bundle/button_compass@2x.png /var/folders/qq/kn3mb_ls71z640nps5cfm5yw0000gn/T/IDEIPAProcessor.AppThinning.\~\~\~MoDD6h/universal-iphoneos/Payload/retrieverBuyer.app/GoogleMaps.bundle/GMSCoreResources.bundle/button_compass@2x.png
2023-02-11 02:20:31 +0000            copy button_compass_night.png
$ cp /var/folders/qq/kn3mb_ls71z640nps5cfm5yw0000gn/T/XcodeDistPipeline.\~\~\~TYVn0t/Root/Payload/retrieverBuyer.app/GoogleMaps.bundle/GMSCoreResources.bundle/button_compass_night.png /var/folders/qq/kn3mb_ls71z640nps5cfm5yw0000gn/T/IDEIPAProcessor.AppThinning.\~\~\~MoDD6h/universal-iphoneos/Payload/retrieverBuyer.app/GoogleMaps.bundle/GMSCoreResources.bundle/button_compass_night.png
2023-02-11 02:20:31 +0000            copy button_compass_night@2x.png
$ cp /var/folders/qq/kn3mb_ls71z640nps5cfm5yw0000gn/T/XcodeDistPipeline.\~\~\~TYVn0t/Root/Payload/retrieverBuyer.app/GoogleMaps.bundle/GMSCoreResources.bundle/button_compass_night@2x.png /var/folders/qq/kn3mb_ls71z640nps5cfm5yw0000gn/T/IDEIPAProcessor.AppThinning.\~\~\~MoDD6h/universal-iphoneos/Payload/retrieverBuyer.app/GoogleMaps.bundle/GMSCoreResources.bundle/button_compass_night@2x.png
2023-02-11 02:20:31 +0000            copy button_my_location.png
2023-02-11 02:20:31 +0000  $ cp /var/folders/qq/kn3mb_ls71z640nps5cfm5yw0000gn/T/XcodeDistPipeline.\~\~\~TYVn0t/Root/Payload/retrieverBuyer.app/GoogleMaps.bundle/GMSCoreResources.bundle/button_my_location.png /var/folders/qq/kn3mb_ls71z640nps5cfm5yw0000gn/T/IDEIPAProcessor.AppThinning.\~\~\~MoDD6h/universal-iphoneos/Payload/retrieverBuyer.app/GoogleMaps.bundle/GMSCoreResources.bundle/button_my_location.png
2023-02-11 02:20:31 +0000            copy button_my_location@2x.png
$ cp /var/folders/qq/kn3mb_ls71z640nps5cfm5yw0000gn/T/XcodeDistPipeline.\~\~\~TYVn0t/Root/Payload/retrieverBuyer.app/GoogleMaps.bundle/GMSCoreResources.bundle/button_my_location@2x.png /var/folders/qq/kn3mb_ls71z640nps5cfm5yw0000gn/T/IDEIPAProcessor.AppThinning.\~\~\~MoDD6h/universal-iphoneos/Payload/retrieverBuyer.app/GoogleMaps.bundle/GMSCoreResources.bundle/button_my_location@2x.png
2023-02-11 02:20:31 +0000            mkdr ca.lproj/
2023-02-11 02:20:31 +0000  $ mkdir -p /var/folders/qq/kn3mb_ls71z640nps5cfm5yw0000gn/T/IDEIPAProcessor.AppThinning.\~\~\~MoDD6h/universal-iphoneos/Payload/retrieverBuyer.app/GoogleMaps.bundle/GMSCoreResources.bundle/ca.lproj
            copy GMSCore.strings
$ cp /var/folders/qq/kn3mb_ls71z640nps5cfm5yw0000gn/T/XcodeDistPipeline.\~\~\~TYVn0t/Root/Payload/retrieverBuyer.app/GoogleMaps.bundle/GMSCoreResources.bundle/ca.lproj/GMSCore.strings /var/folders/qq/kn3mb_ls71z640nps5cfm5yw0000gn/T/IDEIPAProcessor.AppThinning.\~\~\~MoDD6h/universal-iphoneos/Payload/retrieverBuyer.app/GoogleMaps.bundle/GMSCoreResources.bundle/ca.lproj/GMSCore.strings
2023-02-11 02:20:31 +0000            mkdr cs.lproj/
2023-02-11 02:20:31 +0000  $ mkdir -p /var/folders/qq/kn3mb_ls71z640nps5cfm5yw0000gn/T/IDEIPAProcessor.AppThinning.\~\~\~MoDD6h/universal-iphoneos/Payload/retrieverBuyer.app/GoogleMaps.bundle/GMSCoreResources.bundle/cs.lproj
            copy GMSCore.strings
$ cp /var/folders/qq/kn3mb_ls71z640nps5cfm5yw0000gn/T/XcodeDistPipeline.\~\~\~TYVn0t/Root/Payload/retrieverBuyer.app/GoogleMaps.bundle/GMSCoreResources.bundle/cs.lproj/GMSCore.strings /var/folders/qq/kn3mb_ls71z640nps5cfm5yw0000gn/T/IDEIPAProcessor.AppThinning.\~\~\~MoDD6h/universal-iphoneos/Payload/retrieverBuyer.app/GoogleMaps.bundle/GMSCoreResources.bundle/cs.lproj/GMSCore.strings
2023-02-11 02:20:31 +0000            mkdr da.lproj/
2023-02-11 02:20:31 +0000  $ mkdir -p /var/folders/qq/kn3mb_ls71z640nps5cfm5yw0000gn/T/IDEIPAProcessor.AppThinning.\~\~\~MoDD6h/universal-iphoneos/Payload/retrieverBuyer.app/GoogleMaps.bundle/GMSCoreResources.bundle/da.lproj
            copy GMSCore.strings
$ cp /var/folders/qq/kn3mb_ls71z640nps5cfm5yw0000gn/T/XcodeDistPipeline.\~\~\~TYVn0t/Root/Payload/retrieverBuyer.app/GoogleMaps.bundle/GMSCoreResources.bundle/da.lproj/GMSCore.strings /var/folders/qq/kn3mb_ls71z640nps5cfm5yw0000gn/T/IDEIPAProcessor.AppThinning.\~\~\~MoDD6h/universal-iphoneos/Payload/retrieverBuyer.app/GoogleMaps.bundle/GMSCoreResources.bundle/da.lproj/GMSCore.strings
2023-02-11 02:20:31 +0000            copy dav_one_way_16_256.png
2023-02-11 02:20:31 +0000  $ cp /var/folders/qq/kn3mb_ls71z640nps5cfm5yw0000gn/T/XcodeDistPipeline.\~\~\~TYVn0t/Root/Payload/retrieverBuyer.app/GoogleMaps.bundle/GMSCoreResources.bundle/dav_one_way_16_256.png /var/folders/qq/kn3mb_ls71z640nps5cfm5yw0000gn/T/IDEIPAProcessor.AppThinning.\~\~\~MoDD6h/universal-iphoneos/Payload/retrieverBuyer.app/GoogleMaps.bundle/GMSCoreResources.bundle/dav_one_way_16_256.png
2023-02-11 02:20:31 +0000            mkdr de.lproj/
$ mkdir -p /var/folders/qq/kn3mb_ls71z640nps5cfm5yw0000gn/T/IDEIPAProcessor.AppThinning.\~\~\~MoDD6h/universal-iphoneos/Payload/retrieverBuyer.app/GoogleMaps.bundle/GMSCoreResources.bundle/de.lproj
2023-02-11 02:20:31 +0000              copy GMSCore.strings
$ cp /var/folders/qq/kn3mb_ls71z640nps5cfm5yw0000gn/T/XcodeDistPipeline.\~\~\~TYVn0t/Root/Payload/retrieverBuyer.app/GoogleMaps.bundle/GMSCoreResources.bundle/de.lproj/GMSCore.strings /var/folders/qq/kn3mb_ls71z640nps5cfm5yw0000gn/T/IDEIPAProcessor.AppThinning.\~\~\~MoDD6h/universal-iphoneos/Payload/retrieverBuyer.app/GoogleMaps.bundle/GMSCoreResources.bundle/de.lproj/GMSCore.strings
2023-02-11 02:20:31 +0000            mkdr el.lproj/
2023-02-11 02:20:31 +0000  $ mkdir -p /var/folders/qq/kn3mb_ls71z640nps5cfm5yw0000gn/T/IDEIPAProcessor.AppThinning.\~\~\~MoDD6h/universal-iphoneos/Payload/retrieverBuyer.app/GoogleMaps.bundle/GMSCoreResources.bundle/el.lproj
            copy GMSCore.strings
$ cp /var/folders/qq/kn3mb_ls71z640nps5cfm5yw0000gn/T/XcodeDistPipeline.\~\~\~TYVn0t/Root/Payload/retrieverBuyer.app/GoogleMaps.bundle/GMSCoreResources.bundle/el.lproj/GMSCore.strings /var/folders/qq/kn3mb_ls71z640nps5cfm5yw0000gn/T/IDEIPAProcessor.AppThinning.\~\~\~MoDD6h/universal-iphoneos/Payload/retrieverBuyer.app/GoogleMaps.bundle/GMSCoreResources.bundle/el.lproj/GMSCore.strings
2023-02-11 02:20:31 +0000            mkdr en.lproj/
$ mkdir -p /var/folders/qq/kn3mb_ls71z640nps5cfm5yw0000gn/T/IDEIPAProcessor.AppThinning.\~\~\~MoDD6h/universal-iphoneos/Payload/retrieverBuyer.app/GoogleMaps.bundle/GMSCoreResources.bundle/en.lproj
2023-02-11 02:20:31 +0000              copy GMSCore.strings
$ cp /var/folders/qq/kn3mb_ls71z640nps5cfm5yw0000gn/T/XcodeDistPipeline.\~\~\~TYVn0t/Root/Payload/retrieverBuyer.app/GoogleMaps.bundle/GMSCoreResources.bundle/en.lproj/GMSCore.strings /var/folders/qq/kn3mb_ls71z640nps5cfm5yw0000gn/T/IDEIPAProcessor.AppThinning.\~\~\~MoDD6h/universal-iphoneos/Payload/retrieverBuyer.app/GoogleMaps.bundle/GMSCoreResources.bundle/en.lproj/GMSCore.strings
2023-02-11 02:20:31 +0000            mkdr en_AU.lproj/
$ mkdir -p /var/folders/qq/kn3mb_ls71z640nps5cfm5yw0000gn/T/IDEIPAProcessor.AppThinning.\~\~\~MoDD6h/universal-iphoneos/Payload/retrieverBuyer.app/GoogleMaps.bundle/GMSCoreResources.bundle/en_AU.lproj
2023-02-11 02:20:31 +0000              copy GMSCore.strings
$ cp /var/folders/qq/kn3mb_ls71z640nps5cfm5yw0000gn/T/XcodeDistPipeline.\~\~\~TYVn0t/Root/Payload/retrieverBuyer.app/GoogleMaps.bundle/GMSCoreResources.bundle/en_AU.lproj/GMSCore.strings /var/folders/qq/kn3mb_ls71z640nps5cfm5yw0000gn/T/IDEIPAProcessor.AppThinning.\~\~\~MoDD6h/universal-iphoneos/Payload/retrieverBuyer.app/GoogleMaps.bundle/GMSCoreResources.bundle/en_AU.lproj/GMSCore.strings
2023-02-11 02:20:31 +0000            mkdr en_GB.lproj/
$ mkdir -p /var/folders/qq/kn3mb_ls71z640nps5cfm5yw0000gn/T/IDEIPAProcessor.AppThinning.\~\~\~MoDD6h/universal-iphoneos/Payload/retrieverBuyer.app/GoogleMaps.bundle/GMSCoreResources.bundle/en_GB.lproj
2023-02-11 02:20:31 +0000              copy GMSCore.strings
$ cp /var/folders/qq/kn3mb_ls71z640nps5cfm5yw0000gn/T/XcodeDistPipeline.\~\~\~TYVn0t/Root/Payload/retrieverBuyer.app/GoogleMaps.bundle/GMSCoreResources.bundle/en_GB.lproj/GMSCore.strings /var/folders/qq/kn3mb_ls71z640nps5cfm5yw0000gn/T/IDEIPAProcessor.AppThinning.\~\~\~MoDD6h/universal-iphoneos/Payload/retrieverBuyer.app/GoogleMaps.bundle/GMSCoreResources.bundle/en_GB.lproj/GMSCore.strings
2023-02-11 02:20:31 +0000            mkdr en_IN.lproj/
2023-02-11 02:20:31 +0000  $ mkdir -p /var/folders/qq/kn3mb_ls71z640nps5cfm5yw0000gn/T/IDEIPAProcessor.AppThinning.\~\~\~MoDD6h/universal-iphoneos/Payload/retrieverBuyer.app/GoogleMaps.bundle/GMSCoreResources.bundle/en_IN.lproj
            copy GMSCore.strings
$ cp /var/folders/qq/kn3mb_ls71z640nps5cfm5yw0000gn/T/XcodeDistPipeline.\~\~\~TYVn0t/Root/Payload/retrieverBuyer.app/GoogleMaps.bundle/GMSCoreResources.bundle/en_IN.lproj/GMSCore.strings /var/folders/qq/kn3mb_ls71z640nps5cfm5yw0000gn/T/IDEIPAProcessor.AppThinning.\~\~\~MoDD6h/universal-iphoneos/Payload/retrieverBuyer.app/GoogleMaps.bundle/GMSCoreResources.bundle/en_IN.lproj/GMSCore.strings
2023-02-11 02:20:31 +0000            mkdr es.lproj/
2023-02-11 02:20:31 +0000  $ mkdir -p /var/folders/qq/kn3mb_ls71z640nps5cfm5yw0000gn/T/IDEIPAProcessor.AppThinning.\~\~\~MoDD6h/universal-iphoneos/Payload/retrieverBuyer.app/GoogleMaps.bundle/GMSCoreResources.bundle/es.lproj
            copy GMSCore.strings
$ cp /var/folders/qq/kn3mb_ls71z640nps5cfm5yw0000gn/T/XcodeDistPipeline.\~\~\~TYVn0t/Root/Payload/retrieverBuyer.app/GoogleMaps.bundle/GMSCoreResources.bundle/es.lproj/GMSCore.strings /var/folders/qq/kn3mb_ls71z640nps5cfm5yw0000gn/T/IDEIPAProcessor.AppThinning.\~\~\~MoDD6h/universal-iphoneos/Payload/retrieverBuyer.app/GoogleMaps.bundle/GMSCoreResources.bundle/es.lproj/GMSCore.strings
2023-02-11 02:20:31 +0000            mkdr es_419.lproj/
2023-02-11 02:20:31 +0000  $ mkdir -p /var/folders/qq/kn3mb_ls71z640nps5cfm5yw0000gn/T/IDEIPAProcessor.AppThinning.\~\~\~MoDD6h/universal-iphoneos/Payload/retrieverBuyer.app/GoogleMaps.bundle/GMSCoreResources.bundle/es_419.lproj
            copy GMSCore.strings
$ cp /var/folders/qq/kn3mb_ls71z640nps5cfm5yw0000gn/T/XcodeDistPipeline.\~\~\~TYVn0t/Root/Payload/retrieverBuyer.app/GoogleMaps.bundle/GMSCoreResources.bundle/es_419.lproj/GMSCore.strings /var/folders/qq/kn3mb_ls71z640nps5cfm5yw0000gn/T/IDEIPAProcessor.AppThinning.\~\~\~MoDD6h/universal-iphoneos/Payload/retrieverBuyer.app/GoogleMaps.bundle/GMSCoreResources.bundle/es_419.lproj/GMSCore.strings
2023-02-11 02:20:31 +0000            mkdr es_MX.lproj/
2023-02-11 02:20:31 +0000  $ mkdir -p /var/folders/qq/kn3mb_ls71z640nps5cfm5yw0000gn/T/IDEIPAProcessor.AppThinning.\~\~\~MoDD6h/universal-iphoneos/Payload/retrieverBuyer.app/GoogleMaps.bundle/GMSCoreResources.bundle/es_MX.lproj
            copy GMSCore.strings
$ cp /var/folders/qq/kn3mb_ls71z640nps5cfm5yw0000gn/T/XcodeDistPipeline.\~\~\~TYVn0t/Root/Payload/retrieverBuyer.app/GoogleMaps.bundle/GMSCoreResources.bundle/es_MX.lproj/GMSCore.strings /var/folders/qq/kn3mb_ls71z640nps5cfm5yw0000gn/T/IDEIPAProcessor.AppThinning.\~\~\~MoDD6h/universal-iphoneos/Payload/retrieverBuyer.app/GoogleMaps.bundle/GMSCoreResources.bundle/es_MX.lproj/GMSCore.strings
2023-02-11 02:20:31 +0000            mkdr fi.lproj/
2023-02-11 02:20:31 +0000  $ mkdir -p /var/folders/qq/kn3mb_ls71z640nps5cfm5yw0000gn/T/IDEIPAProcessor.AppThinning.\~\~\~MoDD6h/universal-iphoneos/Payload/retrieverBuyer.app/GoogleMaps.bundle/GMSCoreResources.bundle/fi.lproj
            copy GMSCore.strings
$ cp /var/folders/qq/kn3mb_ls71z640nps5cfm5yw0000gn/T/XcodeDistPipeline.\~\~\~TYVn0t/Root/Payload/retrieverBuyer.app/GoogleMaps.bundle/GMSCoreResources.bundle/fi.lproj/GMSCore.strings /var/folders/qq/kn3mb_ls71z640nps5cfm5yw0000gn/T/IDEIPAProcessor.AppThinning.\~\~\~MoDD6h/universal-iphoneos/Payload/retrieverBuyer.app/GoogleMaps.bundle/GMSCoreResources.bundle/fi.lproj/GMSCore.strings
2023-02-11 02:20:31 +0000            mkdr fr.lproj/
2023-02-11 02:20:31 +0000  $ mkdir -p /var/folders/qq/kn3mb_ls71z640nps5cfm5yw0000gn/T/IDEIPAProcessor.AppThinning.\~\~\~MoDD6h/universal-iphoneos/Payload/retrieverBuyer.app/GoogleMaps.bundle/GMSCoreResources.bundle/fr.lproj
            copy GMSCore.strings
$ cp /var/folders/qq/kn3mb_ls71z640nps5cfm5yw0000gn/T/XcodeDistPipeline.\~\~\~TYVn0t/Root/Payload/retrieverBuyer.app/GoogleMaps.bundle/GMSCoreResources.bundle/fr.lproj/GMSCore.strings /var/folders/qq/kn3mb_ls71z640nps5cfm5yw0000gn/T/IDEIPAProcessor.AppThinning.\~\~\~MoDD6h/universal-iphoneos/Payload/retrieverBuyer.app/GoogleMaps.bundle/GMSCoreResources.bundle/fr.lproj/GMSCore.strings
2023-02-11 02:20:31 +0000            mkdr fr_CA.lproj/
$ mkdir -p /var/folders/qq/kn3mb_ls71z640nps5cfm5yw0000gn/T/IDEIPAProcessor.AppThinning.\~\~\~MoDD6h/universal-iphoneos/Payload/retrieverBuyer.app/GoogleMaps.bundle/GMSCoreResources.bundle/fr_CA.lproj
2023-02-11 02:20:31 +0000              copy GMSCore.strings
$ cp /var/folders/qq/kn3mb_ls71z640nps5cfm5yw0000gn/T/XcodeDistPipeline.\~\~\~TYVn0t/Root/Payload/retrieverBuyer.app/GoogleMaps.bundle/GMSCoreResources.bundle/fr_CA.lproj/GMSCore.strings /var/folders/qq/kn3mb_ls71z640nps5cfm5yw0000gn/T/IDEIPAProcessor.AppThinning.\~\~\~MoDD6h/universal-iphoneos/Payload/retrieverBuyer.app/GoogleMaps.bundle/GMSCoreResources.bundle/fr_CA.lproj/GMSCore.strings
2023-02-11 02:20:31 +0000            mkdr he.lproj/
$ mkdir -p /var/folders/qq/kn3mb_ls71z640nps5cfm5yw0000gn/T/IDEIPAProcessor.AppThinning.\~\~\~MoDD6h/universal-iphoneos/Payload/retrieverBuyer.app/GoogleMaps.bundle/GMSCoreResources.bundle/he.lproj
2023-02-11 02:20:31 +0000              copy GMSCore.strings
$ cp /var/folders/qq/kn3mb_ls71z640nps5cfm5yw0000gn/T/XcodeDistPipeline.\~\~\~TYVn0t/Root/Payload/retrieverBuyer.app/GoogleMaps.bundle/GMSCoreResources.bundle/he.lproj/GMSCore.strings /var/folders/qq/kn3mb_ls71z640nps5cfm5yw0000gn/T/IDEIPAProcessor.AppThinning.\~\~\~MoDD6h/universal-iphoneos/Payload/retrieverBuyer.app/GoogleMaps.bundle/GMSCoreResources.bundle/he.lproj/GMSCore.strings
2023-02-11 02:20:31 +0000            mkdr hi.lproj/
2023-02-11 02:20:31 +0000  $ mkdir -p /var/folders/qq/kn3mb_ls71z640nps5cfm5yw0000gn/T/IDEIPAProcessor.AppThinning.\~\~\~MoDD6h/universal-iphoneos/Payload/retrieverBuyer.app/GoogleMaps.bundle/GMSCoreResources.bundle/hi.lproj
            copy GMSCore.strings
$ cp /var/folders/qq/kn3mb_ls71z640nps5cfm5yw0000gn/T/XcodeDistPipeline.\~\~\~TYVn0t/Root/Payload/retrieverBuyer.app/GoogleMaps.bundle/GMSCoreResources.bundle/hi.lproj/GMSCore.strings /var/folders/qq/kn3mb_ls71z640nps5cfm5yw0000gn/T/IDEIPAProcessor.AppThinning.\~\~\~MoDD6h/universal-iphoneos/Payload/retrieverBuyer.app/GoogleMaps.bundle/GMSCoreResources.bundle/hi.lproj/GMSCore.strings
2023-02-11 02:20:31 +0000            mkdr hr.lproj/
2023-02-11 02:20:31 +0000  $ mkdir -p /var/folders/qq/kn3mb_ls71z640nps5cfm5yw0000gn/T/IDEIPAProcessor.AppThinning.\~\~\~MoDD6h/universal-iphoneos/Payload/retrieverBuyer.app/GoogleMaps.bundle/GMSCoreResources.bundle/hr.lproj
            copy GMSCore.strings
$ cp /var/folders/qq/kn3mb_ls71z640nps5cfm5yw0000gn/T/XcodeDistPipeline.\~\~\~TYVn0t/Root/Payload/retrieverBuyer.app/GoogleMaps.bundle/GMSCoreResources.bundle/hr.lproj/GMSCore.strings /var/folders/qq/kn3mb_ls71z640nps5cfm5yw0000gn/T/IDEIPAProcessor.AppThinning.\~\~\~MoDD6h/universal-iphoneos/Payload/retrieverBuyer.app/GoogleMaps.bundle/GMSCoreResources.bundle/hr.lproj/GMSCore.strings
2023-02-11 02:20:31 +0000            mkdr hu.lproj/
$ mkdir -p /var/folders/qq/kn3mb_ls71z640nps5cfm5yw0000gn/T/IDEIPAProcessor.AppThinning.\~\~\~MoDD6h/universal-iphoneos/Payload/retrieverBuyer.app/GoogleMaps.bundle/GMSCoreResources.bundle/hu.lproj
2023-02-11 02:20:31 +0000              copy GMSCore.strings
$ cp /var/folders/qq/kn3mb_ls71z640nps5cfm5yw0000gn/T/XcodeDistPipeline.\~\~\~TYVn0t/Root/Payload/retrieverBuyer.app/GoogleMaps.bundle/GMSCoreResources.bundle/hu.lproj/GMSCore.strings /var/folders/qq/kn3mb_ls71z640nps5cfm5yw0000gn/T/IDEIPAProcessor.AppThinning.\~\~\~MoDD6h/universal-iphoneos/Payload/retrieverBuyer.app/GoogleMaps.bundle/GMSCoreResources.bundle/hu.lproj/GMSCore.strings
2023-02-11 02:20:31 +0000            copy ic_closed_place_waypoint_alert_32pt.png
2023-02-11 02:20:31 +0000  $ cp /var/folders/qq/kn3mb_ls71z640nps5cfm5yw0000gn/T/XcodeDistPipeline.\~\~\~TYVn0t/Root/Payload/retrieverBuyer.app/GoogleMaps.bundle/GMSCoreResources.bundle/ic_closed_place_waypoint_alert_32pt.png /var/folders/qq/kn3mb_ls71z640nps5cfm5yw0000gn/T/IDEIPAProcessor.AppThinning.\~\~\~MoDD6h/universal-iphoneos/Payload/retrieverBuyer.app/GoogleMaps.bundle/GMSCoreResources.bundle/ic_closed_place_waypoint_alert_32pt.png
2023-02-11 02:20:31 +0000            copy ic_closed_place_waypoint_alert_32pt@2x.png
$ cp /var/folders/qq/kn3mb_ls71z640nps5cfm5yw0000gn/T/XcodeDistPipeline.\~\~\~TYVn0t/Root/Payload/retrieverBuyer.app/GoogleMaps.bundle/GMSCoreResources.bundle/ic_closed_place_waypoint_alert_32pt@2x.png /var/folders/qq/kn3mb_ls71z640nps5cfm5yw0000gn/T/IDEIPAProcessor.AppThinning.\~\~\~MoDD6h/universal-iphoneos/Payload/retrieverBuyer.app/GoogleMaps.bundle/GMSCoreResources.bundle/ic_closed_place_waypoint_alert_32pt@2x.png
2023-02-11 02:20:31 +0000            copy ic_closed_place_waypoint_alert_32pt@3x.png
2023-02-11 02:20:31 +0000  $ cp /var/folders/qq/kn3mb_ls71z640nps5cfm5yw0000gn/T/XcodeDistPipeline.\~\~\~TYVn0t/Root/Payload/retrieverBuyer.app/GoogleMaps.bundle/GMSCoreResources.bundle/ic_closed_place_waypoint_alert_32pt@3x.png /var/folders/qq/kn3mb_ls71z640nps5cfm5yw0000gn/T/IDEIPAProcessor.AppThinning.\~\~\~MoDD6h/universal-iphoneos/Payload/retrieverBuyer.app/GoogleMaps.bundle/GMSCoreResources.bundle/ic_closed_place_waypoint_alert_32pt@3x.png
2023-02-11 02:20:31 +0000            copy ic_closed_place_waypoint_alert_night_32pt.png
$ cp /var/folders/qq/kn3mb_ls71z640nps5cfm5yw0000gn/T/XcodeDistPipeline.\~\~\~TYVn0t/Root/Payload/retrieverBuyer.app/GoogleMaps.bundle/GMSCoreResources.bundle/ic_closed_place_waypoint_alert_night_32pt.png /var/folders/qq/kn3mb_ls71z640nps5cfm5yw0000gn/T/IDEIPAProcessor.AppThinning.\~\~\~MoDD6h/universal-iphoneos/Payload/retrieverBuyer.app/GoogleMaps.bundle/GMSCoreResources.bundle/ic_closed_place_waypoint_alert_night_32pt.png
2023-02-11 02:20:31 +0000            copy ic_closed_place_waypoint_alert_night_32pt@2x.png
$ cp /var/folders/qq/kn3mb_ls71z640nps5cfm5yw0000gn/T/XcodeDistPipeline.\~\~\~TYVn0t/Root/Payload/retrieverBuyer.app/GoogleMaps.bundle/GMSCoreResources.bundle/ic_closed_place_waypoint_alert_night_32pt@2x.png /var/folders/qq/kn3mb_ls71z640nps5cfm5yw0000gn/T/IDEIPAProcessor.AppThinning.\~\~\~MoDD6h/universal-iphoneos/Payload/retrieverBuyer.app/GoogleMaps.bundle/GMSCoreResources.bundle/ic_closed_place_waypoint_alert_night_32pt@2x.png
2023-02-11 02:20:31 +0000            copy ic_closed_place_waypoint_alert_night_32pt@3x.png
2023-02-11 02:20:31 +0000  $ cp /var/folders/qq/kn3mb_ls71z640nps5cfm5yw0000gn/T/XcodeDistPipeline.\~\~\~TYVn0t/Root/Payload/retrieverBuyer.app/GoogleMaps.bundle/GMSCoreResources.bundle/ic_closed_place_waypoint_alert_night_32pt@3x.png /var/folders/qq/kn3mb_ls71z640nps5cfm5yw0000gn/T/IDEIPAProcessor.AppThinning.\~\~\~MoDD6h/universal-iphoneos/Payload/retrieverBuyer.app/GoogleMaps.bundle/GMSCoreResources.bundle/ic_closed_place_waypoint_alert_night_32pt@3x.png
2023-02-11 02:20:31 +0000            copy ic_compass_needle.png
$ cp /var/folders/qq/kn3mb_ls71z640nps5cfm5yw0000gn/T/XcodeDistPipeline.\~\~\~TYVn0t/Root/Payload/retrieverBuyer.app/GoogleMaps.bundle/GMSCoreResources.bundle/ic_compass_needle.png /var/folders/qq/kn3mb_ls71z640nps5cfm5yw0000gn/T/IDEIPAProcessor.AppThinning.\~\~\~MoDD6h/universal-iphoneos/Payload/retrieverBuyer.app/GoogleMaps.bundle/GMSCoreResources.bundle/ic_compass_needle.png
2023-02-11 02:20:31 +0000            copy ic_compass_needle@2x.png
2023-02-11 02:20:31 +0000  $ cp /var/folders/qq/kn3mb_ls71z640nps5cfm5yw0000gn/T/XcodeDistPipeline.\~\~\~TYVn0t/Root/Payload/retrieverBuyer.app/GoogleMaps.bundle/GMSCoreResources.bundle/ic_compass_needle@2x.png /var/folders/qq/kn3mb_ls71z640nps5cfm5yw0000gn/T/IDEIPAProcessor.AppThinning.\~\~\~MoDD6h/universal-iphoneos/Payload/retrieverBuyer.app/GoogleMaps.bundle/GMSCoreResources.bundle/ic_compass_needle@2x.png
2023-02-11 02:20:31 +0000            copy ic_compass_needle_32pt.png
2023-02-11 02:20:31 +0000  $ cp /var/folders/qq/kn3mb_ls71z640nps5cfm5yw0000gn/T/XcodeDistPipeline.\~\~\~TYVn0t/Root/Payload/retrieverBuyer.app/GoogleMaps.bundle/GMSCoreResources.bundle/ic_compass_needle_32pt.png /var/folders/qq/kn3mb_ls71z640nps5cfm5yw0000gn/T/IDEIPAProcessor.AppThinning.\~\~\~MoDD6h/universal-iphoneos/Payload/retrieverBuyer.app/GoogleMaps.bundle/GMSCoreResources.bundle/ic_compass_needle_32pt.png
2023-02-11 02:20:31 +0000            copy ic_compass_needle_32pt@2x.png
$ cp /var/folders/qq/kn3mb_ls71z640nps5cfm5yw0000gn/T/XcodeDistPipeline.\~\~\~TYVn0t/Root/Payload/retrieverBuyer.app/GoogleMaps.bundle/GMSCoreResources.bundle/ic_compass_needle_32pt@2x.png /var/folders/qq/kn3mb_ls71z640nps5cfm5yw0000gn/T/IDEIPAProcessor.AppThinning.\~\~\~MoDD6h/universal-iphoneos/Payload/retrieverBuyer.app/GoogleMaps.bundle/GMSCoreResources.bundle/ic_compass_needle_32pt@2x.png
2023-02-11 02:20:31 +0000            copy ic_compass_needle_32pt@3x.png
2023-02-11 02:20:31 +0000  $ cp /var/folders/qq/kn3mb_ls71z640nps5cfm5yw0000gn/T/XcodeDistPipeline.\~\~\~TYVn0t/Root/Payload/retrieverBuyer.app/GoogleMaps.bundle/GMSCoreResources.bundle/ic_compass_needle_32pt@3x.png /var/folders/qq/kn3mb_ls71z640nps5cfm5yw0000gn/T/IDEIPAProcessor.AppThinning.\~\~\~MoDD6h/universal-iphoneos/Payload/retrieverBuyer.app/GoogleMaps.bundle/GMSCoreResources.bundle/ic_compass_needle_32pt@3x.png
2023-02-11 02:20:31 +0000            copy ic_compass_needle_large.png
2023-02-11 02:20:31 +0000  $ cp /var/folders/qq/kn3mb_ls71z640nps5cfm5yw0000gn/T/XcodeDistPipeline.\~\~\~TYVn0t/Root/Payload/retrieverBuyer.app/GoogleMaps.bundle/GMSCoreResources.bundle/ic_compass_needle_large.png /var/folders/qq/kn3mb_ls71z640nps5cfm5yw0000gn/T/IDEIPAProcessor.AppThinning.\~\~\~MoDD6h/universal-iphoneos/Payload/retrieverBuyer.app/GoogleMaps.bundle/GMSCoreResources.bundle/ic_compass_needle_large.png
2023-02-11 02:20:31 +0000            copy ic_compass_needle_large@2x.png
2023-02-11 02:20:31 +0000  $ cp /var/folders/qq/kn3mb_ls71z640nps5cfm5yw0000gn/T/XcodeDistPipeline.\~\~\~TYVn0t/Root/Payload/retrieverBuyer.app/GoogleMaps.bundle/GMSCoreResources.bundle/ic_compass_needle_large@2x.png /var/folders/qq/kn3mb_ls71z640nps5cfm5yw0000gn/T/IDEIPAProcessor.AppThinning.\~\~\~MoDD6h/universal-iphoneos/Payload/retrieverBuyer.app/GoogleMaps.bundle/GMSCoreResources.bundle/ic_compass_needle_large@2x.png
2023-02-11 02:20:31 +0000            copy ic_compass_needle_large@3x.png
2023-02-11 02:20:31 +0000  $ cp /var/folders/qq/kn3mb_ls71z640nps5cfm5yw0000gn/T/XcodeDistPipeline.\~\~\~TYVn0t/Root/Payload/retrieverBuyer.app/GoogleMaps.bundle/GMSCoreResources.bundle/ic_compass_needle_large@3x.png /var/folders/qq/kn3mb_ls71z640nps5cfm5yw0000gn/T/IDEIPAProcessor.AppThinning.\~\~\~MoDD6h/universal-iphoneos/Payload/retrieverBuyer.app/GoogleMaps.bundle/GMSCoreResources.bundle/ic_compass_needle_large@3x.png
2023-02-11 02:20:31 +0000            copy ic_covid_border_waypoint_alert_32pt.png
2023-02-11 02:20:31 +0000  $ cp /var/folders/qq/kn3mb_ls71z640nps5cfm5yw0000gn/T/XcodeDistPipeline.\~\~\~TYVn0t/Root/Payload/retrieverBuyer.app/GoogleMaps.bundle/GMSCoreResources.bundle/ic_covid_border_waypoint_alert_32pt.png /var/folders/qq/kn3mb_ls71z640nps5cfm5yw0000gn/T/IDEIPAProcessor.AppThinning.\~\~\~MoDD6h/universal-iphoneos/Payload/retrieverBuyer.app/GoogleMaps.bundle/GMSCoreResources.bundle/ic_covid_border_waypoint_alert_32pt.png
2023-02-11 02:20:31 +0000            copy ic_covid_border_waypoint_alert_32pt@2x.png
$ cp /var/folders/qq/kn3mb_ls71z640nps5cfm5yw0000gn/T/XcodeDistPipeline.\~\~\~TYVn0t/Root/Payload/retrieverBuyer.app/GoogleMaps.bundle/GMSCoreResources.bundle/ic_covid_border_waypoint_alert_32pt@2x.png /var/folders/qq/kn3mb_ls71z640nps5cfm5yw0000gn/T/IDEIPAProcessor.AppThinning.\~\~\~MoDD6h/universal-iphoneos/Payload/retrieverBuyer.app/GoogleMaps.bundle/GMSCoreResources.bundle/ic_covid_border_waypoint_alert_32pt@2x.png
2023-02-11 02:20:31 +0000            copy ic_covid_border_waypoint_alert_32pt@3x.png
2023-02-11 02:20:31 +0000  $ cp /var/folders/qq/kn3mb_ls71z640nps5cfm5yw0000gn/T/XcodeDistPipeline.\~\~\~TYVn0t/Root/Payload/retrieverBuyer.app/GoogleMaps.bundle/GMSCoreResources.bundle/ic_covid_border_waypoint_alert_32pt@3x.png /var/folders/qq/kn3mb_ls71z640nps5cfm5yw0000gn/T/IDEIPAProcessor.AppThinning.\~\~\~MoDD6h/universal-iphoneos/Payload/retrieverBuyer.app/GoogleMaps.bundle/GMSCoreResources.bundle/ic_covid_border_waypoint_alert_32pt@3x.png
2023-02-11 02:20:31 +0000            copy ic_covid_checkpoint_waypoint_alert_32pt.png
$ cp /var/folders/qq/kn3mb_ls71z640nps5cfm5yw0000gn/T/XcodeDistPipeline.\~\~\~TYVn0t/Root/Payload/retrieverBuyer.app/GoogleMaps.bundle/GMSCoreResources.bundle/ic_covid_checkpoint_waypoint_alert_32pt.png /var/folders/qq/kn3mb_ls71z640nps5cfm5yw0000gn/T/IDEIPAProcessor.AppThinning.\~\~\~MoDD6h/universal-iphoneos/Payload/retrieverBuyer.app/GoogleMaps.bundle/GMSCoreResources.bundle/ic_covid_checkpoint_waypoint_alert_32pt.png
2023-02-11 02:20:31 +0000            copy ic_covid_checkpoint_waypoint_alert_32pt@2x.png
2023-02-11 02:20:31 +0000  $ cp /var/folders/qq/kn3mb_ls71z640nps5cfm5yw0000gn/T/XcodeDistPipeline.\~\~\~TYVn0t/Root/Payload/retrieverBuyer.app/GoogleMaps.bundle/GMSCoreResources.bundle/ic_covid_checkpoint_waypoint_alert_32pt@2x.png /var/folders/qq/kn3mb_ls71z640nps5cfm5yw0000gn/T/IDEIPAProcessor.AppThinning.\~\~\~MoDD6h/universal-iphoneos/Payload/retrieverBuyer.app/GoogleMaps.bundle/GMSCoreResources.bundle/ic_covid_checkpoint_waypoint_alert_32pt@2x.png
2023-02-11 02:20:31 +0000            copy ic_covid_checkpoint_waypoint_alert_32pt@3x.png
2023-02-11 02:20:31 +0000  $ cp /var/folders/qq/kn3mb_ls71z640nps5cfm5yw0000gn/T/XcodeDistPipeline.\~\~\~TYVn0t/Root/Payload/retrieverBuyer.app/GoogleMaps.bundle/GMSCoreResources.bundle/ic_covid_checkpoint_waypoint_alert_32pt@3x.png /var/folders/qq/kn3mb_ls71z640nps5cfm5yw0000gn/T/IDEIPAProcessor.AppThinning.\~\~\~MoDD6h/universal-iphoneos/Payload/retrieverBuyer.app/GoogleMaps.bundle/GMSCoreResources.bundle/ic_covid_checkpoint_waypoint_alert_32pt@3x.png
2023-02-11 02:20:31 +0000            copy ic_covid_checkpoint_waypoint_alert_night_32pt.png
2023-02-11 02:20:31 +0000  $ cp /var/folders/qq/kn3mb_ls71z640nps5cfm5yw0000gn/T/XcodeDistPipeline.\~\~\~TYVn0t/Root/Payload/retrieverBuyer.app/GoogleMaps.bundle/GMSCoreResources.bundle/ic_covid_checkpoint_waypoint_alert_night_32pt.png /var/folders/qq/kn3mb_ls71z640nps5cfm5yw0000gn/T/IDEIPAProcessor.AppThinning.\~\~\~MoDD6h/universal-iphoneos/Payload/retrieverBuyer.app/GoogleMaps.bundle/GMSCoreResources.bundle/ic_covid_checkpoint_waypoint_alert_night_32pt.png
2023-02-11 02:20:31 +0000            copy ic_covid_checkpoint_waypoint_alert_night_32pt@2x.png
2023-02-11 02:20:31 +0000  $ cp /var/folders/qq/kn3mb_ls71z640nps5cfm5yw0000gn/T/XcodeDistPipeline.\~\~\~TYVn0t/Root/Payload/retrieverBuyer.app/GoogleMaps.bundle/GMSCoreResources.bundle/ic_covid_checkpoint_waypoint_alert_night_32pt@2x.png /var/folders/qq/kn3mb_ls71z640nps5cfm5yw0000gn/T/IDEIPAProcessor.AppThinning.\~\~\~MoDD6h/universal-iphoneos/Payload/retrieverBuyer.app/GoogleMaps.bundle/GMSCoreResources.bundle/ic_covid_checkpoint_waypoint_alert_night_32pt@2x.png
2023-02-11 02:20:31 +0000            copy ic_covid_checkpoint_waypoint_alert_night_32pt@3x.png
$ cp /var/folders/qq/kn3mb_ls71z640nps5cfm5yw0000gn/T/XcodeDistPipeline.\~\~\~TYVn0t/Root/Payload/retrieverBuyer.app/GoogleMaps.bundle/GMSCoreResources.bundle/ic_covid_checkpoint_waypoint_alert_night_32pt@3x.png /var/folders/qq/kn3mb_ls71z640nps5cfm5yw0000gn/T/IDEIPAProcessor.AppThinning.\~\~\~MoDD6h/universal-iphoneos/Payload/retrieverBuyer.app/GoogleMaps.bundle/GMSCoreResources.bundle/ic_covid_checkpoint_waypoint_alert_night_32pt@3x.png
2023-02-11 02:20:31 +0000            copy ic_covid_medical_waypoint_alert_32pt.png
2023-02-11 02:20:31 +0000  $ cp /var/folders/qq/kn3mb_ls71z640nps5cfm5yw0000gn/T/XcodeDistPipeline.\~\~\~TYVn0t/Root/Payload/retrieverBuyer.app/GoogleMaps.bundle/GMSCoreResources.bundle/ic_covid_medical_waypoint_alert_32pt.png /var/folders/qq/kn3mb_ls71z640nps5cfm5yw0000gn/T/IDEIPAProcessor.AppThinning.\~\~\~MoDD6h/universal-iphoneos/Payload/retrieverBuyer.app/GoogleMaps.bundle/GMSCoreResources.bundle/ic_covid_medical_waypoint_alert_32pt.png
2023-02-11 02:20:31 +0000            copy ic_covid_medical_waypoint_alert_32pt@2x.png
$ cp /var/folders/qq/kn3mb_ls71z640nps5cfm5yw0000gn/T/XcodeDistPipeline.\~\~\~TYVn0t/Root/Payload/retrieverBuyer.app/GoogleMaps.bundle/GMSCoreResources.bundle/ic_covid_medical_waypoint_alert_32pt@2x.png /var/folders/qq/kn3mb_ls71z640nps5cfm5yw0000gn/T/IDEIPAProcessor.AppThinning.\~\~\~MoDD6h/universal-iphoneos/Payload/retrieverBuyer.app/GoogleMaps.bundle/GMSCoreResources.bundle/ic_covid_medical_waypoint_alert_32pt@2x.png
2023-02-11 02:20:31 +0000            copy ic_covid_medical_waypoint_alert_32pt@3x.png
2023-02-11 02:20:31 +0000  $ cp /var/folders/qq/kn3mb_ls71z640nps5cfm5yw0000gn/T/XcodeDistPipeline.\~\~\~TYVn0t/Root/Payload/retrieverBuyer.app/GoogleMaps.bundle/GMSCoreResources.bundle/ic_covid_medical_waypoint_alert_32pt@3x.png /var/folders/qq/kn3mb_ls71z640nps5cfm5yw0000gn/T/IDEIPAProcessor.AppThinning.\~\~\~MoDD6h/universal-iphoneos/Payload/retrieverBuyer.app/GoogleMaps.bundle/GMSCoreResources.bundle/ic_covid_medical_waypoint_alert_32pt@3x.png
2023-02-11 02:20:31 +0000            copy ic_covid_medical_waypoint_alert_night_32pt.png
2023-02-11 02:20:31 +0000  $ cp /var/folders/qq/kn3mb_ls71z640nps5cfm5yw0000gn/T/XcodeDistPipeline.\~\~\~TYVn0t/Root/Payload/retrieverBuyer.app/GoogleMaps.bundle/GMSCoreResources.bundle/ic_covid_medical_waypoint_alert_night_32pt.png /var/folders/qq/kn3mb_ls71z640nps5cfm5yw0000gn/T/IDEIPAProcessor.AppThinning.\~\~\~MoDD6h/universal-iphoneos/Payload/retrieverBuyer.app/GoogleMaps.bundle/GMSCoreResources.bundle/ic_covid_medical_waypoint_alert_night_32pt.png
2023-02-11 02:20:31 +0000            copy ic_covid_medical_waypoint_alert_night_32pt@2x.png
$ cp /var/folders/qq/kn3mb_ls71z640nps5cfm5yw0000gn/T/XcodeDistPipeline.\~\~\~TYVn0t/Root/Payload/retrieverBuyer.app/GoogleMaps.bundle/GMSCoreResources.bundle/ic_covid_medical_waypoint_alert_night_32pt@2x.png /var/folders/qq/kn3mb_ls71z640nps5cfm5yw0000gn/T/IDEIPAProcessor.AppThinning.\~\~\~MoDD6h/universal-iphoneos/Payload/retrieverBuyer.app/GoogleMaps.bundle/GMSCoreResources.bundle/ic_covid_medical_waypoint_alert_night_32pt@2x.png
2023-02-11 02:20:31 +0000            copy ic_covid_medical_waypoint_alert_night_32pt@3x.png
2023-02-11 02:20:31 +0000  $ cp /var/folders/qq/kn3mb_ls71z640nps5cfm5yw0000gn/T/XcodeDistPipeline.\~\~\~TYVn0t/Root/Payload/retrieverBuyer.app/GoogleMaps.bundle/GMSCoreResources.bundle/ic_covid_medical_waypoint_alert_night_32pt@3x.png /var/folders/qq/kn3mb_ls71z640nps5cfm5yw0000gn/T/IDEIPAProcessor.AppThinning.\~\~\~MoDD6h/universal-iphoneos/Payload/retrieverBuyer.app/GoogleMaps.bundle/GMSCoreResources.bundle/ic_covid_medical_waypoint_alert_night_32pt@3x.png
2023-02-11 02:20:31 +0000            copy ic_location_off.png
$ cp /var/folders/qq/kn3mb_ls71z640nps5cfm5yw0000gn/T/XcodeDistPipeline.\~\~\~TYVn0t/Root/Payload/retrieverBuyer.app/GoogleMaps.bundle/GMSCoreResources.bundle/ic_location_off.png /var/folders/qq/kn3mb_ls71z640nps5cfm5yw0000gn/T/IDEIPAProcessor.AppThinning.\~\~\~MoDD6h/universal-iphoneos/Payload/retrieverBuyer.app/GoogleMaps.bundle/GMSCoreResources.bundle/ic_location_off.png
2023-02-11 02:20:31 +0000            copy ic_location_off@2x.png
2023-02-11 02:20:31 +0000  $ cp /var/folders/qq/kn3mb_ls71z640nps5cfm5yw0000gn/T/XcodeDistPipeline.\~\~\~TYVn0t/Root/Payload/retrieverBuyer.app/GoogleMaps.bundle/GMSCoreResources.bundle/ic_location_off@2x.png /var/folders/qq/kn3mb_ls71z640nps5cfm5yw0000gn/T/IDEIPAProcessor.AppThinning.\~\~\~MoDD6h/universal-iphoneos/Payload/retrieverBuyer.app/GoogleMaps.bundle/GMSCoreResources.bundle/ic_location_off@2x.png
2023-02-11 02:20:31 +0000            copy ic_location_off@3x.png
2023-02-11 02:20:31 +0000  $ cp /var/folders/qq/kn3mb_ls71z640nps5cfm5yw0000gn/T/XcodeDistPipeline.\~\~\~TYVn0t/Root/Payload/retrieverBuyer.app/GoogleMaps.bundle/GMSCoreResources.bundle/ic_location_off@3x.png /var/folders/qq/kn3mb_ls71z640nps5cfm5yw0000gn/T/IDEIPAProcessor.AppThinning.\~\~\~MoDD6h/universal-iphoneos/Payload/retrieverBuyer.app/GoogleMaps.bundle/GMSCoreResources.bundle/ic_location_off@3x.png
2023-02-11 02:20:31 +0000            copy ic_qu_direction_mylocation.png
$ cp /var/folders/qq/kn3mb_ls71z640nps5cfm5yw0000gn/T/XcodeDistPipeline.\~\~\~TYVn0t/Root/Payload/retrieverBuyer.app/GoogleMaps.bundle/GMSCoreResources.bundle/ic_qu_direction_mylocation.png /var/folders/qq/kn3mb_ls71z640nps5cfm5yw0000gn/T/IDEIPAProcessor.AppThinning.\~\~\~MoDD6h/universal-iphoneos/Payload/retrieverBuyer.app/GoogleMaps.bundle/GMSCoreResources.bundle/ic_qu_direction_mylocation.png
2023-02-11 02:20:31 +0000            copy ic_qu_direction_mylocation@2x.png
2023-02-11 02:20:31 +0000  $ cp /var/folders/qq/kn3mb_ls71z640nps5cfm5yw0000gn/T/XcodeDistPipeline.\~\~\~TYVn0t/Root/Payload/retrieverBuyer.app/GoogleMaps.bundle/GMSCoreResources.bundle/ic_qu_direction_mylocation@2x.png /var/folders/qq/kn3mb_ls71z640nps5cfm5yw0000gn/T/IDEIPAProcessor.AppThinning.\~\~\~MoDD6h/universal-iphoneos/Payload/retrieverBuyer.app/GoogleMaps.bundle/GMSCoreResources.bundle/ic_qu_direction_mylocation@2x.png
2023-02-11 02:20:31 +0000            copy ic_qu_direction_mylocation@3x.png
2023-02-11 02:20:31 +0000  $ cp /var/folders/qq/kn3mb_ls71z640nps5cfm5yw0000gn/T/XcodeDistPipeline.\~\~\~TYVn0t/Root/Payload/retrieverBuyer.app/GoogleMaps.bundle/GMSCoreResources.bundle/ic_qu_direction_mylocation@3x.png /var/folders/qq/kn3mb_ls71z640nps5cfm5yw0000gn/T/IDEIPAProcessor.AppThinning.\~\~\~MoDD6h/universal-iphoneos/Payload/retrieverBuyer.app/GoogleMaps.bundle/GMSCoreResources.bundle/ic_qu_direction_mylocation@3x.png
2023-02-11 02:20:31 +0000            mkdr id.lproj/
2023-02-11 02:20:31 +0000  $ mkdir -p /var/folders/qq/kn3mb_ls71z640nps5cfm5yw0000gn/T/IDEIPAProcessor.AppThinning.\~\~\~MoDD6h/universal-iphoneos/Payload/retrieverBuyer.app/GoogleMaps.bundle/GMSCoreResources.bundle/id.lproj
            copy GMSCore.strings
$ cp /var/folders/qq/kn3mb_ls71z640nps5cfm5yw0000gn/T/XcodeDistPipeline.\~\~\~TYVn0t/Root/Payload/retrieverBuyer.app/GoogleMaps.bundle/GMSCoreResources.bundle/id.lproj/GMSCore.strings /var/folders/qq/kn3mb_ls71z640nps5cfm5yw0000gn/T/IDEIPAProcessor.AppThinning.\~\~\~MoDD6h/universal-iphoneos/Payload/retrieverBuyer.app/GoogleMaps.bundle/GMSCoreResources.bundle/id.lproj/GMSCore.strings
2023-02-11 02:20:31 +0000            mkdr it.lproj/
2023-02-11 02:20:31 +0000  $ mkdir -p /var/folders/qq/kn3mb_ls71z640nps5cfm5yw0000gn/T/IDEIPAProcessor.AppThinning.\~\~\~MoDD6h/universal-iphoneos/Payload/retrieverBuyer.app/GoogleMaps.bundle/GMSCoreResources.bundle/it.lproj
            copy GMSCore.strings
$ cp /var/folders/qq/kn3mb_ls71z640nps5cfm5yw0000gn/T/XcodeDistPipeline.\~\~\~TYVn0t/Root/Payload/retrieverBuyer.app/GoogleMaps.bundle/GMSCoreResources.bundle/it.lproj/GMSCore.strings /var/folders/qq/kn3mb_ls71z640nps5cfm5yw0000gn/T/IDEIPAProcessor.AppThinning.\~\~\~MoDD6h/universal-iphoneos/Payload/retrieverBuyer.app/GoogleMaps.bundle/GMSCoreResources.bundle/it.lproj/GMSCore.strings
2023-02-11 02:20:31 +0000            mkdr ja.lproj/
2023-02-11 02:20:31 +0000  $ mkdir -p /var/folders/qq/kn3mb_ls71z640nps5cfm5yw0000gn/T/IDEIPAProcessor.AppThinning.\~\~\~MoDD6h/universal-iphoneos/Payload/retrieverBuyer.app/GoogleMaps.bundle/GMSCoreResources.bundle/ja.lproj
            copy GMSCore.strings
$ cp /var/folders/qq/kn3mb_ls71z640nps5cfm5yw0000gn/T/XcodeDistPipeline.\~\~\~TYVn0t/Root/Payload/retrieverBuyer.app/GoogleMaps.bundle/GMSCoreResources.bundle/ja.lproj/GMSCore.strings /var/folders/qq/kn3mb_ls71z640nps5cfm5yw0000gn/T/IDEIPAProcessor.AppThinning.\~\~\~MoDD6h/universal-iphoneos/Payload/retrieverBuyer.app/GoogleMaps.bundle/GMSCoreResources.bundle/ja.lproj/GMSCore.strings
2023-02-11 02:20:31 +0000            mkdr ka.lproj/
2023-02-11 02:20:31 +0000  $ mkdir -p /var/folders/qq/kn3mb_ls71z640nps5cfm5yw0000gn/T/IDEIPAProcessor.AppThinning.\~\~\~MoDD6h/universal-iphoneos/Payload/retrieverBuyer.app/GoogleMaps.bundle/GMSCoreResources.bundle/ka.lproj
2023-02-11 02:20:31 +0000              copy GMSCore.strings
$ cp /var/folders/qq/kn3mb_ls71z640nps5cfm5yw0000gn/T/XcodeDistPipeline.\~\~\~TYVn0t/Root/Payload/retrieverBuyer.app/GoogleMaps.bundle/GMSCoreResources.bundle/ka.lproj/GMSCore.strings /var/folders/qq/kn3mb_ls71z640nps5cfm5yw0000gn/T/IDEIPAProcessor.AppThinning.\~\~\~MoDD6h/universal-iphoneos/Payload/retrieverBuyer.app/GoogleMaps.bundle/GMSCoreResources.bundle/ka.lproj/GMSCore.strings
2023-02-11 02:20:31 +0000            mkdr ko.lproj/
2023-02-11 02:20:31 +0000  $ mkdir -p /var/folders/qq/kn3mb_ls71z640nps5cfm5yw0000gn/T/IDEIPAProcessor.AppThinning.\~\~\~MoDD6h/universal-iphoneos/Payload/retrieverBuyer.app/GoogleMaps.bundle/GMSCoreResources.bundle/ko.lproj
            copy GMSCore.strings
$ cp /var/folders/qq/kn3mb_ls71z640nps5cfm5yw0000gn/T/XcodeDistPipeline.\~\~\~TYVn0t/Root/Payload/retrieverBuyer.app/GoogleMaps.bundle/GMSCoreResources.bundle/ko.lproj/GMSCore.strings /var/folders/qq/kn3mb_ls71z640nps5cfm5yw0000gn/T/IDEIPAProcessor.AppThinning.\~\~\~MoDD6h/universal-iphoneos/Payload/retrieverBuyer.app/GoogleMaps.bundle/GMSCoreResources.bundle/ko.lproj/GMSCore.strings
2023-02-11 02:20:31 +0000            mkdr lt.lproj/
2023-02-11 02:20:31 +0000  $ mkdir -p /var/folders/qq/kn3mb_ls71z640nps5cfm5yw0000gn/T/IDEIPAProcessor.AppThinning.\~\~\~MoDD6h/universal-iphoneos/Payload/retrieverBuyer.app/GoogleMaps.bundle/GMSCoreResources.bundle/lt.lproj
            copy GMSCore.strings
$ cp /var/folders/qq/kn3mb_ls71z640nps5cfm5yw0000gn/T/XcodeDistPipeline.\~\~\~TYVn0t/Root/Payload/retrieverBuyer.app/GoogleMaps.bundle/GMSCoreResources.bundle/lt.lproj/GMSCore.strings /var/folders/qq/kn3mb_ls71z640nps5cfm5yw0000gn/T/IDEIPAProcessor.AppThinning.\~\~\~MoDD6h/universal-iphoneos/Payload/retrieverBuyer.app/GoogleMaps.bundle/GMSCoreResources.bundle/lt.lproj/GMSCore.strings
2023-02-11 02:20:31 +0000            mkdr lv.lproj/
2023-02-11 02:20:31 +0000  $ mkdir -p /var/folders/qq/kn3mb_ls71z640nps5cfm5yw0000gn/T/IDEIPAProcessor.AppThinning.\~\~\~MoDD6h/universal-iphoneos/Payload/retrieverBuyer.app/GoogleMaps.bundle/GMSCoreResources.bundle/lv.lproj
            copy GMSCore.strings
$ cp /var/folders/qq/kn3mb_ls71z640nps5cfm5yw0000gn/T/XcodeDistPipeline.\~\~\~TYVn0t/Root/Payload/retrieverBuyer.app/GoogleMaps.bundle/GMSCoreResources.bundle/lv.lproj/GMSCore.strings /var/folders/qq/kn3mb_ls71z640nps5cfm5yw0000gn/T/IDEIPAProcessor.AppThinning.\~\~\~MoDD6h/universal-iphoneos/Payload/retrieverBuyer.app/GoogleMaps.bundle/GMSCoreResources.bundle/lv.lproj/GMSCore.strings
2023-02-11 02:20:31 +0000            mkdr ms.lproj/
2023-02-11 02:20:31 +0000  $ mkdir -p /var/folders/qq/kn3mb_ls71z640nps5cfm5yw0000gn/T/IDEIPAProcessor.AppThinning.\~\~\~MoDD6h/universal-iphoneos/Payload/retrieverBuyer.app/GoogleMaps.bundle/GMSCoreResources.bundle/ms.lproj
            copy GMSCore.strings
$ cp /var/folders/qq/kn3mb_ls71z640nps5cfm5yw0000gn/T/XcodeDistPipeline.\~\~\~TYVn0t/Root/Payload/retrieverBuyer.app/GoogleMaps.bundle/GMSCoreResources.bundle/ms.lproj/GMSCore.strings /var/folders/qq/kn3mb_ls71z640nps5cfm5yw0000gn/T/IDEIPAProcessor.AppThinning.\~\~\~MoDD6h/universal-iphoneos/Payload/retrieverBuyer.app/GoogleMaps.bundle/GMSCoreResources.bundle/ms.lproj/GMSCore.strings
2023-02-11 02:20:31 +0000            mkdr my.lproj/
2023-02-11 02:20:31 +0000  $ mkdir -p /var/folders/qq/kn3mb_ls71z640nps5cfm5yw0000gn/T/IDEIPAProcessor.AppThinning.\~\~\~MoDD6h/universal-iphoneos/Payload/retrieverBuyer.app/GoogleMaps.bundle/GMSCoreResources.bundle/my.lproj
            copy GMSCore.strings
2023-02-11 02:20:31 +0000  $ cp /var/folders/qq/kn3mb_ls71z640nps5cfm5yw0000gn/T/XcodeDistPipeline.\~\~\~TYVn0t/Root/Payload/retrieverBuyer.app/GoogleMaps.bundle/GMSCoreResources.bundle/my.lproj/GMSCore.strings /var/folders/qq/kn3mb_ls71z640nps5cfm5yw0000gn/T/IDEIPAProcessor.AppThinning.\~\~\~MoDD6h/universal-iphoneos/Payload/retrieverBuyer.app/GoogleMaps.bundle/GMSCoreResources.bundle/my.lproj/GMSCore.strings
2023-02-11 02:20:31 +0000            mkdr nb.lproj/
2023-02-11 02:20:31 +0000  $ mkdir -p /var/folders/qq/kn3mb_ls71z640nps5cfm5yw0000gn/T/IDEIPAProcessor.AppThinning.\~\~\~MoDD6h/universal-iphoneos/Payload/retrieverBuyer.app/GoogleMaps.bundle/GMSCoreResources.bundle/nb.lproj
            copy GMSCore.strings
$ cp /var/folders/qq/kn3mb_ls71z640nps5cfm5yw0000gn/T/XcodeDistPipeline.\~\~\~TYVn0t/Root/Payload/retrieverBuyer.app/GoogleMaps.bundle/GMSCoreResources.bundle/nb.lproj/GMSCore.strings /var/folders/qq/kn3mb_ls71z640nps5cfm5yw0000gn/T/IDEIPAProcessor.AppThinning.\~\~\~MoDD6h/universal-iphoneos/Payload/retrieverBuyer.app/GoogleMaps.bundle/GMSCoreResources.bundle/nb.lproj/GMSCore.strings
2023-02-11 02:20:31 +0000            mkdr nl.lproj/
2023-02-11 02:20:31 +0000  $ mkdir -p /var/folders/qq/kn3mb_ls71z640nps5cfm5yw0000gn/T/IDEIPAProcessor.AppThinning.\~\~\~MoDD6h/universal-iphoneos/Payload/retrieverBuyer.app/GoogleMaps.bundle/GMSCoreResources.bundle/nl.lproj
            copy GMSCore.strings
$ cp /var/folders/qq/kn3mb_ls71z640nps5cfm5yw0000gn/T/XcodeDistPipeline.\~\~\~TYVn0t/Root/Payload/retrieverBuyer.app/GoogleMaps.bundle/GMSCoreResources.bundle/nl.lproj/GMSCore.strings /var/folders/qq/kn3mb_ls71z640nps5cfm5yw0000gn/T/IDEIPAProcessor.AppThinning.\~\~\~MoDD6h/universal-iphoneos/Payload/retrieverBuyer.app/GoogleMaps.bundle/GMSCoreResources.bundle/nl.lproj/GMSCore.strings
2023-02-11 02:20:31 +0000            mkdr pl.lproj/
2023-02-11 02:20:31 +0000  $ mkdir -p /var/folders/qq/kn3mb_ls71z640nps5cfm5yw0000gn/T/IDEIPAProcessor.AppThinning.\~\~\~MoDD6h/universal-iphoneos/Payload/retrieverBuyer.app/GoogleMaps.bundle/GMSCoreResources.bundle/pl.lproj
            copy GMSCore.strings
$ cp /var/folders/qq/kn3mb_ls71z640nps5cfm5yw0000gn/T/XcodeDistPipeline.\~\~\~TYVn0t/Root/Payload/retrieverBuyer.app/GoogleMaps.bundle/GMSCoreResources.bundle/pl.lproj/GMSCore.strings /var/folders/qq/kn3mb_ls71z640nps5cfm5yw0000gn/T/IDEIPAProcessor.AppThinning.\~\~\~MoDD6h/universal-iphoneos/Payload/retrieverBuyer.app/GoogleMaps.bundle/GMSCoreResources.bundle/pl.lproj/GMSCore.strings
2023-02-11 02:20:31 +0000            copy polyline_colors_texture.png
2023-02-11 02:20:31 +0000  $ cp /var/folders/qq/kn3mb_ls71z640nps5cfm5yw0000gn/T/XcodeDistPipeline.\~\~\~TYVn0t/Root/Payload/retrieverBuyer.app/GoogleMaps.bundle/GMSCoreResources.bundle/polyline_colors_texture.png /var/folders/qq/kn3mb_ls71z640nps5cfm5yw0000gn/T/IDEIPAProcessor.AppThinning.\~\~\~MoDD6h/universal-iphoneos/Payload/retrieverBuyer.app/GoogleMaps.bundle/GMSCoreResources.bundle/polyline_colors_texture.png
2023-02-11 02:20:31 +0000            copy polyline_colors_texture_dim.png
2023-02-11 02:20:31 +0000  $ cp /var/folders/qq/kn3mb_ls71z640nps5cfm5yw0000gn/T/XcodeDistPipeline.\~\~\~TYVn0t/Root/Payload/retrieverBuyer.app/GoogleMaps.bundle/GMSCoreResources.bundle/polyline_colors_texture_dim.png /var/folders/qq/kn3mb_ls71z640nps5cfm5yw0000gn/T/IDEIPAProcessor.AppThinning.\~\~\~MoDD6h/universal-iphoneos/Payload/retrieverBuyer.app/GoogleMaps.bundle/GMSCoreResources.bundle/polyline_colors_texture_dim.png
2023-02-11 02:20:31 +0000            mkdr pt.lproj/
2023-02-11 02:20:31 +0000  $ mkdir -p /var/folders/qq/kn3mb_ls71z640nps5cfm5yw0000gn/T/IDEIPAProcessor.AppThinning.\~\~\~MoDD6h/universal-iphoneos/Payload/retrieverBuyer.app/GoogleMaps.bundle/GMSCoreResources.bundle/pt.lproj
            copy GMSCore.strings
2023-02-11 02:20:31 +0000  $ cp /var/folders/qq/kn3mb_ls71z640nps5cfm5yw0000gn/T/XcodeDistPipeline.\~\~\~TYVn0t/Root/Payload/retrieverBuyer.app/GoogleMaps.bundle/GMSCoreResources.bundle/pt.lproj/GMSCore.strings /var/folders/qq/kn3mb_ls71z640nps5cfm5yw0000gn/T/IDEIPAProcessor.AppThinning.\~\~\~MoDD6h/universal-iphoneos/Payload/retrieverBuyer.app/GoogleMaps.bundle/GMSCoreResources.bundle/pt.lproj/GMSCore.strings
2023-02-11 02:20:31 +0000            mkdr pt_BR.lproj/
2023-02-11 02:20:31 +0000  $ mkdir -p /var/folders/qq/kn3mb_ls71z640nps5cfm5yw0000gn/T/IDEIPAProcessor.AppThinning.\~\~\~MoDD6h/universal-iphoneos/Payload/retrieverBuyer.app/GoogleMaps.bundle/GMSCoreResources.bundle/pt_BR.lproj
            copy GMSCore.strings
$ cp /var/folders/qq/kn3mb_ls71z640nps5cfm5yw0000gn/T/XcodeDistPipeline.\~\~\~TYVn0t/Root/Payload/retrieverBuyer.app/GoogleMaps.bundle/GMSCoreResources.bundle/pt_BR.lproj/GMSCore.strings /var/folders/qq/kn3mb_ls71z640nps5cfm5yw0000gn/T/IDEIPAProcessor.AppThinning.\~\~\~MoDD6h/universal-iphoneos/Payload/retrieverBuyer.app/GoogleMaps.bundle/GMSCoreResources.bundle/pt_BR.lproj/GMSCore.strings
2023-02-11 02:20:31 +0000            mkdr pt_PT.lproj/
2023-02-11 02:20:31 +0000  $ mkdir -p /var/folders/qq/kn3mb_ls71z640nps5cfm5yw0000gn/T/IDEIPAProcessor.AppThinning.\~\~\~MoDD6h/universal-iphoneos/Payload/retrieverBuyer.app/GoogleMaps.bundle/GMSCoreResources.bundle/pt_PT.lproj
            copy GMSCore.strings
$ cp /var/folders/qq/kn3mb_ls71z640nps5cfm5yw0000gn/T/XcodeDistPipeline.\~\~\~TYVn0t/Root/Payload/retrieverBuyer.app/GoogleMaps.bundle/GMSCoreResources.bundle/pt_PT.lproj/GMSCore.strings /var/folders/qq/kn3mb_ls71z640nps5cfm5yw0000gn/T/IDEIPAProcessor.AppThinning.\~\~\~MoDD6h/universal-iphoneos/Payload/retrieverBuyer.app/GoogleMaps.bundle/GMSCoreResources.bundle/pt_PT.lproj/GMSCore.strings
2023-02-11 02:20:31 +0000            mkdr ro.lproj/
2023-02-11 02:20:31 +0000  $ mkdir -p /var/folders/qq/kn3mb_ls71z640nps5cfm5yw0000gn/T/IDEIPAProcessor.AppThinning.\~\~\~MoDD6h/universal-iphoneos/Payload/retrieverBuyer.app/GoogleMaps.bundle/GMSCoreResources.bundle/ro.lproj
            copy GMSCore.strings
2023-02-11 02:20:31 +0000  $ cp /var/folders/qq/kn3mb_ls71z640nps5cfm5yw0000gn/T/XcodeDistPipeline.\~\~\~TYVn0t/Root/Payload/retrieverBuyer.app/GoogleMaps.bundle/GMSCoreResources.bundle/ro.lproj/GMSCore.strings /var/folders/qq/kn3mb_ls71z640nps5cfm5yw0000gn/T/IDEIPAProcessor.AppThinning.\~\~\~MoDD6h/universal-iphoneos/Payload/retrieverBuyer.app/GoogleMaps.bundle/GMSCoreResources.bundle/ro.lproj/GMSCore.strings
2023-02-11 02:20:31 +0000            copy road_1-1.png
2023-02-11 02:20:31 +0000  $ cp /var/folders/qq/kn3mb_ls71z640nps5cfm5yw0000gn/T/XcodeDistPipeline.\~\~\~TYVn0t/Root/Payload/retrieverBuyer.app/GoogleMaps.bundle/GMSCoreResources.bundle/road_1-1.png /var/folders/qq/kn3mb_ls71z640nps5cfm5yw0000gn/T/IDEIPAProcessor.AppThinning.\~\~\~MoDD6h/universal-iphoneos/Payload/retrieverBuyer.app/GoogleMaps.bundle/GMSCoreResources.bundle/road_1-1.png
2023-02-11 02:20:31 +0000            copy road_128-32.png
$ cp /var/folders/qq/kn3mb_ls71z640nps5cfm5yw0000gn/T/XcodeDistPipeline.\~\~\~TYVn0t/Root/Payload/retrieverBuyer.app/GoogleMaps.bundle/GMSCoreResources.bundle/road_128-32.png /var/folders/qq/kn3mb_ls71z640nps5cfm5yw0000gn/T/IDEIPAProcessor.AppThinning.\~\~\~MoDD6h/universal-iphoneos/Payload/retrieverBuyer.app/GoogleMaps.bundle/GMSCoreResources.bundle/road_128-32.png
2023-02-11 02:20:31 +0000            copy road_16-4.png
2023-02-11 02:20:31 +0000  $ cp /var/folders/qq/kn3mb_ls71z640nps5cfm5yw0000gn/T/XcodeDistPipeline.\~\~\~TYVn0t/Root/Payload/retrieverBuyer.app/GoogleMaps.bundle/GMSCoreResources.bundle/road_16-4.png /var/folders/qq/kn3mb_ls71z640nps5cfm5yw0000gn/T/IDEIPAProcessor.AppThinning.\~\~\~MoDD6h/universal-iphoneos/Payload/retrieverBuyer.app/GoogleMaps.bundle/GMSCoreResources.bundle/road_16-4.png
2023-02-11 02:20:31 +0000            copy road_2-1.png
$ cp /var/folders/qq/kn3mb_ls71z640nps5cfm5yw0000gn/T/XcodeDistPipeline.\~\~\~TYVn0t/Root/Payload/retrieverBuyer.app/GoogleMaps.bundle/GMSCoreResources.bundle/road_2-1.png /var/folders/qq/kn3mb_ls71z640nps5cfm5yw0000gn/T/IDEIPAProcessor.AppThinning.\~\~\~MoDD6h/universal-iphoneos/Payload/retrieverBuyer.app/GoogleMaps.bundle/GMSCoreResources.bundle/road_2-1.png
2023-02-11 02:20:31 +0000            copy road_256-64.png
2023-02-11 02:20:31 +0000  $ cp /var/folders/qq/kn3mb_ls71z640nps5cfm5yw0000gn/T/XcodeDistPipeline.\~\~\~TYVn0t/Root/Payload/retrieverBuyer.app/GoogleMaps.bundle/GMSCoreResources.bundle/road_256-64.png /var/folders/qq/kn3mb_ls71z640nps5cfm5yw0000gn/T/IDEIPAProcessor.AppThinning.\~\~\~MoDD6h/universal-iphoneos/Payload/retrieverBuyer.app/GoogleMaps.bundle/GMSCoreResources.bundle/road_256-64.png
2023-02-11 02:20:31 +0000            copy road_32-8.png
$ cp /var/folders/qq/kn3mb_ls71z640nps5cfm5yw0000gn/T/XcodeDistPipeline.\~\~\~TYVn0t/Root/Payload/retrieverBuyer.app/GoogleMaps.bundle/GMSCoreResources.bundle/road_32-8.png /var/folders/qq/kn3mb_ls71z640nps5cfm5yw0000gn/T/IDEIPAProcessor.AppThinning.\~\~\~MoDD6h/universal-iphoneos/Payload/retrieverBuyer.app/GoogleMaps.bundle/GMSCoreResources.bundle/road_32-8.png
2023-02-11 02:20:31 +0000            copy road_4-1.png
$ cp /var/folders/qq/kn3mb_ls71z640nps5cfm5yw0000gn/T/XcodeDistPipeline.\~\~\~TYVn0t/Root/Payload/retrieverBuyer.app/GoogleMaps.bundle/GMSCoreResources.bundle/road_4-1.png /var/folders/qq/kn3mb_ls71z640nps5cfm5yw0000gn/T/IDEIPAProcessor.AppThinning.\~\~\~MoDD6h/universal-iphoneos/Payload/retrieverBuyer.app/GoogleMaps.bundle/GMSCoreResources.bundle/road_4-1.png
2023-02-11 02:20:31 +0000            copy road_64-16.png
$ cp /var/folders/qq/kn3mb_ls71z640nps5cfm5yw0000gn/T/XcodeDistPipeline.\~\~\~TYVn0t/Root/Payload/retrieverBuyer.app/GoogleMaps.bundle/GMSCoreResources.bundle/road_64-16.png /var/folders/qq/kn3mb_ls71z640nps5cfm5yw0000gn/T/IDEIPAProcessor.AppThinning.\~\~\~MoDD6h/universal-iphoneos/Payload/retrieverBuyer.app/GoogleMaps.bundle/GMSCoreResources.bundle/road_64-16.png
2023-02-11 02:20:31 +0000            copy road_8-2.png
$ cp /var/folders/qq/kn3mb_ls71z640nps5cfm5yw0000gn/T/XcodeDistPipeline.\~\~\~TYVn0t/Root/Payload/retrieverBuyer.app/GoogleMaps.bundle/GMSCoreResources.bundle/road_8-2.png /var/folders/qq/kn3mb_ls71z640nps5cfm5yw0000gn/T/IDEIPAProcessor.AppThinning.\~\~\~MoDD6h/universal-iphoneos/Payload/retrieverBuyer.app/GoogleMaps.bundle/GMSCoreResources.bundle/road_8-2.png
2023-02-11 02:20:31 +0000            mkdr ru.lproj/
2023-02-11 02:20:31 +0000  $ mkdir -p /var/folders/qq/kn3mb_ls71z640nps5cfm5yw0000gn/T/IDEIPAProcessor.AppThinning.\~\~\~MoDD6h/universal-iphoneos/Payload/retrieverBuyer.app/GoogleMaps.bundle/GMSCoreResources.bundle/ru.lproj
            copy GMSCore.strings
$ cp /var/folders/qq/kn3mb_ls71z640nps5cfm5yw0000gn/T/XcodeDistPipeline.\~\~\~TYVn0t/Root/Payload/retrieverBuyer.app/GoogleMaps.bundle/GMSCoreResources.bundle/ru.lproj/GMSCore.strings /var/folders/qq/kn3mb_ls71z640nps5cfm5yw0000gn/T/IDEIPAProcessor.AppThinning.\~\~\~MoDD6h/universal-iphoneos/Payload/retrieverBuyer.app/GoogleMaps.bundle/GMSCoreResources.bundle/ru.lproj/GMSCore.strings
2023-02-11 02:20:31 +0000            mkdr sk.lproj/
2023-02-11 02:20:31 +0000  $ mkdir -p /var/folders/qq/kn3mb_ls71z640nps5cfm5yw0000gn/T/IDEIPAProcessor.AppThinning.\~\~\~MoDD6h/universal-iphoneos/Payload/retrieverBuyer.app/GoogleMaps.bundle/GMSCoreResources.bundle/sk.lproj
            copy GMSCore.strings
$ cp /var/folders/qq/kn3mb_ls71z640nps5cfm5yw0000gn/T/XcodeDistPipeline.\~\~\~TYVn0t/Root/Payload/retrieverBuyer.app/GoogleMaps.bundle/GMSCoreResources.bundle/sk.lproj/GMSCore.strings /var/folders/qq/kn3mb_ls71z640nps5cfm5yw0000gn/T/IDEIPAProcessor.AppThinning.\~\~\~MoDD6h/universal-iphoneos/Payload/retrieverBuyer.app/GoogleMaps.bundle/GMSCoreResources.bundle/sk.lproj/GMSCore.strings
2023-02-11 02:20:31 +0000            mkdr sq.lproj/
$ mkdir -p /var/folders/qq/kn3mb_ls71z640nps5cfm5yw0000gn/T/IDEIPAProcessor.AppThinning.\~\~\~MoDD6h/universal-iphoneos/Payload/retrieverBuyer.app/GoogleMaps.bundle/GMSCoreResources.bundle/sq.lproj
2023-02-11 02:20:31 +0000              copy GMSCore.strings
$ cp /var/folders/qq/kn3mb_ls71z640nps5cfm5yw0000gn/T/XcodeDistPipeline.\~\~\~TYVn0t/Root/Payload/retrieverBuyer.app/GoogleMaps.bundle/GMSCoreResources.bundle/sq.lproj/GMSCore.strings /var/folders/qq/kn3mb_ls71z640nps5cfm5yw0000gn/T/IDEIPAProcessor.AppThinning.\~\~\~MoDD6h/universal-iphoneos/Payload/retrieverBuyer.app/GoogleMaps.bundle/GMSCoreResources.bundle/sq.lproj/GMSCore.strings
2023-02-11 02:20:31 +0000            mkdr sr.lproj/
$ mkdir -p /var/folders/qq/kn3mb_ls71z640nps5cfm5yw0000gn/T/IDEIPAProcessor.AppThinning.\~\~\~MoDD6h/universal-iphoneos/Payload/retrieverBuyer.app/GoogleMaps.bundle/GMSCoreResources.bundle/sr.lproj
2023-02-11 02:20:31 +0000              copy GMSCore.strings
$ cp /var/folders/qq/kn3mb_ls71z640nps5cfm5yw0000gn/T/XcodeDistPipeline.\~\~\~TYVn0t/Root/Payload/retrieverBuyer.app/GoogleMaps.bundle/GMSCoreResources.bundle/sr.lproj/GMSCore.strings /var/folders/qq/kn3mb_ls71z640nps5cfm5yw0000gn/T/IDEIPAProcessor.AppThinning.\~\~\~MoDD6h/universal-iphoneos/Payload/retrieverBuyer.app/GoogleMaps.bundle/GMSCoreResources.bundle/sr.lproj/GMSCore.strings
2023-02-11 02:20:31 +0000            mkdr sv.lproj/
2023-02-11 02:20:31 +0000  $ mkdir -p /var/folders/qq/kn3mb_ls71z640nps5cfm5yw0000gn/T/IDEIPAProcessor.AppThinning.\~\~\~MoDD6h/universal-iphoneos/Payload/retrieverBuyer.app/GoogleMaps.bundle/GMSCoreResources.bundle/sv.lproj
            copy GMSCore.strings
$ cp /var/folders/qq/kn3mb_ls71z640nps5cfm5yw0000gn/T/XcodeDistPipeline.\~\~\~TYVn0t/Root/Payload/retrieverBuyer.app/GoogleMaps.bundle/GMSCoreResources.bundle/sv.lproj/GMSCore.strings /var/folders/qq/kn3mb_ls71z640nps5cfm5yw0000gn/T/IDEIPAProcessor.AppThinning.\~\~\~MoDD6h/universal-iphoneos/Payload/retrieverBuyer.app/GoogleMaps.bundle/GMSCoreResources.bundle/sv.lproj/GMSCore.strings
2023-02-11 02:20:31 +0000            mkdr sw.lproj/
$ mkdir -p /var/folders/qq/kn3mb_ls71z640nps5cfm5yw0000gn/T/IDEIPAProcessor.AppThinning.\~\~\~MoDD6h/universal-iphoneos/Payload/retrieverBuyer.app/GoogleMaps.bundle/GMSCoreResources.bundle/sw.lproj
2023-02-11 02:20:31 +0000              copy GMSCore.strings
$ cp /var/folders/qq/kn3mb_ls71z640nps5cfm5yw0000gn/T/XcodeDistPipeline.\~\~\~TYVn0t/Root/Payload/retrieverBuyer.app/GoogleMaps.bundle/GMSCoreResources.bundle/sw.lproj/GMSCore.strings /var/folders/qq/kn3mb_ls71z640nps5cfm5yw0000gn/T/IDEIPAProcessor.AppThinning.\~\~\~MoDD6h/universal-iphoneos/Payload/retrieverBuyer.app/GoogleMaps.bundle/GMSCoreResources.bundle/sw.lproj/GMSCore.strings
2023-02-11 02:20:31 +0000            mkdr th.lproj/
$ mkdir -p /var/folders/qq/kn3mb_ls71z640nps5cfm5yw0000gn/T/IDEIPAProcessor.AppThinning.\~\~\~MoDD6h/universal-iphoneos/Payload/retrieverBuyer.app/GoogleMaps.bundle/GMSCoreResources.bundle/th.lproj
2023-02-11 02:20:31 +0000              copy GMSCore.strings
$ cp /var/folders/qq/kn3mb_ls71z640nps5cfm5yw0000gn/T/XcodeDistPipeline.\~\~\~TYVn0t/Root/Payload/retrieverBuyer.app/GoogleMaps.bundle/GMSCoreResources.bundle/th.lproj/GMSCore.strings /var/folders/qq/kn3mb_ls71z640nps5cfm5yw0000gn/T/IDEIPAProcessor.AppThinning.\~\~\~MoDD6h/universal-iphoneos/Payload/retrieverBuyer.app/GoogleMaps.bundle/GMSCoreResources.bundle/th.lproj/GMSCore.strings
2023-02-11 02:20:31 +0000            mkdr tr.lproj/
2023-02-11 02:20:31 +0000  $ mkdir -p /var/folders/qq/kn3mb_ls71z640nps5cfm5yw0000gn/T/IDEIPAProcessor.AppThinning.\~\~\~MoDD6h/universal-iphoneos/Payload/retrieverBuyer.app/GoogleMaps.bundle/GMSCoreResources.bundle/tr.lproj
            copy GMSCore.strings
$ cp /var/folders/qq/kn3mb_ls71z640nps5cfm5yw0000gn/T/XcodeDistPipeline.\~\~\~TYVn0t/Root/Payload/retrieverBuyer.app/GoogleMaps.bundle/GMSCoreResources.bundle/tr.lproj/GMSCore.strings /var/folders/qq/kn3mb_ls71z640nps5cfm5yw0000gn/T/IDEIPAProcessor.AppThinning.\~\~\~MoDD6h/universal-iphoneos/Payload/retrieverBuyer.app/GoogleMaps.bundle/GMSCoreResources.bundle/tr.lproj/GMSCore.strings
2023-02-11 02:20:31 +0000            mkdr uk.lproj/
2023-02-11 02:20:31 +0000  $ mkdir -p /var/folders/qq/kn3mb_ls71z640nps5cfm5yw0000gn/T/IDEIPAProcessor.AppThinning.\~\~\~MoDD6h/universal-iphoneos/Payload/retrieverBuyer.app/GoogleMaps.bundle/GMSCoreResources.bundle/uk.lproj
            copy GMSCore.strings
$ cp /var/folders/qq/kn3mb_ls71z640nps5cfm5yw0000gn/T/XcodeDistPipeline.\~\~\~TYVn0t/Root/Payload/retrieverBuyer.app/GoogleMaps.bundle/GMSCoreResources.bundle/uk.lproj/GMSCore.strings /var/folders/qq/kn3mb_ls71z640nps5cfm5yw0000gn/T/IDEIPAProcessor.AppThinning.\~\~\~MoDD6h/universal-iphoneos/Payload/retrieverBuyer.app/GoogleMaps.bundle/GMSCoreResources.bundle/uk.lproj/GMSCore.strings
2023-02-11 02:20:31 +0000            mkdr vi.lproj/
2023-02-11 02:20:31 +0000  $ mkdir -p /var/folders/qq/kn3mb_ls71z640nps5cfm5yw0000gn/T/IDEIPAProcessor.AppThinning.\~\~\~MoDD6h/universal-iphoneos/Payload/retrieverBuyer.app/GoogleMaps.bundle/GMSCoreResources.bundle/vi.lproj
            copy GMSCore.strings
$ cp /var/folders/qq/kn3mb_ls71z640nps5cfm5yw0000gn/T/XcodeDistPipeline.\~\~\~TYVn0t/Root/Payload/retrieverBuyer.app/GoogleMaps.bundle/GMSCoreResources.bundle/vi.lproj/GMSCore.strings /var/folders/qq/kn3mb_ls71z640nps5cfm5yw0000gn/T/IDEIPAProcessor.AppThinning.\~\~\~MoDD6h/universal-iphoneos/Payload/retrieverBuyer.app/GoogleMaps.bundle/GMSCoreResources.bundle/vi.lproj/GMSCore.strings
2023-02-11 02:20:31 +0000            mkdr zh_CN.lproj/
$ mkdir -p /var/folders/qq/kn3mb_ls71z640nps5cfm5yw0000gn/T/IDEIPAProcessor.AppThinning.\~\~\~MoDD6h/universal-iphoneos/Payload/retrieverBuyer.app/GoogleMaps.bundle/GMSCoreResources.bundle/zh_CN.lproj
2023-02-11 02:20:31 +0000              copy GMSCore.strings
$ cp /var/folders/qq/kn3mb_ls71z640nps5cfm5yw0000gn/T/XcodeDistPipeline.\~\~\~TYVn0t/Root/Payload/retrieverBuyer.app/GoogleMaps.bundle/GMSCoreResources.bundle/zh_CN.lproj/GMSCore.strings /var/folders/qq/kn3mb_ls71z640nps5cfm5yw0000gn/T/IDEIPAProcessor.AppThinning.\~\~\~MoDD6h/universal-iphoneos/Payload/retrieverBuyer.app/GoogleMaps.bundle/GMSCoreResources.bundle/zh_CN.lproj/GMSCore.strings
2023-02-11 02:20:31 +0000            mkdr zh_HK.lproj/
2023-02-11 02:20:31 +0000  $ mkdir -p /var/folders/qq/kn3mb_ls71z640nps5cfm5yw0000gn/T/IDEIPAProcessor.AppThinning.\~\~\~MoDD6h/universal-iphoneos/Payload/retrieverBuyer.app/GoogleMaps.bundle/GMSCoreResources.bundle/zh_HK.lproj
            copy GMSCore.strings
$ cp /var/folders/qq/kn3mb_ls71z640nps5cfm5yw0000gn/T/XcodeDistPipeline.\~\~\~TYVn0t/Root/Payload/retrieverBuyer.app/GoogleMaps.bundle/GMSCoreResources.bundle/zh_HK.lproj/GMSCore.strings /var/folders/qq/kn3mb_ls71z640nps5cfm5yw0000gn/T/IDEIPAProcessor.AppThinning.\~\~\~MoDD6h/universal-iphoneos/Payload/retrieverBuyer.app/GoogleMaps.bundle/GMSCoreResources.bundle/zh_HK.lproj/GMSCore.strings
2023-02-11 02:20:31 +0000            mkdr zh_TW.lproj/
2023-02-11 02:20:31 +0000  $ mkdir -p /var/folders/qq/kn3mb_ls71z640nps5cfm5yw0000gn/T/IDEIPAProcessor.AppThinning.\~\~\~MoDD6h/universal-iphoneos/Payload/retrieverBuyer.app/GoogleMaps.bundle/GMSCoreResources.bundle/zh_TW.lproj
            copy GMSCore.strings
$ cp /var/folders/qq/kn3mb_ls71z640nps5cfm5yw0000gn/T/XcodeDistPipeline.\~\~\~TYVn0t/Root/Payload/retrieverBuyer.app/GoogleMaps.bundle/GMSCoreResources.bundle/zh_TW.lproj/GMSCore.strings /var/folders/qq/kn3mb_ls71z640nps5cfm5yw0000gn/T/IDEIPAProcessor.AppThinning.\~\~\~MoDD6h/universal-iphoneos/Payload/retrieverBuyer.app/GoogleMaps.bundle/GMSCoreResources.bundle/zh_TW.lproj/GMSCore.strings
2023-02-11 02:20:31 +0000          copy Info.plist
2023-02-11 02:20:31 +0000  $ cp /var/folders/qq/kn3mb_ls71z640nps5cfm5yw0000gn/T/XcodeDistPipeline.\~\~\~TYVn0t/Root/Payload/retrieverBuyer.app/GoogleMaps.bundle/Info.plist /var/folders/qq/kn3mb_ls71z640nps5cfm5yw0000gn/T/IDEIPAProcessor.AppThinning.\~\~\~MoDD6h/universal-iphoneos/Payload/retrieverBuyer.app/GoogleMaps.bundle/Info.plist
2023-02-11 02:20:31 +0000          copy bubble_left.png
$ cp /var/folders/qq/kn3mb_ls71z640nps5cfm5yw0000gn/T/XcodeDistPipeline.\~\~\~TYVn0t/Root/Payload/retrieverBuyer.app/GoogleMaps.bundle/bubble_left.png /var/folders/qq/kn3mb_ls71z640nps5cfm5yw0000gn/T/IDEIPAProcessor.AppThinning.\~\~\~MoDD6h/universal-iphoneos/Payload/retrieverBuyer.app/GoogleMaps.bundle/bubble_left.png
2023-02-11 02:20:31 +0000          copy bubble_left@2x.png
$ cp /var/folders/qq/kn3mb_ls71z640nps5cfm5yw0000gn/T/XcodeDistPipeline.\~\~\~TYVn0t/Root/Payload/retrieverBuyer.app/GoogleMaps.bundle/bubble_left@2x.png /var/folders/qq/kn3mb_ls71z640nps5cfm5yw0000gn/T/IDEIPAProcessor.AppThinning.\~\~\~MoDD6h/universal-iphoneos/Payload/retrieverBuyer.app/GoogleMaps.bundle/bubble_left@2x.png
2023-02-11 02:20:31 +0000          copy bubble_left@3x.png
2023-02-11 02:20:31 +0000  $ cp /var/folders/qq/kn3mb_ls71z640nps5cfm5yw0000gn/T/XcodeDistPipeline.\~\~\~TYVn0t/Root/Payload/retrieverBuyer.app/GoogleMaps.bundle/bubble_left@3x.png /var/folders/qq/kn3mb_ls71z640nps5cfm5yw0000gn/T/IDEIPAProcessor.AppThinning.\~\~\~MoDD6h/universal-iphoneos/Payload/retrieverBuyer.app/GoogleMaps.bundle/bubble_left@3x.png
2023-02-11 02:20:31 +0000          copy bubble_right.png
2023-02-11 02:20:31 +0000  $ cp /var/folders/qq/kn3mb_ls71z640nps5cfm5yw0000gn/T/XcodeDistPipeline.\~\~\~TYVn0t/Root/Payload/retrieverBuyer.app/GoogleMaps.bundle/bubble_right.png /var/folders/qq/kn3mb_ls71z640nps5cfm5yw0000gn/T/IDEIPAProcessor.AppThinning.\~\~\~MoDD6h/universal-iphoneos/Payload/retrieverBuyer.app/GoogleMaps.bundle/bubble_right.png
2023-02-11 02:20:31 +0000          copy bubble_right@2x.png
$ cp /var/folders/qq/kn3mb_ls71z640nps5cfm5yw0000gn/T/XcodeDistPipeline.\~\~\~TYVn0t/Root/Payload/retrieverBuyer.app/GoogleMaps.bundle/bubble_right@2x.png /var/folders/qq/kn3mb_ls71z640nps5cfm5yw0000gn/T/IDEIPAProcessor.AppThinning.\~\~\~MoDD6h/universal-iphoneos/Payload/retrieverBuyer.app/GoogleMaps.bundle/bubble_right@2x.png
2023-02-11 02:20:31 +0000          copy bubble_right@3x.png
2023-02-11 02:20:31 +0000  $ cp /var/folders/qq/kn3mb_ls71z640nps5cfm5yw0000gn/T/XcodeDistPipeline.\~\~\~TYVn0t/Root/Payload/retrieverBuyer.app/GoogleMaps.bundle/bubble_right@3x.png /var/folders/qq/kn3mb_ls71z640nps5cfm5yw0000gn/T/IDEIPAProcessor.AppThinning.\~\~\~MoDD6h/universal-iphoneos/Payload/retrieverBuyer.app/GoogleMaps.bundle/bubble_right@3x.png
2023-02-11 02:20:31 +0000          copy default_marker.png
2023-02-11 02:20:31 +0000  $ cp /var/folders/qq/kn3mb_ls71z640nps5cfm5yw0000gn/T/XcodeDistPipeline.\~\~\~TYVn0t/Root/Payload/retrieverBuyer.app/GoogleMaps.bundle/default_marker.png /var/folders/qq/kn3mb_ls71z640nps5cfm5yw0000gn/T/IDEIPAProcessor.AppThinning.\~\~\~MoDD6h/universal-iphoneos/Payload/retrieverBuyer.app/GoogleMaps.bundle/default_marker.png
2023-02-11 02:20:31 +0000          copy default_marker@2x.png
2023-02-11 02:20:31 +0000  $ cp /var/folders/qq/kn3mb_ls71z640nps5cfm5yw0000gn/T/XcodeDistPipeline.\~\~\~TYVn0t/Root/Payload/retrieverBuyer.app/GoogleMaps.bundle/default_marker@2x.png /var/folders/qq/kn3mb_ls71z640nps5cfm5yw0000gn/T/IDEIPAProcessor.AppThinning.\~\~\~MoDD6h/universal-iphoneos/Payload/retrieverBuyer.app/GoogleMaps.bundle/default_marker@2x.png
2023-02-11 02:20:31 +0000          copy default_marker@3x.png
2023-02-11 02:20:31 +0000  $ cp /var/folders/qq/kn3mb_ls71z640nps5cfm5yw0000gn/T/XcodeDistPipeline.\~\~\~TYVn0t/Root/Payload/retrieverBuyer.app/GoogleMaps.bundle/default_marker@3x.png /var/folders/qq/kn3mb_ls71z640nps5cfm5yw0000gn/T/IDEIPAProcessor.AppThinning.\~\~\~MoDD6h/universal-iphoneos/Payload/retrieverBuyer.app/GoogleMaps.bundle/default_marker@3x.png
2023-02-11 02:20:31 +0000          copy ic_error.png
$ cp /var/folders/qq/kn3mb_ls71z640nps5cfm5yw0000gn/T/XcodeDistPipeline.\~\~\~TYVn0t/Root/Payload/retrieverBuyer.app/GoogleMaps.bundle/ic_error.png /var/folders/qq/kn3mb_ls71z640nps5cfm5yw0000gn/T/IDEIPAProcessor.AppThinning.\~\~\~MoDD6h/universal-iphoneos/Payload/retrieverBuyer.app/GoogleMaps.bundle/ic_error.png
2023-02-11 02:20:31 +0000          copy ic_error@2x.png
2023-02-11 02:20:31 +0000  $ cp /var/folders/qq/kn3mb_ls71z640nps5cfm5yw0000gn/T/XcodeDistPipeline.\~\~\~TYVn0t/Root/Payload/retrieverBuyer.app/GoogleMaps.bundle/ic_error@2x.png /var/folders/qq/kn3mb_ls71z640nps5cfm5yw0000gn/T/IDEIPAProcessor.AppThinning.\~\~\~MoDD6h/universal-iphoneos/Payload/retrieverBuyer.app/GoogleMaps.bundle/ic_error@2x.png
2023-02-11 02:20:31 +0000          copy ic_error@3x.png
2023-02-11 02:20:31 +0000  $ cp /var/folders/qq/kn3mb_ls71z640nps5cfm5yw0000gn/T/XcodeDistPipeline.\~\~\~TYVn0t/Root/Payload/retrieverBuyer.app/GoogleMaps.bundle/ic_error@3x.png /var/folders/qq/kn3mb_ls71z640nps5cfm5yw0000gn/T/IDEIPAProcessor.AppThinning.\~\~\~MoDD6h/universal-iphoneos/Payload/retrieverBuyer.app/GoogleMaps.bundle/ic_error@3x.png
2023-02-11 02:20:31 +0000          copy oss_licenses_maps.txt.gz
2023-02-11 02:20:31 +0000  $ cp /var/folders/qq/kn3mb_ls71z640nps5cfm5yw0000gn/T/XcodeDistPipeline.\~\~\~TYVn0t/Root/Payload/retrieverBuyer.app/GoogleMaps.bundle/oss_licenses_maps.txt.gz /var/folders/qq/kn3mb_ls71z640nps5cfm5yw0000gn/T/IDEIPAProcessor.AppThinning.\~\~\~MoDD6h/universal-iphoneos/Payload/retrieverBuyer.app/GoogleMaps.bundle/oss_licenses_maps.txt.gz
2023-02-11 02:20:31 +0000        copy GoogleService-Info.plist
2023-02-11 02:20:31 +0000  $ cp /var/folders/qq/kn3mb_ls71z640nps5cfm5yw0000gn/T/XcodeDistPipeline.\~\~\~TYVn0t/Root/Payload/retrieverBuyer.app/GoogleService-Info.plist /var/folders/qq/kn3mb_ls71z640nps5cfm5yw0000gn/T/IDEIPAProcessor.AppThinning.\~\~\~MoDD6h/universal-iphoneos/Payload/retrieverBuyer.app/GoogleService-Info.plist
2023-02-11 02:20:31 +0000        bndl GoogleSignIn.bundle (iphoneos)
$ mkdir -p /var/folders/qq/kn3mb_ls71z640nps5cfm5yw0000gn/T/IDEIPAProcessor.AppThinning.\~\~\~MoDD6h/universal-iphoneos/Payload/retrieverBuyer.app/GoogleSignIn.bundle
2023-02-11 02:20:31 +0000          copy Info.plist
$ cp /var/folders/qq/kn3mb_ls71z640nps5cfm5yw0000gn/T/XcodeDistPipeline.\~\~\~TYVn0t/Root/Payload/retrieverBuyer.app/GoogleSignIn.bundle/Info.plist /var/folders/qq/kn3mb_ls71z640nps5cfm5yw0000gn/T/IDEIPAProcessor.AppThinning.\~\~\~MoDD6h/universal-iphoneos/Payload/retrieverBuyer.app/GoogleSignIn.bundle/Info.plist
2023-02-11 02:20:31 +0000          copy Roboto-Bold.ttf
$ cp /var/folders/qq/kn3mb_ls71z640nps5cfm5yw0000gn/T/XcodeDistPipeline.\~\~\~TYVn0t/Root/Payload/retrieverBuyer.app/GoogleSignIn.bundle/Roboto-Bold.ttf /var/folders/qq/kn3mb_ls71z640nps5cfm5yw0000gn/T/IDEIPAProcessor.AppThinning.\~\~\~MoDD6h/universal-iphoneos/Payload/retrieverBuyer.app/GoogleSignIn.bundle/Roboto-Bold.ttf
2023-02-11 02:20:31 +0000          mkdr ar.lproj/
2023-02-11 02:20:31 +0000  $ mkdir -p /var/folders/qq/kn3mb_ls71z640nps5cfm5yw0000gn/T/IDEIPAProcessor.AppThinning.\~\~\~MoDD6h/universal-iphoneos/Payload/retrieverBuyer.app/GoogleSignIn.bundle/ar.lproj
          copy GoogleSignIn.strings
2023-02-11 02:20:31 +0000  $ cp /var/folders/qq/kn3mb_ls71z640nps5cfm5yw0000gn/T/XcodeDistPipeline.\~\~\~TYVn0t/Root/Payload/retrieverBuyer.app/GoogleSignIn.bundle/ar.lproj/GoogleSignIn.strings /var/folders/qq/kn3mb_ls71z640nps5cfm5yw0000gn/T/IDEIPAProcessor.AppThinning.\~\~\~MoDD6h/universal-iphoneos/Payload/retrieverBuyer.app/GoogleSignIn.bundle/ar.lproj/GoogleSignIn.strings
2023-02-11 02:20:31 +0000          mkdr ca.lproj/
2023-02-11 02:20:31 +0000  $ mkdir -p /var/folders/qq/kn3mb_ls71z640nps5cfm5yw0000gn/T/IDEIPAProcessor.AppThinning.\~\~\~MoDD6h/universal-iphoneos/Payload/retrieverBuyer.app/GoogleSignIn.bundle/ca.lproj
          copy GoogleSignIn.strings
2023-02-11 02:20:31 +0000  $ cp /var/folders/qq/kn3mb_ls71z640nps5cfm5yw0000gn/T/XcodeDistPipeline.\~\~\~TYVn0t/Root/Payload/retrieverBuyer.app/GoogleSignIn.bundle/ca.lproj/GoogleSignIn.strings /var/folders/qq/kn3mb_ls71z640nps5cfm5yw0000gn/T/IDEIPAProcessor.AppThinning.\~\~\~MoDD6h/universal-iphoneos/Payload/retrieverBuyer.app/GoogleSignIn.bundle/ca.lproj/GoogleSignIn.strings
2023-02-11 02:20:31 +0000          mkdr cs.lproj/
2023-02-11 02:20:31 +0000  $ mkdir -p /var/folders/qq/kn3mb_ls71z640nps5cfm5yw0000gn/T/IDEIPAProcessor.AppThinning.\~\~\~MoDD6h/universal-iphoneos/Payload/retrieverBuyer.app/GoogleSignIn.bundle/cs.lproj
          copy GoogleSignIn.strings
2023-02-11 02:20:31 +0000  $ cp /var/folders/qq/kn3mb_ls71z640nps5cfm5yw0000gn/T/XcodeDistPipeline.\~\~\~TYVn0t/Root/Payload/retrieverBuyer.app/GoogleSignIn.bundle/cs.lproj/GoogleSignIn.strings /var/folders/qq/kn3mb_ls71z640nps5cfm5yw0000gn/T/IDEIPAProcessor.AppThinning.\~\~\~MoDD6h/universal-iphoneos/Payload/retrieverBuyer.app/GoogleSignIn.bundle/cs.lproj/GoogleSignIn.strings
2023-02-11 02:20:31 +0000          mkdr da.lproj/
2023-02-11 02:20:31 +0000  $ mkdir -p /var/folders/qq/kn3mb_ls71z640nps5cfm5yw0000gn/T/IDEIPAProcessor.AppThinning.\~\~\~MoDD6h/universal-iphoneos/Payload/retrieverBuyer.app/GoogleSignIn.bundle/da.lproj
          copy GoogleSignIn.strings
2023-02-11 02:20:31 +0000  $ cp /var/folders/qq/kn3mb_ls71z640nps5cfm5yw0000gn/T/XcodeDistPipeline.\~\~\~TYVn0t/Root/Payload/retrieverBuyer.app/GoogleSignIn.bundle/da.lproj/GoogleSignIn.strings /var/folders/qq/kn3mb_ls71z640nps5cfm5yw0000gn/T/IDEIPAProcessor.AppThinning.\~\~\~MoDD6h/universal-iphoneos/Payload/retrieverBuyer.app/GoogleSignIn.bundle/da.lproj/GoogleSignIn.strings
2023-02-11 02:20:31 +0000          mkdr de.lproj/
$ mkdir -p /var/folders/qq/kn3mb_ls71z640nps5cfm5yw0000gn/T/IDEIPAProcessor.AppThinning.\~\~\~MoDD6h/universal-iphoneos/Payload/retrieverBuyer.app/GoogleSignIn.bundle/de.lproj
          copy GoogleSignIn.strings
2023-02-11 02:20:31 +0000  $ cp /var/folders/qq/kn3mb_ls71z640nps5cfm5yw0000gn/T/XcodeDistPipeline.\~\~\~TYVn0t/Root/Payload/retrieverBuyer.app/GoogleSignIn.bundle/de.lproj/GoogleSignIn.strings /var/folders/qq/kn3mb_ls71z640nps5cfm5yw0000gn/T/IDEIPAProcessor.AppThinning.\~\~\~MoDD6h/universal-iphoneos/Payload/retrieverBuyer.app/GoogleSignIn.bundle/de.lproj/GoogleSignIn.strings
2023-02-11 02:20:31 +0000          mkdr el.lproj/
$ mkdir -p /var/folders/qq/kn3mb_ls71z640nps5cfm5yw0000gn/T/IDEIPAProcessor.AppThinning.\~\~\~MoDD6h/universal-iphoneos/Payload/retrieverBuyer.app/GoogleSignIn.bundle/el.lproj
2023-02-11 02:20:31 +0000            copy GoogleSignIn.strings
$ cp /var/folders/qq/kn3mb_ls71z640nps5cfm5yw0000gn/T/XcodeDistPipeline.\~\~\~TYVn0t/Root/Payload/retrieverBuyer.app/GoogleSignIn.bundle/el.lproj/GoogleSignIn.strings /var/folders/qq/kn3mb_ls71z640nps5cfm5yw0000gn/T/IDEIPAProcessor.AppThinning.\~\~\~MoDD6h/universal-iphoneos/Payload/retrieverBuyer.app/GoogleSignIn.bundle/el.lproj/GoogleSignIn.strings
2023-02-11 02:20:31 +0000          mkdr en.lproj/
$ mkdir -p /var/folders/qq/kn3mb_ls71z640nps5cfm5yw0000gn/T/IDEIPAProcessor.AppThinning.\~\~\~MoDD6h/universal-iphoneos/Payload/retrieverBuyer.app/GoogleSignIn.bundle/en.lproj
2023-02-11 02:20:31 +0000            copy GoogleSignIn.strings
$ cp /var/folders/qq/kn3mb_ls71z640nps5cfm5yw0000gn/T/XcodeDistPipeline.\~\~\~TYVn0t/Root/Payload/retrieverBuyer.app/GoogleSignIn.bundle/en.lproj/GoogleSignIn.strings /var/folders/qq/kn3mb_ls71z640nps5cfm5yw0000gn/T/IDEIPAProcessor.AppThinning.\~\~\~MoDD6h/universal-iphoneos/Payload/retrieverBuyer.app/GoogleSignIn.bundle/en.lproj/GoogleSignIn.strings
2023-02-11 02:20:31 +0000          mkdr en_GB.lproj/
2023-02-11 02:20:31 +0000  $ mkdir -p /var/folders/qq/kn3mb_ls71z640nps5cfm5yw0000gn/T/IDEIPAProcessor.AppThinning.\~\~\~MoDD6h/universal-iphoneos/Payload/retrieverBuyer.app/GoogleSignIn.bundle/en_GB.lproj
          copy GoogleSignIn.strings
$ cp /var/folders/qq/kn3mb_ls71z640nps5cfm5yw0000gn/T/XcodeDistPipeline.\~\~\~TYVn0t/Root/Payload/retrieverBuyer.app/GoogleSignIn.bundle/en_GB.lproj/GoogleSignIn.strings /var/folders/qq/kn3mb_ls71z640nps5cfm5yw0000gn/T/IDEIPAProcessor.AppThinning.\~\~\~MoDD6h/universal-iphoneos/Payload/retrieverBuyer.app/GoogleSignIn.bundle/en_GB.lproj/GoogleSignIn.strings
2023-02-11 02:20:31 +0000          mkdr es.lproj/
2023-02-11 02:20:31 +0000  $ mkdir -p /var/folders/qq/kn3mb_ls71z640nps5cfm5yw0000gn/T/IDEIPAProcessor.AppThinning.\~\~\~MoDD6h/universal-iphoneos/Payload/retrieverBuyer.app/GoogleSignIn.bundle/es.lproj
          copy GoogleSignIn.strings
2023-02-11 02:20:31 +0000  $ cp /var/folders/qq/kn3mb_ls71z640nps5cfm5yw0000gn/T/XcodeDistPipeline.\~\~\~TYVn0t/Root/Payload/retrieverBuyer.app/GoogleSignIn.bundle/es.lproj/GoogleSignIn.strings /var/folders/qq/kn3mb_ls71z640nps5cfm5yw0000gn/T/IDEIPAProcessor.AppThinning.\~\~\~MoDD6h/universal-iphoneos/Payload/retrieverBuyer.app/GoogleSignIn.bundle/es.lproj/GoogleSignIn.strings
2023-02-11 02:20:31 +0000          mkdr es_MX.lproj/
2023-02-11 02:20:31 +0000  $ mkdir -p /var/folders/qq/kn3mb_ls71z640nps5cfm5yw0000gn/T/IDEIPAProcessor.AppThinning.\~\~\~MoDD6h/universal-iphoneos/Payload/retrieverBuyer.app/GoogleSignIn.bundle/es_MX.lproj
          copy GoogleSignIn.strings
$ cp /var/folders/qq/kn3mb_ls71z640nps5cfm5yw0000gn/T/XcodeDistPipeline.\~\~\~TYVn0t/Root/Payload/retrieverBuyer.app/GoogleSignIn.bundle/es_MX.lproj/GoogleSignIn.strings /var/folders/qq/kn3mb_ls71z640nps5cfm5yw0000gn/T/IDEIPAProcessor.AppThinning.\~\~\~MoDD6h/universal-iphoneos/Payload/retrieverBuyer.app/GoogleSignIn.bundle/es_MX.lproj/GoogleSignIn.strings
2023-02-11 02:20:31 +0000          mkdr fi.lproj/
2023-02-11 02:20:31 +0000  $ mkdir -p /var/folders/qq/kn3mb_ls71z640nps5cfm5yw0000gn/T/IDEIPAProcessor.AppThinning.\~\~\~MoDD6h/universal-iphoneos/Payload/retrieverBuyer.app/GoogleSignIn.bundle/fi.lproj
          copy GoogleSignIn.strings
2023-02-11 02:20:31 +0000  $ cp /var/folders/qq/kn3mb_ls71z640nps5cfm5yw0000gn/T/XcodeDistPipeline.\~\~\~TYVn0t/Root/Payload/retrieverBuyer.app/GoogleSignIn.bundle/fi.lproj/GoogleSignIn.strings /var/folders/qq/kn3mb_ls71z640nps5cfm5yw0000gn/T/IDEIPAProcessor.AppThinning.\~\~\~MoDD6h/universal-iphoneos/Payload/retrieverBuyer.app/GoogleSignIn.bundle/fi.lproj/GoogleSignIn.strings
2023-02-11 02:20:31 +0000          mkdr fr.lproj/
2023-02-11 02:20:31 +0000  $ mkdir -p /var/folders/qq/kn3mb_ls71z640nps5cfm5yw0000gn/T/IDEIPAProcessor.AppThinning.\~\~\~MoDD6h/universal-iphoneos/Payload/retrieverBuyer.app/GoogleSignIn.bundle/fr.lproj
          copy GoogleSignIn.strings
2023-02-11 02:20:31 +0000  $ cp /var/folders/qq/kn3mb_ls71z640nps5cfm5yw0000gn/T/XcodeDistPipeline.\~\~\~TYVn0t/Root/Payload/retrieverBuyer.app/GoogleSignIn.bundle/fr.lproj/GoogleSignIn.strings /var/folders/qq/kn3mb_ls71z640nps5cfm5yw0000gn/T/IDEIPAProcessor.AppThinning.\~\~\~MoDD6h/universal-iphoneos/Payload/retrieverBuyer.app/GoogleSignIn.bundle/fr.lproj/GoogleSignIn.strings
2023-02-11 02:20:31 +0000          mkdr fr_CA.lproj/
2023-02-11 02:20:31 +0000  $ mkdir -p /var/folders/qq/kn3mb_ls71z640nps5cfm5yw0000gn/T/IDEIPAProcessor.AppThinning.\~\~\~MoDD6h/universal-iphoneos/Payload/retrieverBuyer.app/GoogleSignIn.bundle/fr_CA.lproj
          copy GoogleSignIn.strings
2023-02-11 02:20:31 +0000  $ cp /var/folders/qq/kn3mb_ls71z640nps5cfm5yw0000gn/T/XcodeDistPipeline.\~\~\~TYVn0t/Root/Payload/retrieverBuyer.app/GoogleSignIn.bundle/fr_CA.lproj/GoogleSignIn.strings /var/folders/qq/kn3mb_ls71z640nps5cfm5yw0000gn/T/IDEIPAProcessor.AppThinning.\~\~\~MoDD6h/universal-iphoneos/Payload/retrieverBuyer.app/GoogleSignIn.bundle/fr_CA.lproj/GoogleSignIn.strings
2023-02-11 02:20:31 +0000          copy google.png
2023-02-11 02:20:31 +0000  $ cp /var/folders/qq/kn3mb_ls71z640nps5cfm5yw0000gn/T/XcodeDistPipeline.\~\~\~TYVn0t/Root/Payload/retrieverBuyer.app/GoogleSignIn.bundle/google.png /var/folders/qq/kn3mb_ls71z640nps5cfm5yw0000gn/T/IDEIPAProcessor.AppThinning.\~\~\~MoDD6h/universal-iphoneos/Payload/retrieverBuyer.app/GoogleSignIn.bundle/google.png
2023-02-11 02:20:31 +0000          copy google@2x.png
2023-02-11 02:20:31 +0000  $ cp /var/folders/qq/kn3mb_ls71z640nps5cfm5yw0000gn/T/XcodeDistPipeline.\~\~\~TYVn0t/Root/Payload/retrieverBuyer.app/GoogleSignIn.bundle/google@2x.png /var/folders/qq/kn3mb_ls71z640nps5cfm5yw0000gn/T/IDEIPAProcessor.AppThinning.\~\~\~MoDD6h/universal-iphoneos/Payload/retrieverBuyer.app/GoogleSignIn.bundle/google@2x.png
2023-02-11 02:20:31 +0000          copy google@3x.png
2023-02-11 02:20:31 +0000  $ cp /var/folders/qq/kn3mb_ls71z640nps5cfm5yw0000gn/T/XcodeDistPipeline.\~\~\~TYVn0t/Root/Payload/retrieverBuyer.app/GoogleSignIn.bundle/google@3x.png /var/folders/qq/kn3mb_ls71z640nps5cfm5yw0000gn/T/IDEIPAProcessor.AppThinning.\~\~\~MoDD6h/universal-iphoneos/Payload/retrieverBuyer.app/GoogleSignIn.bundle/google@3x.png
2023-02-11 02:20:31 +0000          mkdr he.lproj/
2023-02-11 02:20:31 +0000  $ mkdir -p /var/folders/qq/kn3mb_ls71z640nps5cfm5yw0000gn/T/IDEIPAProcessor.AppThinning.\~\~\~MoDD6h/universal-iphoneos/Payload/retrieverBuyer.app/GoogleSignIn.bundle/he.lproj
          copy GoogleSignIn.strings
2023-02-11 02:20:31 +0000  $ cp /var/folders/qq/kn3mb_ls71z640nps5cfm5yw0000gn/T/XcodeDistPipeline.\~\~\~TYVn0t/Root/Payload/retrieverBuyer.app/GoogleSignIn.bundle/he.lproj/GoogleSignIn.strings /var/folders/qq/kn3mb_ls71z640nps5cfm5yw0000gn/T/IDEIPAProcessor.AppThinning.\~\~\~MoDD6h/universal-iphoneos/Payload/retrieverBuyer.app/GoogleSignIn.bundle/he.lproj/GoogleSignIn.strings
2023-02-11 02:20:31 +0000          mkdr hi.lproj/
2023-02-11 02:20:31 +0000  $ mkdir -p /var/folders/qq/kn3mb_ls71z640nps5cfm5yw0000gn/T/IDEIPAProcessor.AppThinning.\~\~\~MoDD6h/universal-iphoneos/Payload/retrieverBuyer.app/GoogleSignIn.bundle/hi.lproj
          copy GoogleSignIn.strings
$ cp /var/folders/qq/kn3mb_ls71z640nps5cfm5yw0000gn/T/XcodeDistPipeline.\~\~\~TYVn0t/Root/Payload/retrieverBuyer.app/GoogleSignIn.bundle/hi.lproj/GoogleSignIn.strings /var/folders/qq/kn3mb_ls71z640nps5cfm5yw0000gn/T/IDEIPAProcessor.AppThinning.\~\~\~MoDD6h/universal-iphoneos/Payload/retrieverBuyer.app/GoogleSignIn.bundle/hi.lproj/GoogleSignIn.strings
2023-02-11 02:20:31 +0000          mkdr hr.lproj/
2023-02-11 02:20:31 +0000  $ mkdir -p /var/folders/qq/kn3mb_ls71z640nps5cfm5yw0000gn/T/IDEIPAProcessor.AppThinning.\~\~\~MoDD6h/universal-iphoneos/Payload/retrieverBuyer.app/GoogleSignIn.bundle/hr.lproj
          copy GoogleSignIn.strings
2023-02-11 02:20:31 +0000  $ cp /var/folders/qq/kn3mb_ls71z640nps5cfm5yw0000gn/T/XcodeDistPipeline.\~\~\~TYVn0t/Root/Payload/retrieverBuyer.app/GoogleSignIn.bundle/hr.lproj/GoogleSignIn.strings /var/folders/qq/kn3mb_ls71z640nps5cfm5yw0000gn/T/IDEIPAProcessor.AppThinning.\~\~\~MoDD6h/universal-iphoneos/Payload/retrieverBuyer.app/GoogleSignIn.bundle/hr.lproj/GoogleSignIn.strings
2023-02-11 02:20:31 +0000          mkdr hu.lproj/
2023-02-11 02:20:31 +0000  $ mkdir -p /var/folders/qq/kn3mb_ls71z640nps5cfm5yw0000gn/T/IDEIPAProcessor.AppThinning.\~\~\~MoDD6h/universal-iphoneos/Payload/retrieverBuyer.app/GoogleSignIn.bundle/hu.lproj
          copy GoogleSignIn.strings
$ cp /var/folders/qq/kn3mb_ls71z640nps5cfm5yw0000gn/T/XcodeDistPipeline.\~\~\~TYVn0t/Root/Payload/retrieverBuyer.app/GoogleSignIn.bundle/hu.lproj/GoogleSignIn.strings /var/folders/qq/kn3mb_ls71z640nps5cfm5yw0000gn/T/IDEIPAProcessor.AppThinning.\~\~\~MoDD6h/universal-iphoneos/Payload/retrieverBuyer.app/GoogleSignIn.bundle/hu.lproj/GoogleSignIn.strings
2023-02-11 02:20:31 +0000          mkdr id.lproj/
2023-02-11 02:20:31 +0000  $ mkdir -p /var/folders/qq/kn3mb_ls71z640nps5cfm5yw0000gn/T/IDEIPAProcessor.AppThinning.\~\~\~MoDD6h/universal-iphoneos/Payload/retrieverBuyer.app/GoogleSignIn.bundle/id.lproj
          copy GoogleSignIn.strings
$ cp /var/folders/qq/kn3mb_ls71z640nps5cfm5yw0000gn/T/XcodeDistPipeline.\~\~\~TYVn0t/Root/Payload/retrieverBuyer.app/GoogleSignIn.bundle/id.lproj/GoogleSignIn.strings /var/folders/qq/kn3mb_ls71z640nps5cfm5yw0000gn/T/IDEIPAProcessor.AppThinning.\~\~\~MoDD6h/universal-iphoneos/Payload/retrieverBuyer.app/GoogleSignIn.bundle/id.lproj/GoogleSignIn.strings
2023-02-11 02:20:31 +0000          mkdr it.lproj/
2023-02-11 02:20:31 +0000  $ mkdir -p /var/folders/qq/kn3mb_ls71z640nps5cfm5yw0000gn/T/IDEIPAProcessor.AppThinning.\~\~\~MoDD6h/universal-iphoneos/Payload/retrieverBuyer.app/GoogleSignIn.bundle/it.lproj
          copy GoogleSignIn.strings
2023-02-11 02:20:31 +0000  $ cp /var/folders/qq/kn3mb_ls71z640nps5cfm5yw0000gn/T/XcodeDistPipeline.\~\~\~TYVn0t/Root/Payload/retrieverBuyer.app/GoogleSignIn.bundle/it.lproj/GoogleSignIn.strings /var/folders/qq/kn3mb_ls71z640nps5cfm5yw0000gn/T/IDEIPAProcessor.AppThinning.\~\~\~MoDD6h/universal-iphoneos/Payload/retrieverBuyer.app/GoogleSignIn.bundle/it.lproj/GoogleSignIn.strings
2023-02-11 02:20:31 +0000          mkdr ja.lproj/
2023-02-11 02:20:31 +0000  $ mkdir -p /var/folders/qq/kn3mb_ls71z640nps5cfm5yw0000gn/T/IDEIPAProcessor.AppThinning.\~\~\~MoDD6h/universal-iphoneos/Payload/retrieverBuyer.app/GoogleSignIn.bundle/ja.lproj
          copy GoogleSignIn.strings
2023-02-11 02:20:31 +0000  $ cp /var/folders/qq/kn3mb_ls71z640nps5cfm5yw0000gn/T/XcodeDistPipeline.\~\~\~TYVn0t/Root/Payload/retrieverBuyer.app/GoogleSignIn.bundle/ja.lproj/GoogleSignIn.strings /var/folders/qq/kn3mb_ls71z640nps5cfm5yw0000gn/T/IDEIPAProcessor.AppThinning.\~\~\~MoDD6h/universal-iphoneos/Payload/retrieverBuyer.app/GoogleSignIn.bundle/ja.lproj/GoogleSignIn.strings
2023-02-11 02:20:31 +0000          mkdr ko.lproj/
2023-02-11 02:20:31 +0000  $ mkdir -p /var/folders/qq/kn3mb_ls71z640nps5cfm5yw0000gn/T/IDEIPAProcessor.AppThinning.\~\~\~MoDD6h/universal-iphoneos/Payload/retrieverBuyer.app/GoogleSignIn.bundle/ko.lproj
          copy GoogleSignIn.strings
2023-02-11 02:20:31 +0000  $ cp /var/folders/qq/kn3mb_ls71z640nps5cfm5yw0000gn/T/XcodeDistPipeline.\~\~\~TYVn0t/Root/Payload/retrieverBuyer.app/GoogleSignIn.bundle/ko.lproj/GoogleSignIn.strings /var/folders/qq/kn3mb_ls71z640nps5cfm5yw0000gn/T/IDEIPAProcessor.AppThinning.\~\~\~MoDD6h/universal-iphoneos/Payload/retrieverBuyer.app/GoogleSignIn.bundle/ko.lproj/GoogleSignIn.strings
2023-02-11 02:20:31 +0000          mkdr ms.lproj/
2023-02-11 02:20:31 +0000  $ mkdir -p /var/folders/qq/kn3mb_ls71z640nps5cfm5yw0000gn/T/IDEIPAProcessor.AppThinning.\~\~\~MoDD6h/universal-iphoneos/Payload/retrieverBuyer.app/GoogleSignIn.bundle/ms.lproj
          copy GoogleSignIn.strings
$ cp /var/folders/qq/kn3mb_ls71z640nps5cfm5yw0000gn/T/XcodeDistPipeline.\~\~\~TYVn0t/Root/Payload/retrieverBuyer.app/GoogleSignIn.bundle/ms.lproj/GoogleSignIn.strings /var/folders/qq/kn3mb_ls71z640nps5cfm5yw0000gn/T/IDEIPAProcessor.AppThinning.\~\~\~MoDD6h/universal-iphoneos/Payload/retrieverBuyer.app/GoogleSignIn.bundle/ms.lproj/GoogleSignIn.strings
2023-02-11 02:20:31 +0000          mkdr nb.lproj/
2023-02-11 02:20:31 +0000  $ mkdir -p /var/folders/qq/kn3mb_ls71z640nps5cfm5yw0000gn/T/IDEIPAProcessor.AppThinning.\~\~\~MoDD6h/universal-iphoneos/Payload/retrieverBuyer.app/GoogleSignIn.bundle/nb.lproj
          copy GoogleSignIn.strings
2023-02-11 02:20:31 +0000  $ cp /var/folders/qq/kn3mb_ls71z640nps5cfm5yw0000gn/T/XcodeDistPipeline.\~\~\~TYVn0t/Root/Payload/retrieverBuyer.app/GoogleSignIn.bundle/nb.lproj/GoogleSignIn.strings /var/folders/qq/kn3mb_ls71z640nps5cfm5yw0000gn/T/IDEIPAProcessor.AppThinning.\~\~\~MoDD6h/universal-iphoneos/Payload/retrieverBuyer.app/GoogleSignIn.bundle/nb.lproj/GoogleSignIn.strings
2023-02-11 02:20:31 +0000          mkdr nl.lproj/
$ mkdir -p /var/folders/qq/kn3mb_ls71z640nps5cfm5yw0000gn/T/IDEIPAProcessor.AppThinning.\~\~\~MoDD6h/universal-iphoneos/Payload/retrieverBuyer.app/GoogleSignIn.bundle/nl.lproj
2023-02-11 02:20:31 +0000            copy GoogleSignIn.strings
$ cp /var/folders/qq/kn3mb_ls71z640nps5cfm5yw0000gn/T/XcodeDistPipeline.\~\~\~TYVn0t/Root/Payload/retrieverBuyer.app/GoogleSignIn.bundle/nl.lproj/GoogleSignIn.strings /var/folders/qq/kn3mb_ls71z640nps5cfm5yw0000gn/T/IDEIPAProcessor.AppThinning.\~\~\~MoDD6h/universal-iphoneos/Payload/retrieverBuyer.app/GoogleSignIn.bundle/nl.lproj/GoogleSignIn.strings
2023-02-11 02:20:31 +0000          mkdr pl.lproj/
$ mkdir -p /var/folders/qq/kn3mb_ls71z640nps5cfm5yw0000gn/T/IDEIPAProcessor.AppThinning.\~\~\~MoDD6h/universal-iphoneos/Payload/retrieverBuyer.app/GoogleSignIn.bundle/pl.lproj
2023-02-11 02:20:31 +0000            copy GoogleSignIn.strings
$ cp /var/folders/qq/kn3mb_ls71z640nps5cfm5yw0000gn/T/XcodeDistPipeline.\~\~\~TYVn0t/Root/Payload/retrieverBuyer.app/GoogleSignIn.bundle/pl.lproj/GoogleSignIn.strings /var/folders/qq/kn3mb_ls71z640nps5cfm5yw0000gn/T/IDEIPAProcessor.AppThinning.\~\~\~MoDD6h/universal-iphoneos/Payload/retrieverBuyer.app/GoogleSignIn.bundle/pl.lproj/GoogleSignIn.strings
2023-02-11 02:20:31 +0000          mkdr pt.lproj/
2023-02-11 02:20:31 +0000  $ mkdir -p /var/folders/qq/kn3mb_ls71z640nps5cfm5yw0000gn/T/IDEIPAProcessor.AppThinning.\~\~\~MoDD6h/universal-iphoneos/Payload/retrieverBuyer.app/GoogleSignIn.bundle/pt.lproj
2023-02-11 02:20:31 +0000            copy GoogleSignIn.strings
$ cp /var/folders/qq/kn3mb_ls71z640nps5cfm5yw0000gn/T/XcodeDistPipeline.\~\~\~TYVn0t/Root/Payload/retrieverBuyer.app/GoogleSignIn.bundle/pt.lproj/GoogleSignIn.strings /var/folders/qq/kn3mb_ls71z640nps5cfm5yw0000gn/T/IDEIPAProcessor.AppThinning.\~\~\~MoDD6h/universal-iphoneos/Payload/retrieverBuyer.app/GoogleSignIn.bundle/pt.lproj/GoogleSignIn.strings
2023-02-11 02:20:31 +0000          mkdr pt_BR.lproj/
2023-02-11 02:20:31 +0000  $ mkdir -p /var/folders/qq/kn3mb_ls71z640nps5cfm5yw0000gn/T/IDEIPAProcessor.AppThinning.\~\~\~MoDD6h/universal-iphoneos/Payload/retrieverBuyer.app/GoogleSignIn.bundle/pt_BR.lproj
          copy GoogleSignIn.strings
$ cp /var/folders/qq/kn3mb_ls71z640nps5cfm5yw0000gn/T/XcodeDistPipeline.\~\~\~TYVn0t/Root/Payload/retrieverBuyer.app/GoogleSignIn.bundle/pt_BR.lproj/GoogleSignIn.strings /var/folders/qq/kn3mb_ls71z640nps5cfm5yw0000gn/T/IDEIPAProcessor.AppThinning.\~\~\~MoDD6h/universal-iphoneos/Payload/retrieverBuyer.app/GoogleSignIn.bundle/pt_BR.lproj/GoogleSignIn.strings
2023-02-11 02:20:31 +0000          mkdr pt_PT.lproj/
2023-02-11 02:20:31 +0000  $ mkdir -p /var/folders/qq/kn3mb_ls71z640nps5cfm5yw0000gn/T/IDEIPAProcessor.AppThinning.\~\~\~MoDD6h/universal-iphoneos/Payload/retrieverBuyer.app/GoogleSignIn.bundle/pt_PT.lproj
          copy GoogleSignIn.strings
$ cp /var/folders/qq/kn3mb_ls71z640nps5cfm5yw0000gn/T/XcodeDistPipeline.\~\~\~TYVn0t/Root/Payload/retrieverBuyer.app/GoogleSignIn.bundle/pt_PT.lproj/GoogleSignIn.strings /var/folders/qq/kn3mb_ls71z640nps5cfm5yw0000gn/T/IDEIPAProcessor.AppThinning.\~\~\~MoDD6h/universal-iphoneos/Payload/retrieverBuyer.app/GoogleSignIn.bundle/pt_PT.lproj/GoogleSignIn.strings
2023-02-11 02:20:31 +0000          mkdr ro.lproj/
2023-02-11 02:20:31 +0000  $ mkdir -p /var/folders/qq/kn3mb_ls71z640nps5cfm5yw0000gn/T/IDEIPAProcessor.AppThinning.\~\~\~MoDD6h/universal-iphoneos/Payload/retrieverBuyer.app/GoogleSignIn.bundle/ro.lproj
2023-02-11 02:20:31 +0000            copy GoogleSignIn.strings
$ cp /var/folders/qq/kn3mb_ls71z640nps5cfm5yw0000gn/T/XcodeDistPipeline.\~\~\~TYVn0t/Root/Payload/retrieverBuyer.app/GoogleSignIn.bundle/ro.lproj/GoogleSignIn.strings /var/folders/qq/kn3mb_ls71z640nps5cfm5yw0000gn/T/IDEIPAProcessor.AppThinning.\~\~\~MoDD6h/universal-iphoneos/Payload/retrieverBuyer.app/GoogleSignIn.bundle/ro.lproj/GoogleSignIn.strings
2023-02-11 02:20:31 +0000          mkdr ru.lproj/
$ mkdir -p /var/folders/qq/kn3mb_ls71z640nps5cfm5yw0000gn/T/IDEIPAProcessor.AppThinning.\~\~\~MoDD6h/universal-iphoneos/Payload/retrieverBuyer.app/GoogleSignIn.bundle/ru.lproj
2023-02-11 02:20:31 +0000            copy GoogleSignIn.strings
2023-02-11 02:20:31 +0000  $ cp /var/folders/qq/kn3mb_ls71z640nps5cfm5yw0000gn/T/XcodeDistPipeline.\~\~\~TYVn0t/Root/Payload/retrieverBuyer.app/GoogleSignIn.bundle/ru.lproj/GoogleSignIn.strings /var/folders/qq/kn3mb_ls71z640nps5cfm5yw0000gn/T/IDEIPAProcessor.AppThinning.\~\~\~MoDD6h/universal-iphoneos/Payload/retrieverBuyer.app/GoogleSignIn.bundle/ru.lproj/GoogleSignIn.strings
2023-02-11 02:20:31 +0000          mkdr sk.lproj/
$ mkdir -p /var/folders/qq/kn3mb_ls71z640nps5cfm5yw0000gn/T/IDEIPAProcessor.AppThinning.\~\~\~MoDD6h/universal-iphoneos/Payload/retrieverBuyer.app/GoogleSignIn.bundle/sk.lproj
2023-02-11 02:20:31 +0000            copy GoogleSignIn.strings
$ cp /var/folders/qq/kn3mb_ls71z640nps5cfm5yw0000gn/T/XcodeDistPipeline.\~\~\~TYVn0t/Root/Payload/retrieverBuyer.app/GoogleSignIn.bundle/sk.lproj/GoogleSignIn.strings /var/folders/qq/kn3mb_ls71z640nps5cfm5yw0000gn/T/IDEIPAProcessor.AppThinning.\~\~\~MoDD6h/universal-iphoneos/Payload/retrieverBuyer.app/GoogleSignIn.bundle/sk.lproj/GoogleSignIn.strings
2023-02-11 02:20:31 +0000          mkdr sv.lproj/
2023-02-11 02:20:31 +0000  $ mkdir -p /var/folders/qq/kn3mb_ls71z640nps5cfm5yw0000gn/T/IDEIPAProcessor.AppThinning.\~\~\~MoDD6h/universal-iphoneos/Payload/retrieverBuyer.app/GoogleSignIn.bundle/sv.lproj
          copy GoogleSignIn.strings
2023-02-11 02:20:31 +0000  $ cp /var/folders/qq/kn3mb_ls71z640nps5cfm5yw0000gn/T/XcodeDistPipeline.\~\~\~TYVn0t/Root/Payload/retrieverBuyer.app/GoogleSignIn.bundle/sv.lproj/GoogleSignIn.strings /var/folders/qq/kn3mb_ls71z640nps5cfm5yw0000gn/T/IDEIPAProcessor.AppThinning.\~\~\~MoDD6h/universal-iphoneos/Payload/retrieverBuyer.app/GoogleSignIn.bundle/sv.lproj/GoogleSignIn.strings
2023-02-11 02:20:31 +0000          mkdr th.lproj/
2023-02-11 02:20:31 +0000  $ mkdir -p /var/folders/qq/kn3mb_ls71z640nps5cfm5yw0000gn/T/IDEIPAProcessor.AppThinning.\~\~\~MoDD6h/universal-iphoneos/Payload/retrieverBuyer.app/GoogleSignIn.bundle/th.lproj
          copy GoogleSignIn.strings
2023-02-11 02:20:31 +0000  $ cp /var/folders/qq/kn3mb_ls71z640nps5cfm5yw0000gn/T/XcodeDistPipeline.\~\~\~TYVn0t/Root/Payload/retrieverBuyer.app/GoogleSignIn.bundle/th.lproj/GoogleSignIn.strings /var/folders/qq/kn3mb_ls71z640nps5cfm5yw0000gn/T/IDEIPAProcessor.AppThinning.\~\~\~MoDD6h/universal-iphoneos/Payload/retrieverBuyer.app/GoogleSignIn.bundle/th.lproj/GoogleSignIn.strings
2023-02-11 02:20:31 +0000          mkdr tr.lproj/
2023-02-11 02:20:31 +0000  $ mkdir -p /var/folders/qq/kn3mb_ls71z640nps5cfm5yw0000gn/T/IDEIPAProcessor.AppThinning.\~\~\~MoDD6h/universal-iphoneos/Payload/retrieverBuyer.app/GoogleSignIn.bundle/tr.lproj
          copy GoogleSignIn.strings
2023-02-11 02:20:31 +0000  $ cp /var/folders/qq/kn3mb_ls71z640nps5cfm5yw0000gn/T/XcodeDistPipeline.\~\~\~TYVn0t/Root/Payload/retrieverBuyer.app/GoogleSignIn.bundle/tr.lproj/GoogleSignIn.strings /var/folders/qq/kn3mb_ls71z640nps5cfm5yw0000gn/T/IDEIPAProcessor.AppThinning.\~\~\~MoDD6h/universal-iphoneos/Payload/retrieverBuyer.app/GoogleSignIn.bundle/tr.lproj/GoogleSignIn.strings
2023-02-11 02:20:31 +0000          mkdr uk.lproj/
2023-02-11 02:20:31 +0000  $ mkdir -p /var/folders/qq/kn3mb_ls71z640nps5cfm5yw0000gn/T/IDEIPAProcessor.AppThinning.\~\~\~MoDD6h/universal-iphoneos/Payload/retrieverBuyer.app/GoogleSignIn.bundle/uk.lproj
          copy GoogleSignIn.strings
$ cp /var/folders/qq/kn3mb_ls71z640nps5cfm5yw0000gn/T/XcodeDistPipeline.\~\~\~TYVn0t/Root/Payload/retrieverBuyer.app/GoogleSignIn.bundle/uk.lproj/GoogleSignIn.strings /var/folders/qq/kn3mb_ls71z640nps5cfm5yw0000gn/T/IDEIPAProcessor.AppThinning.\~\~\~MoDD6h/universal-iphoneos/Payload/retrieverBuyer.app/GoogleSignIn.bundle/uk.lproj/GoogleSignIn.strings
2023-02-11 02:20:31 +0000          mkdr vi.lproj/
$ mkdir -p /var/folders/qq/kn3mb_ls71z640nps5cfm5yw0000gn/T/IDEIPAProcessor.AppThinning.\~\~\~MoDD6h/universal-iphoneos/Payload/retrieverBuyer.app/GoogleSignIn.bundle/vi.lproj
2023-02-11 02:20:31 +0000            copy GoogleSignIn.strings
$ cp /var/folders/qq/kn3mb_ls71z640nps5cfm5yw0000gn/T/XcodeDistPipeline.\~\~\~TYVn0t/Root/Payload/retrieverBuyer.app/GoogleSignIn.bundle/vi.lproj/GoogleSignIn.strings /var/folders/qq/kn3mb_ls71z640nps5cfm5yw0000gn/T/IDEIPAProcessor.AppThinning.\~\~\~MoDD6h/universal-iphoneos/Payload/retrieverBuyer.app/GoogleSignIn.bundle/vi.lproj/GoogleSignIn.strings
2023-02-11 02:20:31 +0000          mkdr zh_CN.lproj/
$ mkdir -p /var/folders/qq/kn3mb_ls71z640nps5cfm5yw0000gn/T/IDEIPAProcessor.AppThinning.\~\~\~MoDD6h/universal-iphoneos/Payload/retrieverBuyer.app/GoogleSignIn.bundle/zh_CN.lproj
2023-02-11 02:20:31 +0000            copy GoogleSignIn.strings
$ cp /var/folders/qq/kn3mb_ls71z640nps5cfm5yw0000gn/T/XcodeDistPipeline.\~\~\~TYVn0t/Root/Payload/retrieverBuyer.app/GoogleSignIn.bundle/zh_CN.lproj/GoogleSignIn.strings /var/folders/qq/kn3mb_ls71z640nps5cfm5yw0000gn/T/IDEIPAProcessor.AppThinning.\~\~\~MoDD6h/universal-iphoneos/Payload/retrieverBuyer.app/GoogleSignIn.bundle/zh_CN.lproj/GoogleSignIn.strings
2023-02-11 02:20:31 +0000          mkdr zh_TW.lproj/
$ mkdir -p /var/folders/qq/kn3mb_ls71z640nps5cfm5yw0000gn/T/IDEIPAProcessor.AppThinning.\~\~\~MoDD6h/universal-iphoneos/Payload/retrieverBuyer.app/GoogleSignIn.bundle/zh_TW.lproj
2023-02-11 02:20:31 +0000            copy GoogleSignIn.strings
$ cp /var/folders/qq/kn3mb_ls71z640nps5cfm5yw0000gn/T/XcodeDistPipeline.\~\~\~TYVn0t/Root/Payload/retrieverBuyer.app/GoogleSignIn.bundle/zh_TW.lproj/GoogleSignIn.strings /var/folders/qq/kn3mb_ls71z640nps5cfm5yw0000gn/T/IDEIPAProcessor.AppThinning.\~\~\~MoDD6h/universal-iphoneos/Payload/retrieverBuyer.app/GoogleSignIn.bundle/zh_TW.lproj/GoogleSignIn.strings
2023-02-11 02:20:31 +0000        copy HKGrotesk-Bold.ttf
2023-02-11 02:20:31 +0000  $ cp /var/folders/qq/kn3mb_ls71z640nps5cfm5yw0000gn/T/XcodeDistPipeline.\~\~\~TYVn0t/Root/Payload/retrieverBuyer.app/HKGrotesk-Bold.ttf /var/folders/qq/kn3mb_ls71z640nps5cfm5yw0000gn/T/IDEIPAProcessor.AppThinning.\~\~\~MoDD6h/universal-iphoneos/Payload/retrieverBuyer.app/HKGrotesk-Bold.ttf
2023-02-11 02:20:31 +0000        copy HKGrotesk-BoldItalic.ttf
2023-02-11 02:20:31 +0000  $ cp /var/folders/qq/kn3mb_ls71z640nps5cfm5yw0000gn/T/XcodeDistPipeline.\~\~\~TYVn0t/Root/Payload/retrieverBuyer.app/HKGrotesk-BoldItalic.ttf /var/folders/qq/kn3mb_ls71z640nps5cfm5yw0000gn/T/IDEIPAProcessor.AppThinning.\~\~\~MoDD6h/universal-iphoneos/Payload/retrieverBuyer.app/HKGrotesk-BoldItalic.ttf
2023-02-11 02:20:31 +0000        copy HKGrotesk-BoldLegacy.ttf
$ cp /var/folders/qq/kn3mb_ls71z640nps5cfm5yw0000gn/T/XcodeDistPipeline.\~\~\~TYVn0t/Root/Payload/retrieverBuyer.app/HKGrotesk-BoldLegacy.ttf /var/folders/qq/kn3mb_ls71z640nps5cfm5yw0000gn/T/IDEIPAProcessor.AppThinning.\~\~\~MoDD6h/universal-iphoneos/Payload/retrieverBuyer.app/HKGrotesk-BoldLegacy.ttf
2023-02-11 02:20:31 +0000        copy HKGrotesk-BoldLegacyItalic.ttf
2023-02-11 02:20:31 +0000  $ cp /var/folders/qq/kn3mb_ls71z640nps5cfm5yw0000gn/T/XcodeDistPipeline.\~\~\~TYVn0t/Root/Payload/retrieverBuyer.app/HKGrotesk-BoldLegacyItalic.ttf /var/folders/qq/kn3mb_ls71z640nps5cfm5yw0000gn/T/IDEIPAProcessor.AppThinning.\~\~\~MoDD6h/universal-iphoneos/Payload/retrieverBuyer.app/HKGrotesk-BoldLegacyItalic.ttf
2023-02-11 02:20:31 +0000        copy HKGrotesk-Italic.ttf
$ cp /var/folders/qq/kn3mb_ls71z640nps5cfm5yw0000gn/T/XcodeDistPipeline.\~\~\~TYVn0t/Root/Payload/retrieverBuyer.app/HKGrotesk-Italic.ttf /var/folders/qq/kn3mb_ls71z640nps5cfm5yw0000gn/T/IDEIPAProcessor.AppThinning.\~\~\~MoDD6h/universal-iphoneos/Payload/retrieverBuyer.app/HKGrotesk-Italic.ttf
2023-02-11 02:20:31 +0000        copy HKGrotesk-LegacyItalic.ttf
2023-02-11 02:20:31 +0000  $ cp /var/folders/qq/kn3mb_ls71z640nps5cfm5yw0000gn/T/XcodeDistPipeline.\~\~\~TYVn0t/Root/Payload/retrieverBuyer.app/HKGrotesk-LegacyItalic.ttf /var/folders/qq/kn3mb_ls71z640nps5cfm5yw0000gn/T/IDEIPAProcessor.AppThinning.\~\~\~MoDD6h/universal-iphoneos/Payload/retrieverBuyer.app/HKGrotesk-LegacyItalic.ttf
2023-02-11 02:20:31 +0000        copy HKGrotesk-Light.ttf
2023-02-11 02:20:31 +0000  $ cp /var/folders/qq/kn3mb_ls71z640nps5cfm5yw0000gn/T/XcodeDistPipeline.\~\~\~TYVn0t/Root/Payload/retrieverBuyer.app/HKGrotesk-Light.ttf /var/folders/qq/kn3mb_ls71z640nps5cfm5yw0000gn/T/IDEIPAProcessor.AppThinning.\~\~\~MoDD6h/universal-iphoneos/Payload/retrieverBuyer.app/HKGrotesk-Light.ttf
2023-02-11 02:20:31 +0000        copy HKGrotesk-LightItalic.ttf
2023-02-11 02:20:31 +0000  $ cp /var/folders/qq/kn3mb_ls71z640nps5cfm5yw0000gn/T/XcodeDistPipeline.\~\~\~TYVn0t/Root/Payload/retrieverBuyer.app/HKGrotesk-LightItalic.ttf /var/folders/qq/kn3mb_ls71z640nps5cfm5yw0000gn/T/IDEIPAProcessor.AppThinning.\~\~\~MoDD6h/universal-iphoneos/Payload/retrieverBuyer.app/HKGrotesk-LightItalic.ttf
2023-02-11 02:20:31 +0000        copy HKGrotesk-LightLegacy.ttf
2023-02-11 02:20:31 +0000  $ cp /var/folders/qq/kn3mb_ls71z640nps5cfm5yw0000gn/T/XcodeDistPipeline.\~\~\~TYVn0t/Root/Payload/retrieverBuyer.app/HKGrotesk-LightLegacy.ttf /var/folders/qq/kn3mb_ls71z640nps5cfm5yw0000gn/T/IDEIPAProcessor.AppThinning.\~\~\~MoDD6h/universal-iphoneos/Payload/retrieverBuyer.app/HKGrotesk-LightLegacy.ttf
2023-02-11 02:20:31 +0000        copy HKGrotesk-LightLegacyItalic.ttf
$ cp /var/folders/qq/kn3mb_ls71z640nps5cfm5yw0000gn/T/XcodeDistPipeline.\~\~\~TYVn0t/Root/Payload/retrieverBuyer.app/HKGrotesk-LightLegacyItalic.ttf /var/folders/qq/kn3mb_ls71z640nps5cfm5yw0000gn/T/IDEIPAProcessor.AppThinning.\~\~\~MoDD6h/universal-iphoneos/Payload/retrieverBuyer.app/HKGrotesk-LightLegacyItalic.ttf
2023-02-11 02:20:31 +0000        copy HKGrotesk-Medium.ttf
2023-02-11 02:20:31 +0000  $ cp /var/folders/qq/kn3mb_ls71z640nps5cfm5yw0000gn/T/XcodeDistPipeline.\~\~\~TYVn0t/Root/Payload/retrieverBuyer.app/HKGrotesk-Medium.ttf /var/folders/qq/kn3mb_ls71z640nps5cfm5yw0000gn/T/IDEIPAProcessor.AppThinning.\~\~\~MoDD6h/universal-iphoneos/Payload/retrieverBuyer.app/HKGrotesk-Medium.ttf
2023-02-11 02:20:31 +0000        copy HKGrotesk-MediumItalic.ttf
2023-02-11 02:20:31 +0000  $ cp /var/folders/qq/kn3mb_ls71z640nps5cfm5yw0000gn/T/XcodeDistPipeline.\~\~\~TYVn0t/Root/Payload/retrieverBuyer.app/HKGrotesk-MediumItalic.ttf /var/folders/qq/kn3mb_ls71z640nps5cfm5yw0000gn/T/IDEIPAProcessor.AppThinning.\~\~\~MoDD6h/universal-iphoneos/Payload/retrieverBuyer.app/HKGrotesk-MediumItalic.ttf
2023-02-11 02:20:31 +0000        copy HKGrotesk-MediumLegacy.ttf
2023-02-11 02:20:31 +0000  $ cp /var/folders/qq/kn3mb_ls71z640nps5cfm5yw0000gn/T/XcodeDistPipeline.\~\~\~TYVn0t/Root/Payload/retrieverBuyer.app/HKGrotesk-MediumLegacy.ttf /var/folders/qq/kn3mb_ls71z640nps5cfm5yw0000gn/T/IDEIPAProcessor.AppThinning.\~\~\~MoDD6h/universal-iphoneos/Payload/retrieverBuyer.app/HKGrotesk-MediumLegacy.ttf
2023-02-11 02:20:31 +0000        copy HKGrotesk-MediumLegacyItalic.ttf
2023-02-11 02:20:31 +0000  $ cp /var/folders/qq/kn3mb_ls71z640nps5cfm5yw0000gn/T/XcodeDistPipeline.\~\~\~TYVn0t/Root/Payload/retrieverBuyer.app/HKGrotesk-MediumLegacyItalic.ttf /var/folders/qq/kn3mb_ls71z640nps5cfm5yw0000gn/T/IDEIPAProcessor.AppThinning.\~\~\~MoDD6h/universal-iphoneos/Payload/retrieverBuyer.app/HKGrotesk-MediumLegacyItalic.ttf
2023-02-11 02:20:31 +0000        copy HKGrotesk-Regular.ttf
$ cp /var/folders/qq/kn3mb_ls71z640nps5cfm5yw0000gn/T/XcodeDistPipeline.\~\~\~TYVn0t/Root/Payload/retrieverBuyer.app/HKGrotesk-Regular.ttf /var/folders/qq/kn3mb_ls71z640nps5cfm5yw0000gn/T/IDEIPAProcessor.AppThinning.\~\~\~MoDD6h/universal-iphoneos/Payload/retrieverBuyer.app/HKGrotesk-Regular.ttf
2023-02-11 02:20:31 +0000        copy HKGrotesk-RegularLegacy.ttf
2023-02-11 02:20:31 +0000  $ cp /var/folders/qq/kn3mb_ls71z640nps5cfm5yw0000gn/T/XcodeDistPipeline.\~\~\~TYVn0t/Root/Payload/retrieverBuyer.app/HKGrotesk-RegularLegacy.ttf /var/folders/qq/kn3mb_ls71z640nps5cfm5yw0000gn/T/IDEIPAProcessor.AppThinning.\~\~\~MoDD6h/universal-iphoneos/Payload/retrieverBuyer.app/HKGrotesk-RegularLegacy.ttf
2023-02-11 02:20:31 +0000        copy HKGrotesk-SemiBold.ttf
2023-02-11 02:20:31 +0000  $ cp /var/folders/qq/kn3mb_ls71z640nps5cfm5yw0000gn/T/XcodeDistPipeline.\~\~\~TYVn0t/Root/Payload/retrieverBuyer.app/HKGrotesk-SemiBold.ttf /var/folders/qq/kn3mb_ls71z640nps5cfm5yw0000gn/T/IDEIPAProcessor.AppThinning.\~\~\~MoDD6h/universal-iphoneos/Payload/retrieverBuyer.app/HKGrotesk-SemiBold.ttf
2023-02-11 02:20:31 +0000        copy HKGrotesk-SemiBoldItalic.ttf
2023-02-11 02:20:31 +0000  $ cp /var/folders/qq/kn3mb_ls71z640nps5cfm5yw0000gn/T/XcodeDistPipeline.\~\~\~TYVn0t/Root/Payload/retrieverBuyer.app/HKGrotesk-SemiBoldItalic.ttf /var/folders/qq/kn3mb_ls71z640nps5cfm5yw0000gn/T/IDEIPAProcessor.AppThinning.\~\~\~MoDD6h/universal-iphoneos/Payload/retrieverBuyer.app/HKGrotesk-SemiBoldItalic.ttf
2023-02-11 02:20:31 +0000        copy HKGrotesk-SemiBoldLegacy.ttf
2023-02-11 02:20:31 +0000  $ cp /var/folders/qq/kn3mb_ls71z640nps5cfm5yw0000gn/T/XcodeDistPipeline.\~\~\~TYVn0t/Root/Payload/retrieverBuyer.app/HKGrotesk-SemiBoldLegacy.ttf /var/folders/qq/kn3mb_ls71z640nps5cfm5yw0000gn/T/IDEIPAProcessor.AppThinning.\~\~\~MoDD6h/universal-iphoneos/Payload/retrieverBuyer.app/HKGrotesk-SemiBoldLegacy.ttf
2023-02-11 02:20:31 +0000        copy HKGrotesk-SemiBoldLegacyItalic.ttf
2023-02-11 02:20:31 +0000  $ cp /var/folders/qq/kn3mb_ls71z640nps5cfm5yw0000gn/T/XcodeDistPipeline.\~\~\~TYVn0t/Root/Payload/retrieverBuyer.app/HKGrotesk-SemiBoldLegacyItalic.ttf /var/folders/qq/kn3mb_ls71z640nps5cfm5yw0000gn/T/IDEIPAProcessor.AppThinning.\~\~\~MoDD6h/universal-iphoneos/Payload/retrieverBuyer.app/HKGrotesk-SemiBoldLegacyItalic.ttf
2023-02-11 02:20:31 +0000        copy Info.plist
2023-02-11 02:20:31 +0000  $ cp /var/folders/qq/kn3mb_ls71z640nps5cfm5yw0000gn/T/XcodeDistPipeline.\~\~\~TYVn0t/Root/Payload/retrieverBuyer.app/Info.plist /var/folders/qq/kn3mb_ls71z640nps5cfm5yw0000gn/T/IDEIPAProcessor.AppThinning.\~\~\~MoDD6h/universal-iphoneos/Payload/retrieverBuyer.app/Info.plist
2023-02-11 02:20:31 +0000        copy Ionicons.ttf
2023-02-11 02:20:31 +0000  $ cp /var/folders/qq/kn3mb_ls71z640nps5cfm5yw0000gn/T/XcodeDistPipeline.\~\~\~TYVn0t/Root/Payload/retrieverBuyer.app/Ionicons.ttf /var/folders/qq/kn3mb_ls71z640nps5cfm5yw0000gn/T/IDEIPAProcessor.AppThinning.\~\~\~MoDD6h/universal-iphoneos/Payload/retrieverBuyer.app/Ionicons.ttf
2023-02-11 02:20:31 +0000        mkdr LaunchScreen.storyboardc/
2023-02-11 02:20:31 +0000  $ mkdir -p /var/folders/qq/kn3mb_ls71z640nps5cfm5yw0000gn/T/IDEIPAProcessor.AppThinning.\~\~\~MoDD6h/universal-iphoneos/Payload/retrieverBuyer.app/LaunchScreen.storyboardc
        copy 01J-lp-oVM-view-Ze5-6b-2t3.nib
2023-02-11 02:20:31 +0000  $ cp /var/folders/qq/kn3mb_ls71z640nps5cfm5yw0000gn/T/XcodeDistPipeline.\~\~\~TYVn0t/Root/Payload/retrieverBuyer.app/LaunchScreen.storyboardc/01J-lp-oVM-view-Ze5-6b-2t3.nib /var/folders/qq/kn3mb_ls71z640nps5cfm5yw0000gn/T/IDEIPAProcessor.AppThinning.\~\~\~MoDD6h/universal-iphoneos/Payload/retrieverBuyer.app/LaunchScreen.storyboardc/01J-lp-oVM-view-Ze5-6b-2t3.nib
2023-02-11 02:20:31 +0000          copy Info.plist
2023-02-11 02:20:31 +0000  $ cp /var/folders/qq/kn3mb_ls71z640nps5cfm5yw0000gn/T/XcodeDistPipeline.\~\~\~TYVn0t/Root/Payload/retrieverBuyer.app/LaunchScreen.storyboardc/Info.plist /var/folders/qq/kn3mb_ls71z640nps5cfm5yw0000gn/T/IDEIPAProcessor.AppThinning.\~\~\~MoDD6h/universal-iphoneos/Payload/retrieverBuyer.app/LaunchScreen.storyboardc/Info.plist
2023-02-11 02:20:31 +0000          copy UIViewController-01J-lp-oVM.nib
2023-02-11 02:20:31 +0000  $ cp /var/folders/qq/kn3mb_ls71z640nps5cfm5yw0000gn/T/XcodeDistPipeline.\~\~\~TYVn0t/Root/Payload/retrieverBuyer.app/LaunchScreen.storyboardc/UIViewController-01J-lp-oVM.nib /var/folders/qq/kn3mb_ls71z640nps5cfm5yw0000gn/T/IDEIPAProcessor.AppThinning.\~\~\~MoDD6h/universal-iphoneos/Payload/retrieverBuyer.app/LaunchScreen.storyboardc/UIViewController-01J-lp-oVM.nib
2023-02-11 02:20:31 +0000        copy MaterialCommunityIcons.ttf
2023-02-11 02:20:31 +0000  $ cp /var/folders/qq/kn3mb_ls71z640nps5cfm5yw0000gn/T/XcodeDistPipeline.\~\~\~TYVn0t/Root/Payload/retrieverBuyer.app/MaterialCommunityIcons.ttf /var/folders/qq/kn3mb_ls71z640nps5cfm5yw0000gn/T/IDEIPAProcessor.AppThinning.\~\~\~MoDD6h/universal-iphoneos/Payload/retrieverBuyer.app/MaterialCommunityIcons.ttf
2023-02-11 02:20:31 +0000        copy MaterialIcons.ttf
2023-02-11 02:20:31 +0000  $ cp /var/folders/qq/kn3mb_ls71z640nps5cfm5yw0000gn/T/XcodeDistPipeline.\~\~\~TYVn0t/Root/Payload/retrieverBuyer.app/MaterialIcons.ttf /var/folders/qq/kn3mb_ls71z640nps5cfm5yw0000gn/T/IDEIPAProcessor.AppThinning.\~\~\~MoDD6h/universal-iphoneos/Payload/retrieverBuyer.app/MaterialIcons.ttf
2023-02-11 02:20:31 +0000        copy Octicons.ttf
2023-02-11 02:20:31 +0000  $ cp /var/folders/qq/kn3mb_ls71z640nps5cfm5yw0000gn/T/XcodeDistPipeline.\~\~\~TYVn0t/Root/Payload/retrieverBuyer.app/Octicons.ttf /var/folders/qq/kn3mb_ls71z640nps5cfm5yw0000gn/T/IDEIPAProcessor.AppThinning.\~\~\~MoDD6h/universal-iphoneos/Payload/retrieverBuyer.app/Octicons.ttf
2023-02-11 02:20:31 +0000        copy PkgInfo
2023-02-11 02:20:31 +0000  $ cp /var/folders/qq/kn3mb_ls71z640nps5cfm5yw0000gn/T/XcodeDistPipeline.\~\~\~TYVn0t/Root/Payload/retrieverBuyer.app/PkgInfo /var/folders/qq/kn3mb_ls71z640nps5cfm5yw0000gn/T/IDEIPAProcessor.AppThinning.\~\~\~MoDD6h/universal-iphoneos/Payload/retrieverBuyer.app/PkgInfo
2023-02-11 02:20:31 +0000        bndl QBImagePicker.bundle (iphoneos)
2023-02-11 02:20:31 +0000  $ mkdir -p /var/folders/qq/kn3mb_ls71z640nps5cfm5yw0000gn/T/IDEIPAProcessor.AppThinning.\~\~\~MoDD6h/universal-iphoneos/Payload/retrieverBuyer.app/QBImagePicker.bundle
        copy Info.plist
2023-02-11 02:20:31 +0000  $ cp /var/folders/qq/kn3mb_ls71z640nps5cfm5yw0000gn/T/XcodeDistPipeline.\~\~\~TYVn0t/Root/Payload/retrieverBuyer.app/QBImagePicker.bundle/Info.plist /var/folders/qq/kn3mb_ls71z640nps5cfm5yw0000gn/T/IDEIPAProcessor.AppThinning.\~\~\~MoDD6h/universal-iphoneos/Payload/retrieverBuyer.app/QBImagePicker.bundle/Info.plist
2023-02-11 02:20:31 +0000          mkdr QBImagePicker.storyboardc/
$ mkdir -p /var/folders/qq/kn3mb_ls71z640nps5cfm5yw0000gn/T/IDEIPAProcessor.AppThinning.\~\~\~MoDD6h/universal-iphoneos/Payload/retrieverBuyer.app/QBImagePicker.bundle/QBImagePicker.storyboardc
2023-02-11 02:20:31 +0000            copy Info.plist
$ cp /var/folders/qq/kn3mb_ls71z640nps5cfm5yw0000gn/T/XcodeDistPipeline.\~\~\~TYVn0t/Root/Payload/retrieverBuyer.app/QBImagePicker.bundle/QBImagePicker.storyboardc/Info.plist /var/folders/qq/kn3mb_ls71z640nps5cfm5yw0000gn/T/IDEIPAProcessor.AppThinning.\~\~\~MoDD6h/universal-iphoneos/Payload/retrieverBuyer.app/QBImagePicker.bundle/QBImagePicker.storyboardc/Info.plist
2023-02-11 02:20:31 +0000            mkdr QBAlbumsNavigationController.nib/
2023-02-11 02:20:31 +0000  $ mkdir -p /var/folders/qq/kn3mb_ls71z640nps5cfm5yw0000gn/T/IDEIPAProcessor.AppThinning.\~\~\~MoDD6h/universal-iphoneos/Payload/retrieverBuyer.app/QBImagePicker.bundle/QBImagePicker.storyboardc/QBAlbumsNavigationController.nib
            copy objects-12.3\+.nib
2023-02-11 02:20:31 +0000  $ cp /var/folders/qq/kn3mb_ls71z640nps5cfm5yw0000gn/T/XcodeDistPipeline.\~\~\~TYVn0t/Root/Payload/retrieverBuyer.app/QBImagePicker.bundle/QBImagePicker.storyboardc/QBAlbumsNavigationController.nib/objects-12.3\+.nib /var/folders/qq/kn3mb_ls71z640nps5cfm5yw0000gn/T/IDEIPAProcessor.AppThinning.\~\~\~MoDD6h/universal-iphoneos/Payload/retrieverBuyer.app/QBImagePicker.bundle/QBImagePicker.storyboardc/QBAlbumsNavigationController.nib/objects-12.3\+.nib
2023-02-11 02:20:31 +0000              copy runtime.nib
2023-02-11 02:20:31 +0000  $ cp /var/folders/qq/kn3mb_ls71z640nps5cfm5yw0000gn/T/XcodeDistPipeline.\~\~\~TYVn0t/Root/Payload/retrieverBuyer.app/QBImagePicker.bundle/QBImagePicker.storyboardc/QBAlbumsNavigationController.nib/runtime.nib /var/folders/qq/kn3mb_ls71z640nps5cfm5yw0000gn/T/IDEIPAProcessor.AppThinning.\~\~\~MoDD6h/universal-iphoneos/Payload/retrieverBuyer.app/QBImagePicker.bundle/QBImagePicker.storyboardc/QBAlbumsNavigationController.nib/runtime.nib
2023-02-11 02:20:31 +0000            mkdr QBAlbumsViewController.nib/
2023-02-11 02:20:31 +0000  $ mkdir -p /var/folders/qq/kn3mb_ls71z640nps5cfm5yw0000gn/T/IDEIPAProcessor.AppThinning.\~\~\~MoDD6h/universal-iphoneos/Payload/retrieverBuyer.app/QBImagePicker.bundle/QBImagePicker.storyboardc/QBAlbumsViewController.nib
            copy objects-12.3\+.nib
$ cp /var/folders/qq/kn3mb_ls71z640nps5cfm5yw0000gn/T/XcodeDistPipeline.\~\~\~TYVn0t/Root/Payload/retrieverBuyer.app/QBImagePicker.bundle/QBImagePicker.storyboardc/QBAlbumsViewController.nib/objects-12.3\+.nib /var/folders/qq/kn3mb_ls71z640nps5cfm5yw0000gn/T/IDEIPAProcessor.AppThinning.\~\~\~MoDD6h/universal-iphoneos/Payload/retrieverBuyer.app/QBImagePicker.bundle/QBImagePicker.storyboardc/QBAlbumsViewController.nib/objects-12.3\+.nib
2023-02-11 02:20:31 +0000              copy runtime.nib
2023-02-11 02:20:31 +0000  $ cp /var/folders/qq/kn3mb_ls71z640nps5cfm5yw0000gn/T/XcodeDistPipeline.\~\~\~TYVn0t/Root/Payload/retrieverBuyer.app/QBImagePicker.bundle/QBImagePicker.storyboardc/QBAlbumsViewController.nib/runtime.nib /var/folders/qq/kn3mb_ls71z640nps5cfm5yw0000gn/T/IDEIPAProcessor.AppThinning.\~\~\~MoDD6h/universal-iphoneos/Payload/retrieverBuyer.app/QBImagePicker.bundle/QBImagePicker.storyboardc/QBAlbumsViewController.nib/runtime.nib
2023-02-11 02:20:31 +0000            mkdr QBAssetsViewController.nib/
2023-02-11 02:20:31 +0000  $ mkdir -p /var/folders/qq/kn3mb_ls71z640nps5cfm5yw0000gn/T/IDEIPAProcessor.AppThinning.\~\~\~MoDD6h/universal-iphoneos/Payload/retrieverBuyer.app/QBImagePicker.bundle/QBImagePicker.storyboardc/QBAssetsViewController.nib
            copy objects-12.3\+.nib
2023-02-11 02:20:31 +0000  $ cp /var/folders/qq/kn3mb_ls71z640nps5cfm5yw0000gn/T/XcodeDistPipeline.\~\~\~TYVn0t/Root/Payload/retrieverBuyer.app/QBImagePicker.bundle/QBImagePicker.storyboardc/QBAssetsViewController.nib/objects-12.3\+.nib /var/folders/qq/kn3mb_ls71z640nps5cfm5yw0000gn/T/IDEIPAProcessor.AppThinning.\~\~\~MoDD6h/universal-iphoneos/Payload/retrieverBuyer.app/QBImagePicker.bundle/QBImagePicker.storyboardc/QBAssetsViewController.nib/objects-12.3\+.nib
2023-02-11 02:20:31 +0000              copy runtime.nib
2023-02-11 02:20:31 +0000  $ cp /var/folders/qq/kn3mb_ls71z640nps5cfm5yw0000gn/T/XcodeDistPipeline.\~\~\~TYVn0t/Root/Payload/retrieverBuyer.app/QBImagePicker.bundle/QBImagePicker.storyboardc/QBAssetsViewController.nib/runtime.nib /var/folders/qq/kn3mb_ls71z640nps5cfm5yw0000gn/T/IDEIPAProcessor.AppThinning.\~\~\~MoDD6h/universal-iphoneos/Payload/retrieverBuyer.app/QBImagePicker.bundle/QBImagePicker.storyboardc/QBAssetsViewController.nib/runtime.nib
2023-02-11 02:20:31 +0000            mkdr QL5-wR-LYt-view-66K-TS-Yoc.nib/
2023-02-11 02:20:31 +0000  $ mkdir -p /var/folders/qq/kn3mb_ls71z640nps5cfm5yw0000gn/T/IDEIPAProcessor.AppThinning.\~\~\~MoDD6h/universal-iphoneos/Payload/retrieverBuyer.app/QBImagePicker.bundle/QBImagePicker.storyboardc/QL5-wR-LYt-view-66K-TS-Yoc.nib
            copy objects-12.3\+.nib
2023-02-11 02:20:31 +0000  $ cp /var/folders/qq/kn3mb_ls71z640nps5cfm5yw0000gn/T/XcodeDistPipeline.\~\~\~TYVn0t/Root/Payload/retrieverBuyer.app/QBImagePicker.bundle/QBImagePicker.storyboardc/QL5-wR-LYt-view-66K-TS-Yoc.nib/objects-12.3\+.nib /var/folders/qq/kn3mb_ls71z640nps5cfm5yw0000gn/T/IDEIPAProcessor.AppThinning.\~\~\~MoDD6h/universal-iphoneos/Payload/retrieverBuyer.app/QBImagePicker.bundle/QBImagePicker.storyboardc/QL5-wR-LYt-view-66K-TS-Yoc.nib/objects-12.3\+.nib
2023-02-11 02:20:31 +0000              copy runtime.nib
2023-02-11 02:20:31 +0000  $ cp /var/folders/qq/kn3mb_ls71z640nps5cfm5yw0000gn/T/XcodeDistPipeline.\~\~\~TYVn0t/Root/Payload/retrieverBuyer.app/QBImagePicker.bundle/QBImagePicker.storyboardc/QL5-wR-LYt-view-66K-TS-Yoc.nib/runtime.nib /var/folders/qq/kn3mb_ls71z640nps5cfm5yw0000gn/T/IDEIPAProcessor.AppThinning.\~\~\~MoDD6h/universal-iphoneos/Payload/retrieverBuyer.app/QBImagePicker.bundle/QBImagePicker.storyboardc/QL5-wR-LYt-view-66K-TS-Yoc.nib/runtime.nib
2023-02-11 02:20:31 +0000            mkdr QiH-NZ-ZGN-view-sD2-zK-ryo.nib/
2023-02-11 02:20:31 +0000  $ mkdir -p /var/folders/qq/kn3mb_ls71z640nps5cfm5yw0000gn/T/IDEIPAProcessor.AppThinning.\~\~\~MoDD6h/universal-iphoneos/Payload/retrieverBuyer.app/QBImagePicker.bundle/QBImagePicker.storyboardc/QiH-NZ-ZGN-view-sD2-zK-ryo.nib
            copy objects-12.3\+.nib
2023-02-11 02:20:31 +0000  $ cp /var/folders/qq/kn3mb_ls71z640nps5cfm5yw0000gn/T/XcodeDistPipeline.\~\~\~TYVn0t/Root/Payload/retrieverBuyer.app/QBImagePicker.bundle/QBImagePicker.storyboardc/QiH-NZ-ZGN-view-sD2-zK-ryo.nib/objects-12.3\+.nib /var/folders/qq/kn3mb_ls71z640nps5cfm5yw0000gn/T/IDEIPAProcessor.AppThinning.\~\~\~MoDD6h/universal-iphoneos/Payload/retrieverBuyer.app/QBImagePicker.bundle/QBImagePicker.storyboardc/QiH-NZ-ZGN-view-sD2-zK-ryo.nib/objects-12.3\+.nib
2023-02-11 02:20:31 +0000              copy runtime.nib
$ cp /var/folders/qq/kn3mb_ls71z640nps5cfm5yw0000gn/T/XcodeDistPipeline.\~\~\~TYVn0t/Root/Payload/retrieverBuyer.app/QBImagePicker.bundle/QBImagePicker.storyboardc/QiH-NZ-ZGN-view-sD2-zK-ryo.nib/runtime.nib /var/folders/qq/kn3mb_ls71z640nps5cfm5yw0000gn/T/IDEIPAProcessor.AppThinning.\~\~\~MoDD6h/universal-iphoneos/Payload/retrieverBuyer.app/QBImagePicker.bundle/QBImagePicker.storyboardc/QiH-NZ-ZGN-view-sD2-zK-ryo.nib/runtime.nib
2023-02-11 02:20:31 +0000          mkdr de.lproj/
2023-02-11 02:20:31 +0000  $ mkdir -p /var/folders/qq/kn3mb_ls71z640nps5cfm5yw0000gn/T/IDEIPAProcessor.AppThinning.\~\~\~MoDD6h/universal-iphoneos/Payload/retrieverBuyer.app/QBImagePicker.bundle/de.lproj
          copy QBImagePicker.strings
2023-02-11 02:20:31 +0000  $ cp /var/folders/qq/kn3mb_ls71z640nps5cfm5yw0000gn/T/XcodeDistPipeline.\~\~\~TYVn0t/Root/Payload/retrieverBuyer.app/QBImagePicker.bundle/de.lproj/QBImagePicker.strings /var/folders/qq/kn3mb_ls71z640nps5cfm5yw0000gn/T/IDEIPAProcessor.AppThinning.\~\~\~MoDD6h/universal-iphoneos/Payload/retrieverBuyer.app/QBImagePicker.bundle/de.lproj/QBImagePicker.strings
2023-02-11 02:20:31 +0000          mkdr en.lproj/
$ mkdir -p /var/folders/qq/kn3mb_ls71z640nps5cfm5yw0000gn/T/IDEIPAProcessor.AppThinning.\~\~\~MoDD6h/universal-iphoneos/Payload/retrieverBuyer.app/QBImagePicker.bundle/en.lproj
2023-02-11 02:20:31 +0000            copy QBImagePicker.strings
$ cp /var/folders/qq/kn3mb_ls71z640nps5cfm5yw0000gn/T/XcodeDistPipeline.\~\~\~TYVn0t/Root/Payload/retrieverBuyer.app/QBImagePicker.bundle/en.lproj/QBImagePicker.strings /var/folders/qq/kn3mb_ls71z640nps5cfm5yw0000gn/T/IDEIPAProcessor.AppThinning.\~\~\~MoDD6h/universal-iphoneos/Payload/retrieverBuyer.app/QBImagePicker.bundle/en.lproj/QBImagePicker.strings
2023-02-11 02:20:31 +0000          mkdr es.lproj/
2023-02-11 02:20:31 +0000  $ mkdir -p /var/folders/qq/kn3mb_ls71z640nps5cfm5yw0000gn/T/IDEIPAProcessor.AppThinning.\~\~\~MoDD6h/universal-iphoneos/Payload/retrieverBuyer.app/QBImagePicker.bundle/es.lproj
          copy QBImagePicker.strings
$ cp /var/folders/qq/kn3mb_ls71z640nps5cfm5yw0000gn/T/XcodeDistPipeline.\~\~\~TYVn0t/Root/Payload/retrieverBuyer.app/QBImagePicker.bundle/es.lproj/QBImagePicker.strings /var/folders/qq/kn3mb_ls71z640nps5cfm5yw0000gn/T/IDEIPAProcessor.AppThinning.\~\~\~MoDD6h/universal-iphoneos/Payload/retrieverBuyer.app/QBImagePicker.bundle/es.lproj/QBImagePicker.strings
2023-02-11 02:20:31 +0000          mkdr fr.lproj/
2023-02-11 02:20:31 +0000  $ mkdir -p /var/folders/qq/kn3mb_ls71z640nps5cfm5yw0000gn/T/IDEIPAProcessor.AppThinning.\~\~\~MoDD6h/universal-iphoneos/Payload/retrieverBuyer.app/QBImagePicker.bundle/fr.lproj
          copy QBImagePicker.strings
2023-02-11 02:20:31 +0000  $ cp /var/folders/qq/kn3mb_ls71z640nps5cfm5yw0000gn/T/XcodeDistPipeline.\~\~\~TYVn0t/Root/Payload/retrieverBuyer.app/QBImagePicker.bundle/fr.lproj/QBImagePicker.strings /var/folders/qq/kn3mb_ls71z640nps5cfm5yw0000gn/T/IDEIPAProcessor.AppThinning.\~\~\~MoDD6h/universal-iphoneos/Payload/retrieverBuyer.app/QBImagePicker.bundle/fr.lproj/QBImagePicker.strings
2023-02-11 02:20:31 +0000          mkdr it.lproj/
2023-02-11 02:20:31 +0000  $ mkdir -p /var/folders/qq/kn3mb_ls71z640nps5cfm5yw0000gn/T/IDEIPAProcessor.AppThinning.\~\~\~MoDD6h/universal-iphoneos/Payload/retrieverBuyer.app/QBImagePicker.bundle/it.lproj
          copy QBImagePicker.strings
$ cp /var/folders/qq/kn3mb_ls71z640nps5cfm5yw0000gn/T/XcodeDistPipeline.\~\~\~TYVn0t/Root/Payload/retrieverBuyer.app/QBImagePicker.bundle/it.lproj/QBImagePicker.strings /var/folders/qq/kn3mb_ls71z640nps5cfm5yw0000gn/T/IDEIPAProcessor.AppThinning.\~\~\~MoDD6h/universal-iphoneos/Payload/retrieverBuyer.app/QBImagePicker.bundle/it.lproj/QBImagePicker.strings
2023-02-11 02:20:31 +0000          mkdr ja.lproj/
2023-02-11 02:20:31 +0000  $ mkdir -p /var/folders/qq/kn3mb_ls71z640nps5cfm5yw0000gn/T/IDEIPAProcessor.AppThinning.\~\~\~MoDD6h/universal-iphoneos/Payload/retrieverBuyer.app/QBImagePicker.bundle/ja.lproj
          copy QBImagePicker.strings
2023-02-11 02:20:31 +0000  $ cp /var/folders/qq/kn3mb_ls71z640nps5cfm5yw0000gn/T/XcodeDistPipeline.\~\~\~TYVn0t/Root/Payload/retrieverBuyer.app/QBImagePicker.bundle/ja.lproj/QBImagePicker.strings /var/folders/qq/kn3mb_ls71z640nps5cfm5yw0000gn/T/IDEIPAProcessor.AppThinning.\~\~\~MoDD6h/universal-iphoneos/Payload/retrieverBuyer.app/QBImagePicker.bundle/ja.lproj/QBImagePicker.strings
2023-02-11 02:20:31 +0000          mkdr ko.lproj/
2023-02-11 02:20:31 +0000  $ mkdir -p /var/folders/qq/kn3mb_ls71z640nps5cfm5yw0000gn/T/IDEIPAProcessor.AppThinning.\~\~\~MoDD6h/universal-iphoneos/Payload/retrieverBuyer.app/QBImagePicker.bundle/ko.lproj
          copy QBImagePicker.strings
$ cp /var/folders/qq/kn3mb_ls71z640nps5cfm5yw0000gn/T/XcodeDistPipeline.\~\~\~TYVn0t/Root/Payload/retrieverBuyer.app/QBImagePicker.bundle/ko.lproj/QBImagePicker.strings /var/folders/qq/kn3mb_ls71z640nps5cfm5yw0000gn/T/IDEIPAProcessor.AppThinning.\~\~\~MoDD6h/universal-iphoneos/Payload/retrieverBuyer.app/QBImagePicker.bundle/ko.lproj/QBImagePicker.strings
2023-02-11 02:20:31 +0000          mkdr nb.lproj/
2023-02-11 02:20:31 +0000  $ mkdir -p /var/folders/qq/kn3mb_ls71z640nps5cfm5yw0000gn/T/IDEIPAProcessor.AppThinning.\~\~\~MoDD6h/universal-iphoneos/Payload/retrieverBuyer.app/QBImagePicker.bundle/nb.lproj
          copy QBImagePicker.strings
2023-02-11 02:20:31 +0000  $ cp /var/folders/qq/kn3mb_ls71z640nps5cfm5yw0000gn/T/XcodeDistPipeline.\~\~\~TYVn0t/Root/Payload/retrieverBuyer.app/QBImagePicker.bundle/nb.lproj/QBImagePicker.strings /var/folders/qq/kn3mb_ls71z640nps5cfm5yw0000gn/T/IDEIPAProcessor.AppThinning.\~\~\~MoDD6h/universal-iphoneos/Payload/retrieverBuyer.app/QBImagePicker.bundle/nb.lproj/QBImagePicker.strings
2023-02-11 02:20:31 +0000          mkdr pl.lproj/
2023-02-11 02:20:31 +0000  $ mkdir -p /var/folders/qq/kn3mb_ls71z640nps5cfm5yw0000gn/T/IDEIPAProcessor.AppThinning.\~\~\~MoDD6h/universal-iphoneos/Payload/retrieverBuyer.app/QBImagePicker.bundle/pl.lproj
          copy QBImagePicker.strings
$ cp /var/folders/qq/kn3mb_ls71z640nps5cfm5yw0000gn/T/XcodeDistPipeline.\~\~\~TYVn0t/Root/Payload/retrieverBuyer.app/QBImagePicker.bundle/pl.lproj/QBImagePicker.strings /var/folders/qq/kn3mb_ls71z640nps5cfm5yw0000gn/T/IDEIPAProcessor.AppThinning.\~\~\~MoDD6h/universal-iphoneos/Payload/retrieverBuyer.app/QBImagePicker.bundle/pl.lproj/QBImagePicker.strings
2023-02-11 02:20:31 +0000          mkdr pt.lproj/
2023-02-11 02:20:31 +0000  $ mkdir -p /var/folders/qq/kn3mb_ls71z640nps5cfm5yw0000gn/T/IDEIPAProcessor.AppThinning.\~\~\~MoDD6h/universal-iphoneos/Payload/retrieverBuyer.app/QBImagePicker.bundle/pt.lproj
          copy QBImagePicker.strings
$ cp /var/folders/qq/kn3mb_ls71z640nps5cfm5yw0000gn/T/XcodeDistPipeline.\~\~\~TYVn0t/Root/Payload/retrieverBuyer.app/QBImagePicker.bundle/pt.lproj/QBImagePicker.strings /var/folders/qq/kn3mb_ls71z640nps5cfm5yw0000gn/T/IDEIPAProcessor.AppThinning.\~\~\~MoDD6h/universal-iphoneos/Payload/retrieverBuyer.app/QBImagePicker.bundle/pt.lproj/QBImagePicker.strings
2023-02-11 02:20:31 +0000          mkdr ro.lproj/
2023-02-11 02:20:31 +0000  $ mkdir -p /var/folders/qq/kn3mb_ls71z640nps5cfm5yw0000gn/T/IDEIPAProcessor.AppThinning.\~\~\~MoDD6h/universal-iphoneos/Payload/retrieverBuyer.app/QBImagePicker.bundle/ro.lproj
          copy QBImagePicker.strings
$ cp /var/folders/qq/kn3mb_ls71z640nps5cfm5yw0000gn/T/XcodeDistPipeline.\~\~\~TYVn0t/Root/Payload/retrieverBuyer.app/QBImagePicker.bundle/ro.lproj/QBImagePicker.strings /var/folders/qq/kn3mb_ls71z640nps5cfm5yw0000gn/T/IDEIPAProcessor.AppThinning.\~\~\~MoDD6h/universal-iphoneos/Payload/retrieverBuyer.app/QBImagePicker.bundle/ro.lproj/QBImagePicker.strings
2023-02-11 02:20:31 +0000          mkdr ru.lproj/
2023-02-11 02:20:31 +0000  $ mkdir -p /var/folders/qq/kn3mb_ls71z640nps5cfm5yw0000gn/T/IDEIPAProcessor.AppThinning.\~\~\~MoDD6h/universal-iphoneos/Payload/retrieverBuyer.app/QBImagePicker.bundle/ru.lproj
          copy QBImagePicker.strings
2023-02-11 02:20:31 +0000  $ cp /var/folders/qq/kn3mb_ls71z640nps5cfm5yw0000gn/T/XcodeDistPipeline.\~\~\~TYVn0t/Root/Payload/retrieverBuyer.app/QBImagePicker.bundle/ru.lproj/QBImagePicker.strings /var/folders/qq/kn3mb_ls71z640nps5cfm5yw0000gn/T/IDEIPAProcessor.AppThinning.\~\~\~MoDD6h/universal-iphoneos/Payload/retrieverBuyer.app/QBImagePicker.bundle/ru.lproj/QBImagePicker.strings
2023-02-11 02:20:31 +0000          mkdr sv.lproj/
2023-02-11 02:20:31 +0000  $ mkdir -p /var/folders/qq/kn3mb_ls71z640nps5cfm5yw0000gn/T/IDEIPAProcessor.AppThinning.\~\~\~MoDD6h/universal-iphoneos/Payload/retrieverBuyer.app/QBImagePicker.bundle/sv.lproj
          copy QBImagePicker.strings
$ cp /var/folders/qq/kn3mb_ls71z640nps5cfm5yw0000gn/T/XcodeDistPipeline.\~\~\~TYVn0t/Root/Payload/retrieverBuyer.app/QBImagePicker.bundle/sv.lproj/QBImagePicker.strings /var/folders/qq/kn3mb_ls71z640nps5cfm5yw0000gn/T/IDEIPAProcessor.AppThinning.\~\~\~MoDD6h/universal-iphoneos/Payload/retrieverBuyer.app/QBImagePicker.bundle/sv.lproj/QBImagePicker.strings
2023-02-11 02:20:31 +0000          mkdr tr.lproj/
2023-02-11 02:20:31 +0000  $ mkdir -p /var/folders/qq/kn3mb_ls71z640nps5cfm5yw0000gn/T/IDEIPAProcessor.AppThinning.\~\~\~MoDD6h/universal-iphoneos/Payload/retrieverBuyer.app/QBImagePicker.bundle/tr.lproj
2023-02-11 02:20:31 +0000            copy QBImagePicker.strings
$ cp /var/folders/qq/kn3mb_ls71z640nps5cfm5yw0000gn/T/XcodeDistPipeline.\~\~\~TYVn0t/Root/Payload/retrieverBuyer.app/QBImagePicker.bundle/tr.lproj/QBImagePicker.strings /var/folders/qq/kn3mb_ls71z640nps5cfm5yw0000gn/T/IDEIPAProcessor.AppThinning.\~\~\~MoDD6h/universal-iphoneos/Payload/retrieverBuyer.app/QBImagePicker.bundle/tr.lproj/QBImagePicker.strings
2023-02-11 02:20:31 +0000          mkdr uk.lproj/
2023-02-11 02:20:31 +0000  $ mkdir -p /var/folders/qq/kn3mb_ls71z640nps5cfm5yw0000gn/T/IDEIPAProcessor.AppThinning.\~\~\~MoDD6h/universal-iphoneos/Payload/retrieverBuyer.app/QBImagePicker.bundle/uk.lproj
          copy QBImagePicker.strings
2023-02-11 02:20:31 +0000  $ cp /var/folders/qq/kn3mb_ls71z640nps5cfm5yw0000gn/T/XcodeDistPipeline.\~\~\~TYVn0t/Root/Payload/retrieverBuyer.app/QBImagePicker.bundle/uk.lproj/QBImagePicker.strings /var/folders/qq/kn3mb_ls71z640nps5cfm5yw0000gn/T/IDEIPAProcessor.AppThinning.\~\~\~MoDD6h/universal-iphoneos/Payload/retrieverBuyer.app/QBImagePicker.bundle/uk.lproj/QBImagePicker.strings
2023-02-11 02:20:31 +0000          mkdr vi.lproj/
2023-02-11 02:20:31 +0000  $ mkdir -p /var/folders/qq/kn3mb_ls71z640nps5cfm5yw0000gn/T/IDEIPAProcessor.AppThinning.\~\~\~MoDD6h/universal-iphoneos/Payload/retrieverBuyer.app/QBImagePicker.bundle/vi.lproj
          copy QBImagePicker.strings
$ cp /var/folders/qq/kn3mb_ls71z640nps5cfm5yw0000gn/T/XcodeDistPipeline.\~\~\~TYVn0t/Root/Payload/retrieverBuyer.app/QBImagePicker.bundle/vi.lproj/QBImagePicker.strings /var/folders/qq/kn3mb_ls71z640nps5cfm5yw0000gn/T/IDEIPAProcessor.AppThinning.\~\~\~MoDD6h/universal-iphoneos/Payload/retrieverBuyer.app/QBImagePicker.bundle/vi.lproj/QBImagePicker.strings
2023-02-11 02:20:31 +0000          mkdr zh-Hans.lproj/
$ mkdir -p /var/folders/qq/kn3mb_ls71z640nps5cfm5yw0000gn/T/IDEIPAProcessor.AppThinning.\~\~\~MoDD6h/universal-iphoneos/Payload/retrieverBuyer.app/QBImagePicker.bundle/zh-Hans.lproj
2023-02-11 02:20:31 +0000            copy QBImagePicker.strings
$ cp /var/folders/qq/kn3mb_ls71z640nps5cfm5yw0000gn/T/XcodeDistPipeline.\~\~\~TYVn0t/Root/Payload/retrieverBuyer.app/QBImagePicker.bundle/zh-Hans.lproj/QBImagePicker.strings /var/folders/qq/kn3mb_ls71z640nps5cfm5yw0000gn/T/IDEIPAProcessor.AppThinning.\~\~\~MoDD6h/universal-iphoneos/Payload/retrieverBuyer.app/QBImagePicker.bundle/zh-Hans.lproj/QBImagePicker.strings
2023-02-11 02:20:31 +0000          mkdr zh-Hant.lproj/
2023-02-11 02:20:31 +0000  $ mkdir -p /var/folders/qq/kn3mb_ls71z640nps5cfm5yw0000gn/T/IDEIPAProcessor.AppThinning.\~\~\~MoDD6h/universal-iphoneos/Payload/retrieverBuyer.app/QBImagePicker.bundle/zh-Hant.lproj
          copy QBImagePicker.strings
$ cp /var/folders/qq/kn3mb_ls71z640nps5cfm5yw0000gn/T/XcodeDistPipeline.\~\~\~TYVn0t/Root/Payload/retrieverBuyer.app/QBImagePicker.bundle/zh-Hant.lproj/QBImagePicker.strings /var/folders/qq/kn3mb_ls71z640nps5cfm5yw0000gn/T/IDEIPAProcessor.AppThinning.\~\~\~MoDD6h/universal-iphoneos/Payload/retrieverBuyer.app/QBImagePicker.bundle/zh-Hant.lproj/QBImagePicker.strings
2023-02-11 02:20:31 +0000        copy SimpleLineIcons.ttf
2023-02-11 02:20:31 +0000  $ cp /var/folders/qq/kn3mb_ls71z640nps5cfm5yw0000gn/T/XcodeDistPipeline.\~\~\~TYVn0t/Root/Payload/retrieverBuyer.app/SimpleLineIcons.ttf /var/folders/qq/kn3mb_ls71z640nps5cfm5yw0000gn/T/IDEIPAProcessor.AppThinning.\~\~\~MoDD6h/universal-iphoneos/Payload/retrieverBuyer.app/SimpleLineIcons.ttf
2023-02-11 02:20:31 +0000        bndl TOCropViewControllerBundle.bundle (iphoneos)
$ mkdir -p /var/folders/qq/kn3mb_ls71z640nps5cfm5yw0000gn/T/IDEIPAProcessor.AppThinning.\~\~\~MoDD6h/universal-iphoneos/Payload/retrieverBuyer.app/TOCropViewControllerBundle.bundle
2023-02-11 02:20:31 +0000          mkdr Base.lproj/
$ mkdir -p /var/folders/qq/kn3mb_ls71z640nps5cfm5yw0000gn/T/IDEIPAProcessor.AppThinning.\~\~\~MoDD6h/universal-iphoneos/Payload/retrieverBuyer.app/TOCropViewControllerBundle.bundle/Base.lproj
          copy TOCropViewControllerLocalizable.strings
2023-02-11 02:20:31 +0000  $ cp /var/folders/qq/kn3mb_ls71z640nps5cfm5yw0000gn/T/XcodeDistPipeline.\~\~\~TYVn0t/Root/Payload/retrieverBuyer.app/TOCropViewControllerBundle.bundle/Base.lproj/TOCropViewControllerLocalizable.strings /var/folders/qq/kn3mb_ls71z640nps5cfm5yw0000gn/T/IDEIPAProcessor.AppThinning.\~\~\~MoDD6h/universal-iphoneos/Payload/retrieverBuyer.app/TOCropViewControllerBundle.bundle/Base.lproj/TOCropViewControllerLocalizable.strings
2023-02-11 02:20:31 +0000          copy Info.plist
$ cp /var/folders/qq/kn3mb_ls71z640nps5cfm5yw0000gn/T/XcodeDistPipeline.\~\~\~TYVn0t/Root/Payload/retrieverBuyer.app/TOCropViewControllerBundle.bundle/Info.plist /var/folders/qq/kn3mb_ls71z640nps5cfm5yw0000gn/T/IDEIPAProcessor.AppThinning.\~\~\~MoDD6h/universal-iphoneos/Payload/retrieverBuyer.app/TOCropViewControllerBundle.bundle/Info.plist
2023-02-11 02:20:31 +0000          mkdr ar.lproj/
2023-02-11 02:20:31 +0000  $ mkdir -p /var/folders/qq/kn3mb_ls71z640nps5cfm5yw0000gn/T/IDEIPAProcessor.AppThinning.\~\~\~MoDD6h/universal-iphoneos/Payload/retrieverBuyer.app/TOCropViewControllerBundle.bundle/ar.lproj
          copy TOCropViewControllerLocalizable.strings
$ cp /var/folders/qq/kn3mb_ls71z640nps5cfm5yw0000gn/T/XcodeDistPipeline.\~\~\~TYVn0t/Root/Payload/retrieverBuyer.app/TOCropViewControllerBundle.bundle/ar.lproj/TOCropViewControllerLocalizable.strings /var/folders/qq/kn3mb_ls71z640nps5cfm5yw0000gn/T/IDEIPAProcessor.AppThinning.\~\~\~MoDD6h/universal-iphoneos/Payload/retrieverBuyer.app/TOCropViewControllerBundle.bundle/ar.lproj/TOCropViewControllerLocalizable.strings
2023-02-11 02:20:31 +0000          mkdr ca.lproj/
2023-02-11 02:20:31 +0000  $ mkdir -p /var/folders/qq/kn3mb_ls71z640nps5cfm5yw0000gn/T/IDEIPAProcessor.AppThinning.\~\~\~MoDD6h/universal-iphoneos/Payload/retrieverBuyer.app/TOCropViewControllerBundle.bundle/ca.lproj
          copy TOCropViewControllerLocalizable.strings
$ cp /var/folders/qq/kn3mb_ls71z640nps5cfm5yw0000gn/T/XcodeDistPipeline.\~\~\~TYVn0t/Root/Payload/retrieverBuyer.app/TOCropViewControllerBundle.bundle/ca.lproj/TOCropViewControllerLocalizable.strings /var/folders/qq/kn3mb_ls71z640nps5cfm5yw0000gn/T/IDEIPAProcessor.AppThinning.\~\~\~MoDD6h/universal-iphoneos/Payload/retrieverBuyer.app/TOCropViewControllerBundle.bundle/ca.lproj/TOCropViewControllerLocalizable.strings
2023-02-11 02:20:31 +0000          mkdr cs.lproj/
$ mkdir -p /var/folders/qq/kn3mb_ls71z640nps5cfm5yw0000gn/T/IDEIPAProcessor.AppThinning.\~\~\~MoDD6h/universal-iphoneos/Payload/retrieverBuyer.app/TOCropViewControllerBundle.bundle/cs.lproj
2023-02-11 02:20:31 +0000            copy TOCropViewControllerLocalizable.strings
$ cp /var/folders/qq/kn3mb_ls71z640nps5cfm5yw0000gn/T/XcodeDistPipeline.\~\~\~TYVn0t/Root/Payload/retrieverBuyer.app/TOCropViewControllerBundle.bundle/cs.lproj/TOCropViewControllerLocalizable.strings /var/folders/qq/kn3mb_ls71z640nps5cfm5yw0000gn/T/IDEIPAProcessor.AppThinning.\~\~\~MoDD6h/universal-iphoneos/Payload/retrieverBuyer.app/TOCropViewControllerBundle.bundle/cs.lproj/TOCropViewControllerLocalizable.strings
2023-02-11 02:20:31 +0000          mkdr da-DK.lproj/
2023-02-11 02:20:31 +0000  $ mkdir -p /var/folders/qq/kn3mb_ls71z640nps5cfm5yw0000gn/T/IDEIPAProcessor.AppThinning.\~\~\~MoDD6h/universal-iphoneos/Payload/retrieverBuyer.app/TOCropViewControllerBundle.bundle/da-DK.lproj
          copy TOCropViewControllerLocalizable.strings
$ cp /var/folders/qq/kn3mb_ls71z640nps5cfm5yw0000gn/T/XcodeDistPipeline.\~\~\~TYVn0t/Root/Payload/retrieverBuyer.app/TOCropViewControllerBundle.bundle/da-DK.lproj/TOCropViewControllerLocalizable.strings /var/folders/qq/kn3mb_ls71z640nps5cfm5yw0000gn/T/IDEIPAProcessor.AppThinning.\~\~\~MoDD6h/universal-iphoneos/Payload/retrieverBuyer.app/TOCropViewControllerBundle.bundle/da-DK.lproj/TOCropViewControllerLocalizable.strings
2023-02-11 02:20:31 +0000          mkdr de.lproj/
$ mkdir -p /var/folders/qq/kn3mb_ls71z640nps5cfm5yw0000gn/T/IDEIPAProcessor.AppThinning.\~\~\~MoDD6h/universal-iphoneos/Payload/retrieverBuyer.app/TOCropViewControllerBundle.bundle/de.lproj
2023-02-11 02:20:31 +0000            copy TOCropViewControllerLocalizable.strings
$ cp /var/folders/qq/kn3mb_ls71z640nps5cfm5yw0000gn/T/XcodeDistPipeline.\~\~\~TYVn0t/Root/Payload/retrieverBuyer.app/TOCropViewControllerBundle.bundle/de.lproj/TOCropViewControllerLocalizable.strings /var/folders/qq/kn3mb_ls71z640nps5cfm5yw0000gn/T/IDEIPAProcessor.AppThinning.\~\~\~MoDD6h/universal-iphoneos/Payload/retrieverBuyer.app/TOCropViewControllerBundle.bundle/de.lproj/TOCropViewControllerLocalizable.strings
2023-02-11 02:20:31 +0000          mkdr en.lproj/
2023-02-11 02:20:31 +0000  $ mkdir -p /var/folders/qq/kn3mb_ls71z640nps5cfm5yw0000gn/T/IDEIPAProcessor.AppThinning.\~\~\~MoDD6h/universal-iphoneos/Payload/retrieverBuyer.app/TOCropViewControllerBundle.bundle/en.lproj
          copy TOCropViewControllerLocalizable.strings
$ cp /var/folders/qq/kn3mb_ls71z640nps5cfm5yw0000gn/T/XcodeDistPipeline.\~\~\~TYVn0t/Root/Payload/retrieverBuyer.app/TOCropViewControllerBundle.bundle/en.lproj/TOCropViewControllerLocalizable.strings /var/folders/qq/kn3mb_ls71z640nps5cfm5yw0000gn/T/IDEIPAProcessor.AppThinning.\~\~\~MoDD6h/universal-iphoneos/Payload/retrieverBuyer.app/TOCropViewControllerBundle.bundle/en.lproj/TOCropViewControllerLocalizable.strings
2023-02-11 02:20:31 +0000          mkdr es.lproj/
2023-02-11 02:20:31 +0000  $ mkdir -p /var/folders/qq/kn3mb_ls71z640nps5cfm5yw0000gn/T/IDEIPAProcessor.AppThinning.\~\~\~MoDD6h/universal-iphoneos/Payload/retrieverBuyer.app/TOCropViewControllerBundle.bundle/es.lproj
          copy TOCropViewControllerLocalizable.strings
$ cp /var/folders/qq/kn3mb_ls71z640nps5cfm5yw0000gn/T/XcodeDistPipeline.\~\~\~TYVn0t/Root/Payload/retrieverBuyer.app/TOCropViewControllerBundle.bundle/es.lproj/TOCropViewControllerLocalizable.strings /var/folders/qq/kn3mb_ls71z640nps5cfm5yw0000gn/T/IDEIPAProcessor.AppThinning.\~\~\~MoDD6h/universal-iphoneos/Payload/retrieverBuyer.app/TOCropViewControllerBundle.bundle/es.lproj/TOCropViewControllerLocalizable.strings
2023-02-11 02:20:31 +0000          mkdr fa-IR.lproj/
2023-02-11 02:20:31 +0000  $ mkdir -p /var/folders/qq/kn3mb_ls71z640nps5cfm5yw0000gn/T/IDEIPAProcessor.AppThinning.\~\~\~MoDD6h/universal-iphoneos/Payload/retrieverBuyer.app/TOCropViewControllerBundle.bundle/fa-IR.lproj
          copy TOCropViewControllerLocalizable.strings
$ cp /var/folders/qq/kn3mb_ls71z640nps5cfm5yw0000gn/T/XcodeDistPipeline.\~\~\~TYVn0t/Root/Payload/retrieverBuyer.app/TOCropViewControllerBundle.bundle/fa-IR.lproj/TOCropViewControllerLocalizable.strings /var/folders/qq/kn3mb_ls71z640nps5cfm5yw0000gn/T/IDEIPAProcessor.AppThinning.\~\~\~MoDD6h/universal-iphoneos/Payload/retrieverBuyer.app/TOCropViewControllerBundle.bundle/fa-IR.lproj/TOCropViewControllerLocalizable.strings
2023-02-11 02:20:31 +0000          mkdr fa.lproj/
2023-02-11 02:20:31 +0000  $ mkdir -p /var/folders/qq/kn3mb_ls71z640nps5cfm5yw0000gn/T/IDEIPAProcessor.AppThinning.\~\~\~MoDD6h/universal-iphoneos/Payload/retrieverBuyer.app/TOCropViewControllerBundle.bundle/fa.lproj
          copy TOCropViewControllerLocalizable.strings
$ cp /var/folders/qq/kn3mb_ls71z640nps5cfm5yw0000gn/T/XcodeDistPipeline.\~\~\~TYVn0t/Root/Payload/retrieverBuyer.app/TOCropViewControllerBundle.bundle/fa.lproj/TOCropViewControllerLocalizable.strings /var/folders/qq/kn3mb_ls71z640nps5cfm5yw0000gn/T/IDEIPAProcessor.AppThinning.\~\~\~MoDD6h/universal-iphoneos/Payload/retrieverBuyer.app/TOCropViewControllerBundle.bundle/fa.lproj/TOCropViewControllerLocalizable.strings
2023-02-11 02:20:31 +0000          mkdr fi.lproj/
2023-02-11 02:20:31 +0000  $ mkdir -p /var/folders/qq/kn3mb_ls71z640nps5cfm5yw0000gn/T/IDEIPAProcessor.AppThinning.\~\~\~MoDD6h/universal-iphoneos/Payload/retrieverBuyer.app/TOCropViewControllerBundle.bundle/fi.lproj
          copy TOCropViewControllerLocalizable.strings
$ cp /var/folders/qq/kn3mb_ls71z640nps5cfm5yw0000gn/T/XcodeDistPipeline.\~\~\~TYVn0t/Root/Payload/retrieverBuyer.app/TOCropViewControllerBundle.bundle/fi.lproj/TOCropViewControllerLocalizable.strings /var/folders/qq/kn3mb_ls71z640nps5cfm5yw0000gn/T/IDEIPAProcessor.AppThinning.\~\~\~MoDD6h/universal-iphoneos/Payload/retrieverBuyer.app/TOCropViewControllerBundle.bundle/fi.lproj/TOCropViewControllerLocalizable.strings
2023-02-11 02:20:31 +0000          mkdr fr.lproj/
2023-02-11 02:20:31 +0000  $ mkdir -p /var/folders/qq/kn3mb_ls71z640nps5cfm5yw0000gn/T/IDEIPAProcessor.AppThinning.\~\~\~MoDD6h/universal-iphoneos/Payload/retrieverBuyer.app/TOCropViewControllerBundle.bundle/fr.lproj
          copy TOCropViewControllerLocalizable.strings
$ cp /var/folders/qq/kn3mb_ls71z640nps5cfm5yw0000gn/T/XcodeDistPipeline.\~\~\~TYVn0t/Root/Payload/retrieverBuyer.app/TOCropViewControllerBundle.bundle/fr.lproj/TOCropViewControllerLocalizable.strings /var/folders/qq/kn3mb_ls71z640nps5cfm5yw0000gn/T/IDEIPAProcessor.AppThinning.\~\~\~MoDD6h/universal-iphoneos/Payload/retrieverBuyer.app/TOCropViewControllerBundle.bundle/fr.lproj/TOCropViewControllerLocalizable.strings
2023-02-11 02:20:31 +0000          mkdr hu.lproj/
2023-02-11 02:20:31 +0000  $ mkdir -p /var/folders/qq/kn3mb_ls71z640nps5cfm5yw0000gn/T/IDEIPAProcessor.AppThinning.\~\~\~MoDD6h/universal-iphoneos/Payload/retrieverBuyer.app/TOCropViewControllerBundle.bundle/hu.lproj
          copy TOCropViewControllerLocalizable.strings
$ cp /var/folders/qq/kn3mb_ls71z640nps5cfm5yw0000gn/T/XcodeDistPipeline.\~\~\~TYVn0t/Root/Payload/retrieverBuyer.app/TOCropViewControllerBundle.bundle/hu.lproj/TOCropViewControllerLocalizable.strings /var/folders/qq/kn3mb_ls71z640nps5cfm5yw0000gn/T/IDEIPAProcessor.AppThinning.\~\~\~MoDD6h/universal-iphoneos/Payload/retrieverBuyer.app/TOCropViewControllerBundle.bundle/hu.lproj/TOCropViewControllerLocalizable.strings
2023-02-11 02:20:31 +0000          mkdr id.lproj/
2023-02-11 02:20:31 +0000  $ mkdir -p /var/folders/qq/kn3mb_ls71z640nps5cfm5yw0000gn/T/IDEIPAProcessor.AppThinning.\~\~\~MoDD6h/universal-iphoneos/Payload/retrieverBuyer.app/TOCropViewControllerBundle.bundle/id.lproj
          copy TOCropViewControllerLocalizable.strings
2023-02-11 02:20:31 +0000  $ cp /var/folders/qq/kn3mb_ls71z640nps5cfm5yw0000gn/T/XcodeDistPipeline.\~\~\~TYVn0t/Root/Payload/retrieverBuyer.app/TOCropViewControllerBundle.bundle/id.lproj/TOCropViewControllerLocalizable.strings /var/folders/qq/kn3mb_ls71z640nps5cfm5yw0000gn/T/IDEIPAProcessor.AppThinning.\~\~\~MoDD6h/universal-iphoneos/Payload/retrieverBuyer.app/TOCropViewControllerBundle.bundle/id.lproj/TOCropViewControllerLocalizable.strings
2023-02-11 02:20:31 +0000          mkdr it.lproj/
2023-02-11 02:20:31 +0000  $ mkdir -p /var/folders/qq/kn3mb_ls71z640nps5cfm5yw0000gn/T/IDEIPAProcessor.AppThinning.\~\~\~MoDD6h/universal-iphoneos/Payload/retrieverBuyer.app/TOCropViewControllerBundle.bundle/it.lproj
          copy TOCropViewControllerLocalizable.strings
$ cp /var/folders/qq/kn3mb_ls71z640nps5cfm5yw0000gn/T/XcodeDistPipeline.\~\~\~TYVn0t/Root/Payload/retrieverBuyer.app/TOCropViewControllerBundle.bundle/it.lproj/TOCropViewControllerLocalizable.strings /var/folders/qq/kn3mb_ls71z640nps5cfm5yw0000gn/T/IDEIPAProcessor.AppThinning.\~\~\~MoDD6h/universal-iphoneos/Payload/retrieverBuyer.app/TOCropViewControllerBundle.bundle/it.lproj/TOCropViewControllerLocalizable.strings
2023-02-11 02:20:31 +0000          mkdr ja.lproj/
2023-02-11 02:20:31 +0000  $ mkdir -p /var/folders/qq/kn3mb_ls71z640nps5cfm5yw0000gn/T/IDEIPAProcessor.AppThinning.\~\~\~MoDD6h/universal-iphoneos/Payload/retrieverBuyer.app/TOCropViewControllerBundle.bundle/ja.lproj
          copy TOCropViewControllerLocalizable.strings
$ cp /var/folders/qq/kn3mb_ls71z640nps5cfm5yw0000gn/T/XcodeDistPipeline.\~\~\~TYVn0t/Root/Payload/retrieverBuyer.app/TOCropViewControllerBundle.bundle/ja.lproj/TOCropViewControllerLocalizable.strings /var/folders/qq/kn3mb_ls71z640nps5cfm5yw0000gn/T/IDEIPAProcessor.AppThinning.\~\~\~MoDD6h/universal-iphoneos/Payload/retrieverBuyer.app/TOCropViewControllerBundle.bundle/ja.lproj/TOCropViewControllerLocalizable.strings
2023-02-11 02:20:31 +0000          mkdr ko.lproj/
2023-02-11 02:20:31 +0000  $ mkdir -p /var/folders/qq/kn3mb_ls71z640nps5cfm5yw0000gn/T/IDEIPAProcessor.AppThinning.\~\~\~MoDD6h/universal-iphoneos/Payload/retrieverBuyer.app/TOCropViewControllerBundle.bundle/ko.lproj
          copy TOCropViewControllerLocalizable.strings
$ cp /var/folders/qq/kn3mb_ls71z640nps5cfm5yw0000gn/T/XcodeDistPipeline.\~\~\~TYVn0t/Root/Payload/retrieverBuyer.app/TOCropViewControllerBundle.bundle/ko.lproj/TOCropViewControllerLocalizable.strings /var/folders/qq/kn3mb_ls71z640nps5cfm5yw0000gn/T/IDEIPAProcessor.AppThinning.\~\~\~MoDD6h/universal-iphoneos/Payload/retrieverBuyer.app/TOCropViewControllerBundle.bundle/ko.lproj/TOCropViewControllerLocalizable.strings
2023-02-11 02:20:31 +0000          mkdr ms.lproj/
2023-02-11 02:20:31 +0000  $ mkdir -p /var/folders/qq/kn3mb_ls71z640nps5cfm5yw0000gn/T/IDEIPAProcessor.AppThinning.\~\~\~MoDD6h/universal-iphoneos/Payload/retrieverBuyer.app/TOCropViewControllerBundle.bundle/ms.lproj
          copy TOCropViewControllerLocalizable.strings
$ cp /var/folders/qq/kn3mb_ls71z640nps5cfm5yw0000gn/T/XcodeDistPipeline.\~\~\~TYVn0t/Root/Payload/retrieverBuyer.app/TOCropViewControllerBundle.bundle/ms.lproj/TOCropViewControllerLocalizable.strings /var/folders/qq/kn3mb_ls71z640nps5cfm5yw0000gn/T/IDEIPAProcessor.AppThinning.\~\~\~MoDD6h/universal-iphoneos/Payload/retrieverBuyer.app/TOCropViewControllerBundle.bundle/ms.lproj/TOCropViewControllerLocalizable.strings
2023-02-11 02:20:31 +0000          mkdr nl.lproj/
2023-02-11 02:20:31 +0000  $ mkdir -p /var/folders/qq/kn3mb_ls71z640nps5cfm5yw0000gn/T/IDEIPAProcessor.AppThinning.\~\~\~MoDD6h/universal-iphoneos/Payload/retrieverBuyer.app/TOCropViewControllerBundle.bundle/nl.lproj
          copy TOCropViewControllerLocalizable.strings
$ cp /var/folders/qq/kn3mb_ls71z640nps5cfm5yw0000gn/T/XcodeDistPipeline.\~\~\~TYVn0t/Root/Payload/retrieverBuyer.app/TOCropViewControllerBundle.bundle/nl.lproj/TOCropViewControllerLocalizable.strings /var/folders/qq/kn3mb_ls71z640nps5cfm5yw0000gn/T/IDEIPAProcessor.AppThinning.\~\~\~MoDD6h/universal-iphoneos/Payload/retrieverBuyer.app/TOCropViewControllerBundle.bundle/nl.lproj/TOCropViewControllerLocalizable.strings
2023-02-11 02:20:31 +0000          mkdr pl.lproj/
2023-02-11 02:20:31 +0000  $ mkdir -p /var/folders/qq/kn3mb_ls71z640nps5cfm5yw0000gn/T/IDEIPAProcessor.AppThinning.\~\~\~MoDD6h/universal-iphoneos/Payload/retrieverBuyer.app/TOCropViewControllerBundle.bundle/pl.lproj
          copy TOCropViewControllerLocalizable.strings
$ cp /var/folders/qq/kn3mb_ls71z640nps5cfm5yw0000gn/T/XcodeDistPipeline.\~\~\~TYVn0t/Root/Payload/retrieverBuyer.app/TOCropViewControllerBundle.bundle/pl.lproj/TOCropViewControllerLocalizable.strings /var/folders/qq/kn3mb_ls71z640nps5cfm5yw0000gn/T/IDEIPAProcessor.AppThinning.\~\~\~MoDD6h/universal-iphoneos/Payload/retrieverBuyer.app/TOCropViewControllerBundle.bundle/pl.lproj/TOCropViewControllerLocalizable.strings
2023-02-11 02:20:31 +0000          mkdr pt-BR.lproj/
2023-02-11 02:20:31 +0000  $ mkdir -p /var/folders/qq/kn3mb_ls71z640nps5cfm5yw0000gn/T/IDEIPAProcessor.AppThinning.\~\~\~MoDD6h/universal-iphoneos/Payload/retrieverBuyer.app/TOCropViewControllerBundle.bundle/pt-BR.lproj
          copy TOCropViewControllerLocalizable.strings
$ cp /var/folders/qq/kn3mb_ls71z640nps5cfm5yw0000gn/T/XcodeDistPipeline.\~\~\~TYVn0t/Root/Payload/retrieverBuyer.app/TOCropViewControllerBundle.bundle/pt-BR.lproj/TOCropViewControllerLocalizable.strings /var/folders/qq/kn3mb_ls71z640nps5cfm5yw0000gn/T/IDEIPAProcessor.AppThinning.\~\~\~MoDD6h/universal-iphoneos/Payload/retrieverBuyer.app/TOCropViewControllerBundle.bundle/pt-BR.lproj/TOCropViewControllerLocalizable.strings
2023-02-11 02:20:31 +0000          mkdr pt.lproj/
2023-02-11 02:20:31 +0000  $ mkdir -p /var/folders/qq/kn3mb_ls71z640nps5cfm5yw0000gn/T/IDEIPAProcessor.AppThinning.\~\~\~MoDD6h/universal-iphoneos/Payload/retrieverBuyer.app/TOCropViewControllerBundle.bundle/pt.lproj
          copy TOCropViewControllerLocalizable.strings
$ cp /var/folders/qq/kn3mb_ls71z640nps5cfm5yw0000gn/T/XcodeDistPipeline.\~\~\~TYVn0t/Root/Payload/retrieverBuyer.app/TOCropViewControllerBundle.bundle/pt.lproj/TOCropViewControllerLocalizable.strings /var/folders/qq/kn3mb_ls71z640nps5cfm5yw0000gn/T/IDEIPAProcessor.AppThinning.\~\~\~MoDD6h/universal-iphoneos/Payload/retrieverBuyer.app/TOCropViewControllerBundle.bundle/pt.lproj/TOCropViewControllerLocalizable.strings
2023-02-11 02:20:31 +0000          mkdr ro.lproj/
2023-02-11 02:20:31 +0000  $ mkdir -p /var/folders/qq/kn3mb_ls71z640nps5cfm5yw0000gn/T/IDEIPAProcessor.AppThinning.\~\~\~MoDD6h/universal-iphoneos/Payload/retrieverBuyer.app/TOCropViewControllerBundle.bundle/ro.lproj
          copy TOCropViewControllerLocalizable.strings
$ cp /var/folders/qq/kn3mb_ls71z640nps5cfm5yw0000gn/T/XcodeDistPipeline.\~\~\~TYVn0t/Root/Payload/retrieverBuyer.app/TOCropViewControllerBundle.bundle/ro.lproj/TOCropViewControllerLocalizable.strings /var/folders/qq/kn3mb_ls71z640nps5cfm5yw0000gn/T/IDEIPAProcessor.AppThinning.\~\~\~MoDD6h/universal-iphoneos/Payload/retrieverBuyer.app/TOCropViewControllerBundle.bundle/ro.lproj/TOCropViewControllerLocalizable.strings
2023-02-11 02:20:31 +0000          mkdr ru.lproj/
2023-02-11 02:20:31 +0000  $ mkdir -p /var/folders/qq/kn3mb_ls71z640nps5cfm5yw0000gn/T/IDEIPAProcessor.AppThinning.\~\~\~MoDD6h/universal-iphoneos/Payload/retrieverBuyer.app/TOCropViewControllerBundle.bundle/ru.lproj
          copy TOCropViewControllerLocalizable.strings
$ cp /var/folders/qq/kn3mb_ls71z640nps5cfm5yw0000gn/T/XcodeDistPipeline.\~\~\~TYVn0t/Root/Payload/retrieverBuyer.app/TOCropViewControllerBundle.bundle/ru.lproj/TOCropViewControllerLocalizable.strings /var/folders/qq/kn3mb_ls71z640nps5cfm5yw0000gn/T/IDEIPAProcessor.AppThinning.\~\~\~MoDD6h/universal-iphoneos/Payload/retrieverBuyer.app/TOCropViewControllerBundle.bundle/ru.lproj/TOCropViewControllerLocalizable.strings
2023-02-11 02:20:31 +0000          mkdr sk.lproj/
2023-02-11 02:20:31 +0000  $ mkdir -p /var/folders/qq/kn3mb_ls71z640nps5cfm5yw0000gn/T/IDEIPAProcessor.AppThinning.\~\~\~MoDD6h/universal-iphoneos/Payload/retrieverBuyer.app/TOCropViewControllerBundle.bundle/sk.lproj
          copy TOCropViewControllerLocalizable.strings
$ cp /var/folders/qq/kn3mb_ls71z640nps5cfm5yw0000gn/T/XcodeDistPipeline.\~\~\~TYVn0t/Root/Payload/retrieverBuyer.app/TOCropViewControllerBundle.bundle/sk.lproj/TOCropViewControllerLocalizable.strings /var/folders/qq/kn3mb_ls71z640nps5cfm5yw0000gn/T/IDEIPAProcessor.AppThinning.\~\~\~MoDD6h/universal-iphoneos/Payload/retrieverBuyer.app/TOCropViewControllerBundle.bundle/sk.lproj/TOCropViewControllerLocalizable.strings
2023-02-11 02:20:31 +0000          mkdr tr.lproj/
2023-02-11 02:20:31 +0000  $ mkdir -p /var/folders/qq/kn3mb_ls71z640nps5cfm5yw0000gn/T/IDEIPAProcessor.AppThinning.\~\~\~MoDD6h/universal-iphoneos/Payload/retrieverBuyer.app/TOCropViewControllerBundle.bundle/tr.lproj
          copy TOCropViewControllerLocalizable.strings
$ cp /var/folders/qq/kn3mb_ls71z640nps5cfm5yw0000gn/T/XcodeDistPipeline.\~\~\~TYVn0t/Root/Payload/retrieverBuyer.app/TOCropViewControllerBundle.bundle/tr.lproj/TOCropViewControllerLocalizable.strings /var/folders/qq/kn3mb_ls71z640nps5cfm5yw0000gn/T/IDEIPAProcessor.AppThinning.\~\~\~MoDD6h/universal-iphoneos/Payload/retrieverBuyer.app/TOCropViewControllerBundle.bundle/tr.lproj/TOCropViewControllerLocalizable.strings
2023-02-11 02:20:31 +0000          mkdr vi.lproj/
2023-02-11 02:20:31 +0000  $ mkdir -p /var/folders/qq/kn3mb_ls71z640nps5cfm5yw0000gn/T/IDEIPAProcessor.AppThinning.\~\~\~MoDD6h/universal-iphoneos/Payload/retrieverBuyer.app/TOCropViewControllerBundle.bundle/vi.lproj
          copy TOCropViewControllerLocalizable.strings
$ cp /var/folders/qq/kn3mb_ls71z640nps5cfm5yw0000gn/T/XcodeDistPipeline.\~\~\~TYVn0t/Root/Payload/retrieverBuyer.app/TOCropViewControllerBundle.bundle/vi.lproj/TOCropViewControllerLocalizable.strings /var/folders/qq/kn3mb_ls71z640nps5cfm5yw0000gn/T/IDEIPAProcessor.AppThinning.\~\~\~MoDD6h/universal-iphoneos/Payload/retrieverBuyer.app/TOCropViewControllerBundle.bundle/vi.lproj/TOCropViewControllerLocalizable.strings
2023-02-11 02:20:31 +0000          mkdr zh-Hans.lproj/
2023-02-11 02:20:31 +0000  $ mkdir -p /var/folders/qq/kn3mb_ls71z640nps5cfm5yw0000gn/T/IDEIPAProcessor.AppThinning.\~\~\~MoDD6h/universal-iphoneos/Payload/retrieverBuyer.app/TOCropViewControllerBundle.bundle/zh-Hans.lproj
          copy TOCropViewControllerLocalizable.strings
$ cp /var/folders/qq/kn3mb_ls71z640nps5cfm5yw0000gn/T/XcodeDistPipeline.\~\~\~TYVn0t/Root/Payload/retrieverBuyer.app/TOCropViewControllerBundle.bundle/zh-Hans.lproj/TOCropViewControllerLocalizable.strings /var/folders/qq/kn3mb_ls71z640nps5cfm5yw0000gn/T/IDEIPAProcessor.AppThinning.\~\~\~MoDD6h/universal-iphoneos/Payload/retrieverBuyer.app/TOCropViewControllerBundle.bundle/zh-Hans.lproj/TOCropViewControllerLocalizable.strings
2023-02-11 02:20:31 +0000          mkdr zh-Hant.lproj/
2023-02-11 02:20:31 +0000  $ mkdir -p /var/folders/qq/kn3mb_ls71z640nps5cfm5yw0000gn/T/IDEIPAProcessor.AppThinning.\~\~\~MoDD6h/universal-iphoneos/Payload/retrieverBuyer.app/TOCropViewControllerBundle.bundle/zh-Hant.lproj
          copy TOCropViewControllerLocalizable.strings
$ cp /var/folders/qq/kn3mb_ls71z640nps5cfm5yw0000gn/T/XcodeDistPipeline.\~\~\~TYVn0t/Root/Payload/retrieverBuyer.app/TOCropViewControllerBundle.bundle/zh-Hant.lproj/TOCropViewControllerLocalizable.strings /var/folders/qq/kn3mb_ls71z640nps5cfm5yw0000gn/T/IDEIPAProcessor.AppThinning.\~\~\~MoDD6h/universal-iphoneos/Payload/retrieverBuyer.app/TOCropViewControllerBundle.bundle/zh-Hant.lproj/TOCropViewControllerLocalizable.strings
2023-02-11 02:20:31 +0000        copy Zocial.ttf
2023-02-11 02:20:31 +0000  $ cp /var/folders/qq/kn3mb_ls71z640nps5cfm5yw0000gn/T/XcodeDistPipeline.\~\~\~TYVn0t/Root/Payload/retrieverBuyer.app/Zocial.ttf /var/folders/qq/kn3mb_ls71z640nps5cfm5yw0000gn/T/IDEIPAProcessor.AppThinning.\~\~\~MoDD6h/universal-iphoneos/Payload/retrieverBuyer.app/Zocial.ttf
2023-02-11 02:20:31 +0000        mkdr _CodeSignature/
2023-02-11 02:20:31 +0000  $ mkdir -p /var/folders/qq/kn3mb_ls71z640nps5cfm5yw0000gn/T/IDEIPAProcessor.AppThinning.\~\~\~MoDD6h/universal-iphoneos/Payload/retrieverBuyer.app/_CodeSignature
        copy CodeResources
$ cp /var/folders/qq/kn3mb_ls71z640nps5cfm5yw0000gn/T/XcodeDistPipeline.\~\~\~TYVn0t/Root/Payload/retrieverBuyer.app/_CodeSignature/CodeResources /var/folders/qq/kn3mb_ls71z640nps5cfm5yw0000gn/T/IDEIPAProcessor.AppThinning.\~\~\~MoDD6h/universal-iphoneos/Payload/retrieverBuyer.app/_CodeSignature/CodeResources
2023-02-11 02:20:31 +0000        mkdr assets/
2023-02-11 02:20:31 +0000  $ mkdir -p /var/folders/qq/kn3mb_ls71z640nps5cfm5yw0000gn/T/IDEIPAProcessor.AppThinning.\~\~\~MoDD6h/universal-iphoneos/Payload/retrieverBuyer.app/assets
        mkdr app/
$ mkdir -p /var/folders/qq/kn3mb_ls71z640nps5cfm5yw0000gn/T/IDEIPAProcessor.AppThinning.\~\~\~MoDD6h/universal-iphoneos/Payload/retrieverBuyer.app/assets/app
2023-02-11 02:20:31 +0000            mkdr assets/
$ mkdir -p /var/folders/qq/kn3mb_ls71z640nps5cfm5yw0000gn/T/IDEIPAProcessor.AppThinning.\~\~\~MoDD6h/universal-iphoneos/Payload/retrieverBuyer.app/assets/app/assets
            mkdr icons/
2023-02-11 02:20:31 +0000  $ mkdir -p /var/folders/qq/kn3mb_ls71z640nps5cfm5yw0000gn/T/IDEIPAProcessor.AppThinning.\~\~\~MoDD6h/universal-iphoneos/Payload/retrieverBuyer.app/assets/app/assets/icons
              copy card.png
$ cp /var/folders/qq/kn3mb_ls71z640nps5cfm5yw0000gn/T/XcodeDistPipeline.\~\~\~TYVn0t/Root/Payload/retrieverBuyer.app/assets/app/assets/icons/card.png /var/folders/qq/kn3mb_ls71z640nps5cfm5yw0000gn/T/IDEIPAProcessor.AppThinning.\~\~\~MoDD6h/universal-iphoneos/Payload/retrieverBuyer.app/assets/app/assets/icons/card.png
2023-02-11 02:20:31 +0000                copy cart1.png
2023-02-11 02:20:31 +0000  $ cp /var/folders/qq/kn3mb_ls71z640nps5cfm5yw0000gn/T/XcodeDistPipeline.\~\~\~TYVn0t/Root/Payload/retrieverBuyer.app/assets/app/assets/icons/cart1.png /var/folders/qq/kn3mb_ls71z640nps5cfm5yw0000gn/T/IDEIPAProcessor.AppThinning.\~\~\~MoDD6h/universal-iphoneos/Payload/retrieverBuyer.app/assets/app/assets/icons/cart1.png
2023-02-11 02:20:31 +0000                copy cart2.png
$ cp /var/folders/qq/kn3mb_ls71z640nps5cfm5yw0000gn/T/XcodeDistPipeline.\~\~\~TYVn0t/Root/Payload/retrieverBuyer.app/assets/app/assets/icons/cart2.png /var/folders/qq/kn3mb_ls71z640nps5cfm5yw0000gn/T/IDEIPAProcessor.AppThinning.\~\~\~MoDD6h/universal-iphoneos/Payload/retrieverBuyer.app/assets/app/assets/icons/cart2.png
2023-02-11 02:20:31 +0000                copy check-circle-background.png
2023-02-11 02:20:31 +0000  $ cp /var/folders/qq/kn3mb_ls71z640nps5cfm5yw0000gn/T/XcodeDistPipeline.\~\~\~TYVn0t/Root/Payload/retrieverBuyer.app/assets/app/assets/icons/check-circle-background.png /var/folders/qq/kn3mb_ls71z640nps5cfm5yw0000gn/T/IDEIPAProcessor.AppThinning.\~\~\~MoDD6h/universal-iphoneos/Payload/retrieverBuyer.app/assets/app/assets/icons/check-circle-background.png
2023-02-11 02:20:31 +0000                copy check-circle.png
2023-02-11 02:20:31 +0000  $ cp /var/folders/qq/kn3mb_ls71z640nps5cfm5yw0000gn/T/XcodeDistPipeline.\~\~\~TYVn0t/Root/Payload/retrieverBuyer.app/assets/app/assets/icons/check-circle.png /var/folders/qq/kn3mb_ls71z640nps5cfm5yw0000gn/T/IDEIPAProcessor.AppThinning.\~\~\~MoDD6h/universal-iphoneos/Payload/retrieverBuyer.app/assets/app/assets/icons/check-circle.png
2023-02-11 02:20:31 +0000                copy copy.png
2023-02-11 02:20:31 +0000  $ cp /var/folders/qq/kn3mb_ls71z640nps5cfm5yw0000gn/T/XcodeDistPipeline.\~\~\~TYVn0t/Root/Payload/retrieverBuyer.app/assets/app/assets/icons/copy.png /var/folders/qq/kn3mb_ls71z640nps5cfm5yw0000gn/T/IDEIPAProcessor.AppThinning.\~\~\~MoDD6h/universal-iphoneos/Payload/retrieverBuyer.app/assets/app/assets/icons/copy.png
2023-02-11 02:20:31 +0000                copy distance.png
2023-02-11 02:20:31 +0000  $ cp /var/folders/qq/kn3mb_ls71z640nps5cfm5yw0000gn/T/XcodeDistPipeline.\~\~\~TYVn0t/Root/Payload/retrieverBuyer.app/assets/app/assets/icons/distance.png /var/folders/qq/kn3mb_ls71z640nps5cfm5yw0000gn/T/IDEIPAProcessor.AppThinning.\~\~\~MoDD6h/universal-iphoneos/Payload/retrieverBuyer.app/assets/app/assets/icons/distance.png
2023-02-11 02:20:31 +0000                copy distance1.png
2023-02-11 02:20:31 +0000  $ cp /var/folders/qq/kn3mb_ls71z640nps5cfm5yw0000gn/T/XcodeDistPipeline.\~\~\~TYVn0t/Root/Payload/retrieverBuyer.app/assets/app/assets/icons/distance1.png /var/folders/qq/kn3mb_ls71z640nps5cfm5yw0000gn/T/IDEIPAProcessor.AppThinning.\~\~\~MoDD6h/universal-iphoneos/Payload/retrieverBuyer.app/assets/app/assets/icons/distance1.png
2023-02-11 02:20:31 +0000                copy editicon.png
2023-02-11 02:20:31 +0000  $ cp /var/folders/qq/kn3mb_ls71z640nps5cfm5yw0000gn/T/XcodeDistPipeline.\~\~\~TYVn0t/Root/Payload/retrieverBuyer.app/assets/app/assets/icons/editicon.png /var/folders/qq/kn3mb_ls71z640nps5cfm5yw0000gn/T/IDEIPAProcessor.AppThinning.\~\~\~MoDD6h/universal-iphoneos/Payload/retrieverBuyer.app/assets/app/assets/icons/editicon.png
2023-02-11 02:20:31 +0000                copy info.png
2023-02-11 02:20:31 +0000  $ cp /var/folders/qq/kn3mb_ls71z640nps5cfm5yw0000gn/T/XcodeDistPipeline.\~\~\~TYVn0t/Root/Payload/retrieverBuyer.app/assets/app/assets/icons/info.png /var/folders/qq/kn3mb_ls71z640nps5cfm5yw0000gn/T/IDEIPAProcessor.AppThinning.\~\~\~MoDD6h/universal-iphoneos/Payload/retrieverBuyer.app/assets/app/assets/icons/info.png
2023-02-11 02:20:31 +0000                copy info1.png
2023-02-11 02:20:31 +0000  $ cp /var/folders/qq/kn3mb_ls71z640nps5cfm5yw0000gn/T/XcodeDistPipeline.\~\~\~TYVn0t/Root/Payload/retrieverBuyer.app/assets/app/assets/icons/info1.png /var/folders/qq/kn3mb_ls71z640nps5cfm5yw0000gn/T/IDEIPAProcessor.AppThinning.\~\~\~MoDD6h/universal-iphoneos/Payload/retrieverBuyer.app/assets/app/assets/icons/info1.png
2023-02-11 02:20:31 +0000                copy lock.png
2023-02-11 02:20:31 +0000  $ cp /var/folders/qq/kn3mb_ls71z640nps5cfm5yw0000gn/T/XcodeDistPipeline.\~\~\~TYVn0t/Root/Payload/retrieverBuyer.app/assets/app/assets/icons/lock.png /var/folders/qq/kn3mb_ls71z640nps5cfm5yw0000gn/T/IDEIPAProcessor.AppThinning.\~\~\~MoDD6h/universal-iphoneos/Payload/retrieverBuyer.app/assets/app/assets/icons/lock.png
2023-02-11 02:20:31 +0000                copy map-marker.png
2023-02-11 02:20:31 +0000  $ cp /var/folders/qq/kn3mb_ls71z640nps5cfm5yw0000gn/T/XcodeDistPipeline.\~\~\~TYVn0t/Root/Payload/retrieverBuyer.app/assets/app/assets/icons/map-marker.png /var/folders/qq/kn3mb_ls71z640nps5cfm5yw0000gn/T/IDEIPAProcessor.AppThinning.\~\~\~MoDD6h/universal-iphoneos/Payload/retrieverBuyer.app/assets/app/assets/icons/map-marker.png
2023-02-11 02:20:31 +0000                copy note.png
2023-02-11 02:20:31 +0000  $ cp /var/folders/qq/kn3mb_ls71z640nps5cfm5yw0000gn/T/XcodeDistPipeline.\~\~\~TYVn0t/Root/Payload/retrieverBuyer.app/assets/app/assets/icons/note.png /var/folders/qq/kn3mb_ls71z640nps5cfm5yw0000gn/T/IDEIPAProcessor.AppThinning.\~\~\~MoDD6h/universal-iphoneos/Payload/retrieverBuyer.app/assets/app/assets/icons/note.png
2023-02-11 02:20:31 +0000                mkdr payment/
$ mkdir -p /var/folders/qq/kn3mb_ls71z640nps5cfm5yw0000gn/T/IDEIPAProcessor.AppThinning.\~\~\~MoDD6h/universal-iphoneos/Payload/retrieverBuyer.app/assets/app/assets/icons/payment
                copy gcash.png
$ cp /var/folders/qq/kn3mb_ls71z640nps5cfm5yw0000gn/T/XcodeDistPipeline.\~\~\~TYVn0t/Root/Payload/retrieverBuyer.app/assets/app/assets/icons/payment/gcash.png /var/folders/qq/kn3mb_ls71z640nps5cfm5yw0000gn/T/IDEIPAProcessor.AppThinning.\~\~\~MoDD6h/universal-iphoneos/Payload/retrieverBuyer.app/assets/app/assets/icons/payment/gcash.png
2023-02-11 02:20:31 +0000                  copy money.png
$ cp /var/folders/qq/kn3mb_ls71z640nps5cfm5yw0000gn/T/XcodeDistPipeline.\~\~\~TYVn0t/Root/Payload/retrieverBuyer.app/assets/app/assets/icons/payment/money.png /var/folders/qq/kn3mb_ls71z640nps5cfm5yw0000gn/T/IDEIPAProcessor.AppThinning.\~\~\~MoDD6h/universal-iphoneos/Payload/retrieverBuyer.app/assets/app/assets/icons/payment/money.png
2023-02-11 02:20:31 +0000                  copy retrieverwallet.png
2023-02-11 02:20:31 +0000  $ cp /var/folders/qq/kn3mb_ls71z640nps5cfm5yw0000gn/T/XcodeDistPipeline.\~\~\~TYVn0t/Root/Payload/retrieverBuyer.app/assets/app/assets/icons/payment/retrieverwallet.png /var/folders/qq/kn3mb_ls71z640nps5cfm5yw0000gn/T/IDEIPAProcessor.AppThinning.\~\~\~MoDD6h/universal-iphoneos/Payload/retrieverBuyer.app/assets/app/assets/icons/payment/retrieverwallet.png
2023-02-11 02:20:31 +0000                copy promo.png
$ cp /var/folders/qq/kn3mb_ls71z640nps5cfm5yw0000gn/T/XcodeDistPipeline.\~\~\~TYVn0t/Root/Payload/retrieverBuyer.app/assets/app/assets/icons/promo.png /var/folders/qq/kn3mb_ls71z640nps5cfm5yw0000gn/T/IDEIPAProcessor.AppThinning.\~\~\~MoDD6h/universal-iphoneos/Payload/retrieverBuyer.app/assets/app/assets/icons/promo.png
2023-02-11 02:20:31 +0000                copy promo1.png
$ cp /var/folders/qq/kn3mb_ls71z640nps5cfm5yw0000gn/T/XcodeDistPipeline.\~\~\~TYVn0t/Root/Payload/retrieverBuyer.app/assets/app/assets/icons/promo1.png /var/folders/qq/kn3mb_ls71z640nps5cfm5yw0000gn/T/IDEIPAProcessor.AppThinning.\~\~\~MoDD6h/universal-iphoneos/Payload/retrieverBuyer.app/assets/app/assets/icons/promo1.png
2023-02-11 02:20:31 +0000                copy rating.png
2023-02-11 02:20:31 +0000  $ cp /var/folders/qq/kn3mb_ls71z640nps5cfm5yw0000gn/T/XcodeDistPipeline.\~\~\~TYVn0t/Root/Payload/retrieverBuyer.app/assets/app/assets/icons/rating.png /var/folders/qq/kn3mb_ls71z640nps5cfm5yw0000gn/T/IDEIPAProcessor.AppThinning.\~\~\~MoDD6h/universal-iphoneos/Payload/retrieverBuyer.app/assets/app/assets/icons/rating.png
2023-02-11 02:20:31 +0000                mkdr searchfilter/
$ mkdir -p /var/folders/qq/kn3mb_ls71z640nps5cfm5yw0000gn/T/IDEIPAProcessor.AppThinning.\~\~\~MoDD6h/universal-iphoneos/Payload/retrieverBuyer.app/assets/app/assets/icons/searchfilter
                copy asian.png
$ cp /var/folders/qq/kn3mb_ls71z640nps5cfm5yw0000gn/T/XcodeDistPipeline.\~\~\~TYVn0t/Root/Payload/retrieverBuyer.app/assets/app/assets/icons/searchfilter/asian.png /var/folders/qq/kn3mb_ls71z640nps5cfm5yw0000gn/T/IDEIPAProcessor.AppThinning.\~\~\~MoDD6h/universal-iphoneos/Payload/retrieverBuyer.app/assets/app/assets/icons/searchfilter/asian.png
2023-02-11 02:20:31 +0000                  copy brunch.png
2023-02-11 02:20:31 +0000  $ cp /var/folders/qq/kn3mb_ls71z640nps5cfm5yw0000gn/T/XcodeDistPipeline.\~\~\~TYVn0t/Root/Payload/retrieverBuyer.app/assets/app/assets/icons/searchfilter/brunch.png /var/folders/qq/kn3mb_ls71z640nps5cfm5yw0000gn/T/IDEIPAProcessor.AppThinning.\~\~\~MoDD6h/universal-iphoneos/Payload/retrieverBuyer.app/assets/app/assets/icons/searchfilter/brunch.png
2023-02-11 02:20:31 +0000                  copy burger.png
2023-02-11 02:20:31 +0000  $ cp /var/folders/qq/kn3mb_ls71z640nps5cfm5yw0000gn/T/XcodeDistPipeline.\~\~\~TYVn0t/Root/Payload/retrieverBuyer.app/assets/app/assets/icons/searchfilter/burger.png /var/folders/qq/kn3mb_ls71z640nps5cfm5yw0000gn/T/IDEIPAProcessor.AppThinning.\~\~\~MoDD6h/universal-iphoneos/Payload/retrieverBuyer.app/assets/app/assets/icons/searchfilter/burger.png
2023-02-11 02:20:31 +0000                  copy cake.png
2023-02-11 02:20:31 +0000  $ cp /var/folders/qq/kn3mb_ls71z640nps5cfm5yw0000gn/T/XcodeDistPipeline.\~\~\~TYVn0t/Root/Payload/retrieverBuyer.app/assets/app/assets/icons/searchfilter/cake.png /var/folders/qq/kn3mb_ls71z640nps5cfm5yw0000gn/T/IDEIPAProcessor.AppThinning.\~\~\~MoDD6h/universal-iphoneos/Payload/retrieverBuyer.app/assets/app/assets/icons/searchfilter/cake.png
2023-02-11 02:20:31 +0000                  copy clock.png
2023-02-11 02:20:31 +0000  $ cp /var/folders/qq/kn3mb_ls71z640nps5cfm5yw0000gn/T/XcodeDistPipeline.\~\~\~TYVn0t/Root/Payload/retrieverBuyer.app/assets/app/assets/icons/searchfilter/clock.png /var/folders/qq/kn3mb_ls71z640nps5cfm5yw0000gn/T/IDEIPAProcessor.AppThinning.\~\~\~MoDD6h/universal-iphoneos/Payload/retrieverBuyer.app/assets/app/assets/icons/searchfilter/clock.png
2023-02-11 02:20:31 +0000                  copy coffee.png
$ cp /var/folders/qq/kn3mb_ls71z640nps5cfm5yw0000gn/T/XcodeDistPipeline.\~\~\~TYVn0t/Root/Payload/retrieverBuyer.app/assets/app/assets/icons/searchfilter/coffee.png /var/folders/qq/kn3mb_ls71z640nps5cfm5yw0000gn/T/IDEIPAProcessor.AppThinning.\~\~\~MoDD6h/universal-iphoneos/Payload/retrieverBuyer.app/assets/app/assets/icons/searchfilter/coffee.png
2023-02-11 02:20:31 +0000                  copy tag.png
2023-02-11 02:20:31 +0000  $ cp /var/folders/qq/kn3mb_ls71z640nps5cfm5yw0000gn/T/XcodeDistPipeline.\~\~\~TYVn0t/Root/Payload/retrieverBuyer.app/assets/app/assets/icons/searchfilter/tag.png /var/folders/qq/kn3mb_ls71z640nps5cfm5yw0000gn/T/IDEIPAProcessor.AppThinning.\~\~\~MoDD6h/universal-iphoneos/Payload/retrieverBuyer.app/assets/app/assets/icons/searchfilter/tag.png
2023-02-11 02:20:31 +0000                copy send.png
$ cp /var/folders/qq/kn3mb_ls71z640nps5cfm5yw0000gn/T/XcodeDistPipeline.\~\~\~TYVn0t/Root/Payload/retrieverBuyer.app/assets/app/assets/icons/send.png /var/folders/qq/kn3mb_ls71z640nps5cfm5yw0000gn/T/IDEIPAProcessor.AppThinning.\~\~\~MoDD6h/universal-iphoneos/Payload/retrieverBuyer.app/assets/app/assets/icons/send.png
2023-02-11 02:20:31 +0000                copy sort.png
2023-02-11 02:20:31 +0000  $ cp /var/folders/qq/kn3mb_ls71z640nps5cfm5yw0000gn/T/XcodeDistPipeline.\~\~\~TYVn0t/Root/Payload/retrieverBuyer.app/assets/app/assets/icons/sort.png /var/folders/qq/kn3mb_ls71z640nps5cfm5yw0000gn/T/IDEIPAProcessor.AppThinning.\~\~\~MoDD6h/universal-iphoneos/Payload/retrieverBuyer.app/assets/app/assets/icons/sort.png
2023-02-11 02:20:31 +0000                copy star.png
2023-02-11 02:20:31 +0000  $ cp /var/folders/qq/kn3mb_ls71z640nps5cfm5yw0000gn/T/XcodeDistPipeline.\~\~\~TYVn0t/Root/Payload/retrieverBuyer.app/assets/app/assets/icons/star.png /var/folders/qq/kn3mb_ls71z640nps5cfm5yw0000gn/T/IDEIPAProcessor.AppThinning.\~\~\~MoDD6h/universal-iphoneos/Payload/retrieverBuyer.app/assets/app/assets/icons/star.png
2023-02-11 02:20:31 +0000                copy success.png
2023-02-11 02:20:31 +0000  $ cp /var/folders/qq/kn3mb_ls71z640nps5cfm5yw0000gn/T/XcodeDistPipeline.\~\~\~TYVn0t/Root/Payload/retrieverBuyer.app/assets/app/assets/icons/success.png /var/folders/qq/kn3mb_ls71z640nps5cfm5yw0000gn/T/IDEIPAProcessor.AppThinning.\~\~\~MoDD6h/universal-iphoneos/Payload/retrieverBuyer.app/assets/app/assets/icons/success.png
2023-02-11 02:20:31 +0000                copy time.png
2023-02-11 02:20:31 +0000  $ cp /var/folders/qq/kn3mb_ls71z640nps5cfm5yw0000gn/T/XcodeDistPipeline.\~\~\~TYVn0t/Root/Payload/retrieverBuyer.app/assets/app/assets/icons/time.png /var/folders/qq/kn3mb_ls71z640nps5cfm5yw0000gn/T/IDEIPAProcessor.AppThinning.\~\~\~MoDD6h/universal-iphoneos/Payload/retrieverBuyer.app/assets/app/assets/icons/time.png
2023-02-11 02:20:31 +0000                copy track1.png
$ cp /var/folders/qq/kn3mb_ls71z640nps5cfm5yw0000gn/T/XcodeDistPipeline.\~\~\~TYVn0t/Root/Payload/retrieverBuyer.app/assets/app/assets/icons/track1.png /var/folders/qq/kn3mb_ls71z640nps5cfm5yw0000gn/T/IDEIPAProcessor.AppThinning.\~\~\~MoDD6h/universal-iphoneos/Payload/retrieverBuyer.app/assets/app/assets/icons/track1.png
2023-02-11 02:20:31 +0000                copy user.png
2023-02-11 02:20:31 +0000  $ cp /var/folders/qq/kn3mb_ls71z640nps5cfm5yw0000gn/T/XcodeDistPipeline.\~\~\~TYVn0t/Root/Payload/retrieverBuyer.app/assets/app/assets/icons/user.png /var/folders/qq/kn3mb_ls71z640nps5cfm5yw0000gn/T/IDEIPAProcessor.AppThinning.\~\~\~MoDD6h/universal-iphoneos/Payload/retrieverBuyer.app/assets/app/assets/icons/user.png
2023-02-11 02:20:31 +0000                copy wallet1.png
$ cp /var/folders/qq/kn3mb_ls71z640nps5cfm5yw0000gn/T/XcodeDistPipeline.\~\~\~TYVn0t/Root/Payload/retrieverBuyer.app/assets/app/assets/icons/wallet1.png /var/folders/qq/kn3mb_ls71z640nps5cfm5yw0000gn/T/IDEIPAProcessor.AppThinning.\~\~\~MoDD6h/universal-iphoneos/Payload/retrieverBuyer.app/assets/app/assets/icons/wallet1.png
2023-02-11 02:20:31 +0000                copy wallet2.png
2023-02-11 02:20:31 +0000  $ cp /var/folders/qq/kn3mb_ls71z640nps5cfm5yw0000gn/T/XcodeDistPipeline.\~\~\~TYVn0t/Root/Payload/retrieverBuyer.app/assets/app/assets/icons/wallet2.png /var/folders/qq/kn3mb_ls71z640nps5cfm5yw0000gn/T/IDEIPAProcessor.AppThinning.\~\~\~MoDD6h/universal-iphoneos/Payload/retrieverBuyer.app/assets/app/assets/icons/wallet2.png
2023-02-11 02:20:31 +0000              mkdr images/
2023-02-11 02:20:31 +0000  $ mkdir -p /var/folders/qq/kn3mb_ls71z640nps5cfm5yw0000gn/T/IDEIPAProcessor.AppThinning.\~\~\~MoDD6h/universal-iphoneos/Payload/retrieverBuyer.app/assets/app/assets/images
              mkdr about_us/
$ mkdir -p /var/folders/qq/kn3mb_ls71z640nps5cfm5yw0000gn/T/IDEIPAProcessor.AppThinning.\~\~\~MoDD6h/universal-iphoneos/Payload/retrieverBuyer.app/assets/app/assets/images/about_us
2023-02-11 02:20:31 +0000                  copy discord.png
$ cp /var/folders/qq/kn3mb_ls71z640nps5cfm5yw0000gn/T/XcodeDistPipeline.\~\~\~TYVn0t/Root/Payload/retrieverBuyer.app/assets/app/assets/images/about_us/discord.png /var/folders/qq/kn3mb_ls71z640nps5cfm5yw0000gn/T/IDEIPAProcessor.AppThinning.\~\~\~MoDD6h/universal-iphoneos/Payload/retrieverBuyer.app/assets/app/assets/images/about_us/discord.png
2023-02-11 02:20:31 +0000                  copy feedback.png
$ cp /var/folders/qq/kn3mb_ls71z640nps5cfm5yw0000gn/T/XcodeDistPipeline.\~\~\~TYVn0t/Root/Payload/retrieverBuyer.app/assets/app/assets/images/about_us/feedback.png /var/folders/qq/kn3mb_ls71z640nps5cfm5yw0000gn/T/IDEIPAProcessor.AppThinning.\~\~\~MoDD6h/universal-iphoneos/Payload/retrieverBuyer.app/assets/app/assets/images/about_us/feedback.png
2023-02-11 02:20:31 +0000                  copy privacy.png
2023-02-11 02:20:31 +0000  $ cp /var/folders/qq/kn3mb_ls71z640nps5cfm5yw0000gn/T/XcodeDistPipeline.\~\~\~TYVn0t/Root/Payload/retrieverBuyer.app/assets/app/assets/images/about_us/privacy.png /var/folders/qq/kn3mb_ls71z640nps5cfm5yw0000gn/T/IDEIPAProcessor.AppThinning.\~\~\~MoDD6h/universal-iphoneos/Payload/retrieverBuyer.app/assets/app/assets/images/about_us/privacy.png
2023-02-11 02:20:31 +0000                  copy terms.png
2023-02-11 02:20:31 +0000  $ cp /var/folders/qq/kn3mb_ls71z640nps5cfm5yw0000gn/T/XcodeDistPipeline.\~\~\~TYVn0t/Root/Payload/retrieverBuyer.app/assets/app/assets/images/about_us/terms.png /var/folders/qq/kn3mb_ls71z640nps5cfm5yw0000gn/T/IDEIPAProcessor.AppThinning.\~\~\~MoDD6h/universal-iphoneos/Payload/retrieverBuyer.app/assets/app/assets/images/about_us/terms.png
2023-02-11 02:20:31 +0000                  copy website.png
2023-02-11 02:20:31 +0000  $ cp /var/folders/qq/kn3mb_ls71z640nps5cfm5yw0000gn/T/XcodeDistPipeline.\~\~\~TYVn0t/Root/Payload/retrieverBuyer.app/assets/app/assets/images/about_us/website.png /var/folders/qq/kn3mb_ls71z640nps5cfm5yw0000gn/T/IDEIPAProcessor.AppThinning.\~\~\~MoDD6h/universal-iphoneos/Payload/retrieverBuyer.app/assets/app/assets/images/about_us/website.png
2023-02-11 02:20:31 +0000                mkdr ads/
2023-02-11 02:20:31 +0000  $ mkdir -p /var/folders/qq/kn3mb_ls71z640nps5cfm5yw0000gn/T/IDEIPAProcessor.AppThinning.\~\~\~MoDD6h/universal-iphoneos/Payload/retrieverBuyer.app/assets/app/assets/images/ads
                copy ads.jpg
$ cp /var/folders/qq/kn3mb_ls71z640nps5cfm5yw0000gn/T/XcodeDistPipeline.\~\~\~TYVn0t/Root/Payload/retrieverBuyer.app/assets/app/assets/images/ads/ads.jpg /var/folders/qq/kn3mb_ls71z640nps5cfm5yw0000gn/T/IDEIPAProcessor.AppThinning.\~\~\~MoDD6h/universal-iphoneos/Payload/retrieverBuyer.app/assets/app/assets/images/ads/ads.jpg
2023-02-11 02:20:31 +0000                mkdr blogs/
2023-02-11 02:20:31 +0000  $ mkdir -p /var/folders/qq/kn3mb_ls71z640nps5cfm5yw0000gn/T/IDEIPAProcessor.AppThinning.\~\~\~MoDD6h/universal-iphoneos/Payload/retrieverBuyer.app/assets/app/assets/images/blogs
                copy blog.jpg
$ cp /var/folders/qq/kn3mb_ls71z640nps5cfm5yw0000gn/T/XcodeDistPipeline.\~\~\~TYVn0t/Root/Payload/retrieverBuyer.app/assets/app/assets/images/blogs/blog.jpg /var/folders/qq/kn3mb_ls71z640nps5cfm5yw0000gn/T/IDEIPAProcessor.AppThinning.\~\~\~MoDD6h/universal-iphoneos/Payload/retrieverBuyer.app/assets/app/assets/images/blogs/blog.jpg
2023-02-11 02:20:31 +0000                copy buyerbackground.png
2023-02-11 02:20:31 +0000  $ cp /var/folders/qq/kn3mb_ls71z640nps5cfm5yw0000gn/T/XcodeDistPipeline.\~\~\~TYVn0t/Root/Payload/retrieverBuyer.app/assets/app/assets/images/buyerbackground.png /var/folders/qq/kn3mb_ls71z640nps5cfm5yw0000gn/T/IDEIPAProcessor.AppThinning.\~\~\~MoDD6h/universal-iphoneos/Payload/retrieverBuyer.app/assets/app/assets/images/buyerbackground.png
2023-02-11 02:20:31 +0000                mkdr card/
2023-02-11 02:20:31 +0000  $ mkdir -p /var/folders/qq/kn3mb_ls71z640nps5cfm5yw0000gn/T/IDEIPAProcessor.AppThinning.\~\~\~MoDD6h/universal-iphoneos/Payload/retrieverBuyer.app/assets/app/assets/images/card
                copy cvvinfo.png
$ cp /var/folders/qq/kn3mb_ls71z640nps5cfm5yw0000gn/T/XcodeDistPipeline.\~\~\~TYVn0t/Root/Payload/retrieverBuyer.app/assets/app/assets/images/card/cvvinfo.png /var/folders/qq/kn3mb_ls71z640nps5cfm5yw0000gn/T/IDEIPAProcessor.AppThinning.\~\~\~MoDD6h/universal-iphoneos/Payload/retrieverBuyer.app/assets/app/assets/images/card/cvvinfo.png
2023-02-11 02:20:31 +0000                  copy expiryinfo.png
2023-02-11 02:20:31 +0000  $ cp /var/folders/qq/kn3mb_ls71z640nps5cfm5yw0000gn/T/XcodeDistPipeline.\~\~\~TYVn0t/Root/Payload/retrieverBuyer.app/assets/app/assets/images/card/expiryinfo.png /var/folders/qq/kn3mb_ls71z640nps5cfm5yw0000gn/T/IDEIPAProcessor.AppThinning.\~\~\~MoDD6h/universal-iphoneos/Payload/retrieverBuyer.app/assets/app/assets/images/card/expiryinfo.png
2023-02-11 02:20:31 +0000                mkdr carousel/
2023-02-11 02:20:31 +0000  $ mkdir -p /var/folders/qq/kn3mb_ls71z640nps5cfm5yw0000gn/T/IDEIPAProcessor.AppThinning.\~\~\~MoDD6h/universal-iphoneos/Payload/retrieverBuyer.app/assets/app/assets/images/carousel
                copy carouselimage.jpg
2023-02-11 02:20:31 +0000  $ cp /var/folders/qq/kn3mb_ls71z640nps5cfm5yw0000gn/T/XcodeDistPipeline.\~\~\~TYVn0t/Root/Payload/retrieverBuyer.app/assets/app/assets/images/carousel/carouselimage.jpg /var/folders/qq/kn3mb_ls71z640nps5cfm5yw0000gn/T/IDEIPAProcessor.AppThinning.\~\~\~MoDD6h/universal-iphoneos/Payload/retrieverBuyer.app/assets/app/assets/images/carousel/carouselimage.jpg
2023-02-11 02:20:31 +0000                copy food1.png
2023-02-11 02:20:31 +0000  $ cp /var/folders/qq/kn3mb_ls71z640nps5cfm5yw0000gn/T/XcodeDistPipeline.\~\~\~TYVn0t/Root/Payload/retrieverBuyer.app/assets/app/assets/images/food1.png /var/folders/qq/kn3mb_ls71z640nps5cfm5yw0000gn/T/IDEIPAProcessor.AppThinning.\~\~\~MoDD6h/universal-iphoneos/Payload/retrieverBuyer.app/assets/app/assets/images/food1.png
2023-02-11 02:20:31 +0000                copy loginscreenheader.png
2023-02-11 02:20:31 +0000  $ cp /var/folders/qq/kn3mb_ls71z640nps5cfm5yw0000gn/T/XcodeDistPipeline.\~\~\~TYVn0t/Root/Payload/retrieverBuyer.app/assets/app/assets/images/loginscreenheader.png /var/folders/qq/kn3mb_ls71z640nps5cfm5yw0000gn/T/IDEIPAProcessor.AppThinning.\~\~\~MoDD6h/universal-iphoneos/Payload/retrieverBuyer.app/assets/app/assets/images/loginscreenheader.png
2023-02-11 02:20:31 +0000                mkdr menus/
2023-02-11 02:20:31 +0000  $ mkdir -p /var/folders/qq/kn3mb_ls71z640nps5cfm5yw0000gn/T/IDEIPAProcessor.AppThinning.\~\~\~MoDD6h/universal-iphoneos/Payload/retrieverBuyer.app/assets/app/assets/images/menus
                copy menu1.png
2023-02-11 02:20:31 +0000  $ cp /var/folders/qq/kn3mb_ls71z640nps5cfm5yw0000gn/T/XcodeDistPipeline.\~\~\~TYVn0t/Root/Payload/retrieverBuyer.app/assets/app/assets/images/menus/menu1.png /var/folders/qq/kn3mb_ls71z640nps5cfm5yw0000gn/T/IDEIPAProcessor.AppThinning.\~\~\~MoDD6h/universal-iphoneos/Payload/retrieverBuyer.app/assets/app/assets/images/menus/menu1.png
2023-02-11 02:20:31 +0000                  copy menu2.png
2023-02-11 02:20:31 +0000  $ cp /var/folders/qq/kn3mb_ls71z640nps5cfm5yw0000gn/T/XcodeDistPipeline.\~\~\~TYVn0t/Root/Payload/retrieverBuyer.app/assets/app/assets/images/menus/menu2.png /var/folders/qq/kn3mb_ls71z640nps5cfm5yw0000gn/T/IDEIPAProcessor.AppThinning.\~\~\~MoDD6h/universal-iphoneos/Payload/retrieverBuyer.app/assets/app/assets/images/menus/menu2.png
2023-02-11 02:20:31 +0000                  copy menu3.png
2023-02-11 02:20:31 +0000  $ cp /var/folders/qq/kn3mb_ls71z640nps5cfm5yw0000gn/T/XcodeDistPipeline.\~\~\~TYVn0t/Root/Payload/retrieverBuyer.app/assets/app/assets/images/menus/menu3.png /var/folders/qq/kn3mb_ls71z640nps5cfm5yw0000gn/T/IDEIPAProcessor.AppThinning.\~\~\~MoDD6h/universal-iphoneos/Payload/retrieverBuyer.app/assets/app/assets/images/menus/menu3.png
2023-02-11 02:20:31 +0000                  copy menu4.png
2023-02-11 02:20:31 +0000  $ cp /var/folders/qq/kn3mb_ls71z640nps5cfm5yw0000gn/T/XcodeDistPipeline.\~\~\~TYVn0t/Root/Payload/retrieverBuyer.app/assets/app/assets/images/menus/menu4.png /var/folders/qq/kn3mb_ls71z640nps5cfm5yw0000gn/T/IDEIPAProcessor.AppThinning.\~\~\~MoDD6h/universal-iphoneos/Payload/retrieverBuyer.app/assets/app/assets/images/menus/menu4.png
2023-02-11 02:20:31 +0000                  copy menu5.png
2023-02-11 02:20:31 +0000  $ cp /var/folders/qq/kn3mb_ls71z640nps5cfm5yw0000gn/T/XcodeDistPipeline.\~\~\~TYVn0t/Root/Payload/retrieverBuyer.app/assets/app/assets/images/menus/menu5.png /var/folders/qq/kn3mb_ls71z640nps5cfm5yw0000gn/T/IDEIPAProcessor.AppThinning.\~\~\~MoDD6h/universal-iphoneos/Payload/retrieverBuyer.app/assets/app/assets/images/menus/menu5.png
2023-02-11 02:20:31 +0000                  copy menu6.png
2023-02-11 02:20:31 +0000  $ cp /var/folders/qq/kn3mb_ls71z640nps5cfm5yw0000gn/T/XcodeDistPipeline.\~\~\~TYVn0t/Root/Payload/retrieverBuyer.app/assets/app/assets/images/menus/menu6.png /var/folders/qq/kn3mb_ls71z640nps5cfm5yw0000gn/T/IDEIPAProcessor.AppThinning.\~\~\~MoDD6h/universal-iphoneos/Payload/retrieverBuyer.app/assets/app/assets/images/menus/menu6.png
2023-02-11 02:20:31 +0000                mkdr navigations/
2023-02-11 02:20:31 +0000  $ mkdir -p /var/folders/qq/kn3mb_ls71z640nps5cfm5yw0000gn/T/IDEIPAProcessor.AppThinning.\~\~\~MoDD6h/universal-iphoneos/Payload/retrieverBuyer.app/assets/app/assets/images/navigations
                copy arrowright.png
2023-02-11 02:20:31 +0000  $ cp /var/folders/qq/kn3mb_ls71z640nps5cfm5yw0000gn/T/XcodeDistPipeline.\~\~\~TYVn0t/Root/Payload/retrieverBuyer.app/assets/app/assets/images/navigations/arrowright.png /var/folders/qq/kn3mb_ls71z640nps5cfm5yw0000gn/T/IDEIPAProcessor.AppThinning.\~\~\~MoDD6h/universal-iphoneos/Payload/retrieverBuyer.app/assets/app/assets/images/navigations/arrowright.png
2023-02-11 02:20:31 +0000                  copy cog.png
2023-02-11 02:20:31 +0000  $ cp /var/folders/qq/kn3mb_ls71z640nps5cfm5yw0000gn/T/XcodeDistPipeline.\~\~\~TYVn0t/Root/Payload/retrieverBuyer.app/assets/app/assets/images/navigations/cog.png /var/folders/qq/kn3mb_ls71z640nps5cfm5yw0000gn/T/IDEIPAProcessor.AppThinning.\~\~\~MoDD6h/universal-iphoneos/Payload/retrieverBuyer.app/assets/app/assets/images/navigations/cog.png
2023-02-11 02:20:31 +0000                  copy history.png
2023-02-11 02:20:31 +0000  $ cp /var/folders/qq/kn3mb_ls71z640nps5cfm5yw0000gn/T/XcodeDistPipeline.\~\~\~TYVn0t/Root/Payload/retrieverBuyer.app/assets/app/assets/images/navigations/history.png /var/folders/qq/kn3mb_ls71z640nps5cfm5yw0000gn/T/IDEIPAProcessor.AppThinning.\~\~\~MoDD6h/universal-iphoneos/Payload/retrieverBuyer.app/assets/app/assets/images/navigations/history.png
2023-02-11 02:20:31 +0000                  copy profile.png
2023-02-11 02:20:31 +0000  $ cp /var/folders/qq/kn3mb_ls71z640nps5cfm5yw0000gn/T/XcodeDistPipeline.\~\~\~TYVn0t/Root/Payload/retrieverBuyer.app/assets/app/assets/images/navigations/profile.png /var/folders/qq/kn3mb_ls71z640nps5cfm5yw0000gn/T/IDEIPAProcessor.AppThinning.\~\~\~MoDD6h/universal-iphoneos/Payload/retrieverBuyer.app/assets/app/assets/images/navigations/profile.png
2023-02-11 02:20:31 +0000                  copy question.png
2023-02-11 02:20:31 +0000  $ cp /var/folders/qq/kn3mb_ls71z640nps5cfm5yw0000gn/T/XcodeDistPipeline.\~\~\~TYVn0t/Root/Payload/retrieverBuyer.app/assets/app/assets/images/navigations/question.png /var/folders/qq/kn3mb_ls71z640nps5cfm5yw0000gn/T/IDEIPAProcessor.AppThinning.\~\~\~MoDD6h/universal-iphoneos/Payload/retrieverBuyer.app/assets/app/assets/images/navigations/question.png
2023-02-11 02:20:31 +0000                  copy wallet.png
2023-02-11 02:20:31 +0000  $ cp /var/folders/qq/kn3mb_ls71z640nps5cfm5yw0000gn/T/XcodeDistPipeline.\~\~\~TYVn0t/Root/Payload/retrieverBuyer.app/assets/app/assets/images/navigations/wallet.png /var/folders/qq/kn3mb_ls71z640nps5cfm5yw0000gn/T/IDEIPAProcessor.AppThinning.\~\~\~MoDD6h/universal-iphoneos/Payload/retrieverBuyer.app/assets/app/assets/images/navigations/wallet.png
2023-02-11 02:20:31 +0000                  copy wavehand.png
2023-02-11 02:20:31 +0000  $ cp /var/folders/qq/kn3mb_ls71z640nps5cfm5yw0000gn/T/XcodeDistPipeline.\~\~\~TYVn0t/Root/Payload/retrieverBuyer.app/assets/app/assets/images/navigations/wavehand.png /var/folders/qq/kn3mb_ls71z640nps5cfm5yw0000gn/T/IDEIPAProcessor.AppThinning.\~\~\~MoDD6h/universal-iphoneos/Payload/retrieverBuyer.app/assets/app/assets/images/navigations/wavehand.png
2023-02-11 02:20:31 +0000                mkdr promo/
$ mkdir -p /var/folders/qq/kn3mb_ls71z640nps5cfm5yw0000gn/T/IDEIPAProcessor.AppThinning.\~\~\~MoDD6h/universal-iphoneos/Payload/retrieverBuyer.app/assets/app/assets/images/promo
                copy promo1.png
2023-02-11 02:20:31 +0000  $ cp /var/folders/qq/kn3mb_ls71z640nps5cfm5yw0000gn/T/XcodeDistPipeline.\~\~\~TYVn0t/Root/Payload/retrieverBuyer.app/assets/app/assets/images/promo/promo1.png /var/folders/qq/kn3mb_ls71z640nps5cfm5yw0000gn/T/IDEIPAProcessor.AppThinning.\~\~\~MoDD6h/universal-iphoneos/Payload/retrieverBuyer.app/assets/app/assets/images/promo/promo1.png
2023-02-11 02:20:31 +0000                  copy promo2.png
$ cp /var/folders/qq/kn3mb_ls71z640nps5cfm5yw0000gn/T/XcodeDistPipeline.\~\~\~TYVn0t/Root/Payload/retrieverBuyer.app/assets/app/assets/images/promo/promo2.png /var/folders/qq/kn3mb_ls71z640nps5cfm5yw0000gn/T/IDEIPAProcessor.AppThinning.\~\~\~MoDD6h/universal-iphoneos/Payload/retrieverBuyer.app/assets/app/assets/images/promo/promo2.png
2023-02-11 02:20:31 +0000                copy receiptbackground.png
2023-02-11 02:20:31 +0000  $ cp /var/folders/qq/kn3mb_ls71z640nps5cfm5yw0000gn/T/XcodeDistPipeline.\~\~\~TYVn0t/Root/Payload/retrieverBuyer.app/assets/app/assets/images/receiptbackground.png /var/folders/qq/kn3mb_ls71z640nps5cfm5yw0000gn/T/IDEIPAProcessor.AppThinning.\~\~\~MoDD6h/universal-iphoneos/Payload/retrieverBuyer.app/assets/app/assets/images/receiptbackground.png
2023-02-11 02:20:31 +0000                mkdr retriever_logo/
$ mkdir -p /var/folders/qq/kn3mb_ls71z640nps5cfm5yw0000gn/T/IDEIPAProcessor.AppThinning.\~\~\~MoDD6h/universal-iphoneos/Payload/retrieverBuyer.app/assets/app/assets/images/retriever_logo
2023-02-11 02:20:31 +0000                  copy logo.png
$ cp /var/folders/qq/kn3mb_ls71z640nps5cfm5yw0000gn/T/XcodeDistPipeline.\~\~\~TYVn0t/Root/Payload/retrieverBuyer.app/assets/app/assets/images/retriever_logo/logo.png /var/folders/qq/kn3mb_ls71z640nps5cfm5yw0000gn/T/IDEIPAProcessor.AppThinning.\~\~\~MoDD6h/universal-iphoneos/Payload/retrieverBuyer.app/assets/app/assets/images/retriever_logo/logo.png
2023-02-11 02:20:31 +0000                mkdr services/
$ mkdir -p /var/folders/qq/kn3mb_ls71z640nps5cfm5yw0000gn/T/IDEIPAProcessor.AppThinning.\~\~\~MoDD6h/universal-iphoneos/Payload/retrieverBuyer.app/assets/app/assets/images/services
2023-02-11 02:20:31 +0000                  copy errands.png
$ cp /var/folders/qq/kn3mb_ls71z640nps5cfm5yw0000gn/T/XcodeDistPipeline.\~\~\~TYVn0t/Root/Payload/retrieverBuyer.app/assets/app/assets/images/services/errands.png /var/folders/qq/kn3mb_ls71z640nps5cfm5yw0000gn/T/IDEIPAProcessor.AppThinning.\~\~\~MoDD6h/universal-iphoneos/Payload/retrieverBuyer.app/assets/app/assets/images/services/errands.png
2023-02-11 02:20:31 +0000                  copy food.png
$ cp /var/folders/qq/kn3mb_ls71z640nps5cfm5yw0000gn/T/XcodeDistPipeline.\~\~\~TYVn0t/Root/Payload/retrieverBuyer.app/assets/app/assets/images/services/food.png /var/folders/qq/kn3mb_ls71z640nps5cfm5yw0000gn/T/IDEIPAProcessor.AppThinning.\~\~\~MoDD6h/universal-iphoneos/Payload/retrieverBuyer.app/assets/app/assets/images/services/food.png
2023-02-11 02:20:31 +0000                  copy tools.png
2023-02-11 02:20:31 +0000  $ cp /var/folders/qq/kn3mb_ls71z640nps5cfm5yw0000gn/T/XcodeDistPipeline.\~\~\~TYVn0t/Root/Payload/retrieverBuyer.app/assets/app/assets/images/services/tools.png /var/folders/qq/kn3mb_ls71z640nps5cfm5yw0000gn/T/IDEIPAProcessor.AppThinning.\~\~\~MoDD6h/universal-iphoneos/Payload/retrieverBuyer.app/assets/app/assets/images/services/tools.png
2023-02-11 02:20:31 +0000                mkdr stores/
$ mkdir -p /var/folders/qq/kn3mb_ls71z640nps5cfm5yw0000gn/T/IDEIPAProcessor.AppThinning.\~\~\~MoDD6h/universal-iphoneos/Payload/retrieverBuyer.app/assets/app/assets/images/stores
2023-02-11 02:20:31 +0000                  copy coffee.jpg
$ cp /var/folders/qq/kn3mb_ls71z640nps5cfm5yw0000gn/T/XcodeDistPipeline.\~\~\~TYVn0t/Root/Payload/retrieverBuyer.app/assets/app/assets/images/stores/coffee.jpg /var/folders/qq/kn3mb_ls71z640nps5cfm5yw0000gn/T/IDEIPAProcessor.AppThinning.\~\~\~MoDD6h/universal-iphoneos/Payload/retrieverBuyer.app/assets/app/assets/images/stores/coffee.jpg
2023-02-11 02:20:31 +0000                  copy hayashi.jpg
2023-02-11 02:20:31 +0000  $ cp /var/folders/qq/kn3mb_ls71z640nps5cfm5yw0000gn/T/XcodeDistPipeline.\~\~\~TYVn0t/Root/Payload/retrieverBuyer.app/assets/app/assets/images/stores/hayashi.jpg /var/folders/qq/kn3mb_ls71z640nps5cfm5yw0000gn/T/IDEIPAProcessor.AppThinning.\~\~\~MoDD6h/universal-iphoneos/Payload/retrieverBuyer.app/assets/app/assets/images/stores/hayashi.jpg
2023-02-11 02:20:31 +0000                  copy leylam.jpg
2023-02-11 02:20:31 +0000  $ cp /var/folders/qq/kn3mb_ls71z640nps5cfm5yw0000gn/T/XcodeDistPipeline.\~\~\~TYVn0t/Root/Payload/retrieverBuyer.app/assets/app/assets/images/stores/leylam.jpg /var/folders/qq/kn3mb_ls71z640nps5cfm5yw0000gn/T/IDEIPAProcessor.AppThinning.\~\~\~MoDD6h/universal-iphoneos/Payload/retrieverBuyer.app/assets/app/assets/images/stores/leylam.jpg
2023-02-11 02:20:31 +0000                  copy manokan.jpg
2023-02-11 02:20:31 +0000  $ cp /var/folders/qq/kn3mb_ls71z640nps5cfm5yw0000gn/T/XcodeDistPipeline.\~\~\~TYVn0t/Root/Payload/retrieverBuyer.app/assets/app/assets/images/stores/manokan.jpg /var/folders/qq/kn3mb_ls71z640nps5cfm5yw0000gn/T/IDEIPAProcessor.AppThinning.\~\~\~MoDD6h/universal-iphoneos/Payload/retrieverBuyer.app/assets/app/assets/images/stores/manokan.jpg
2023-02-11 02:20:31 +0000                  copy sample.png
2023-02-11 02:20:31 +0000  $ cp /var/folders/qq/kn3mb_ls71z640nps5cfm5yw0000gn/T/XcodeDistPipeline.\~\~\~TYVn0t/Root/Payload/retrieverBuyer.app/assets/app/assets/images/stores/sample.png /var/folders/qq/kn3mb_ls71z640nps5cfm5yw0000gn/T/IDEIPAProcessor.AppThinning.\~\~\~MoDD6h/universal-iphoneos/Payload/retrieverBuyer.app/assets/app/assets/images/stores/sample.png
2023-02-11 02:20:31 +0000                mkdr toast/
$ mkdir -p /var/folders/qq/kn3mb_ls71z640nps5cfm5yw0000gn/T/IDEIPAProcessor.AppThinning.\~\~\~MoDD6h/universal-iphoneos/Payload/retrieverBuyer.app/assets/app/assets/images/toast
                copy welcome-toast.png
2023-02-11 02:20:31 +0000  $ cp /var/folders/qq/kn3mb_ls71z640nps5cfm5yw0000gn/T/XcodeDistPipeline.\~\~\~TYVn0t/Root/Payload/retrieverBuyer.app/assets/app/assets/images/toast/welcome-toast.png /var/folders/qq/kn3mb_ls71z640nps5cfm5yw0000gn/T/IDEIPAProcessor.AppThinning.\~\~\~MoDD6h/universal-iphoneos/Payload/retrieverBuyer.app/assets/app/assets/images/toast/welcome-toast.png
2023-02-11 02:20:31 +0000                mkdr treats/
$ mkdir -p /var/folders/qq/kn3mb_ls71z640nps5cfm5yw0000gn/T/IDEIPAProcessor.AppThinning.\~\~\~MoDD6h/universal-iphoneos/Payload/retrieverBuyer.app/assets/app/assets/images/treats
2023-02-11 02:20:31 +0000                  copy freedelivery.png
$ cp /var/folders/qq/kn3mb_ls71z640nps5cfm5yw0000gn/T/XcodeDistPipeline.\~\~\~TYVn0t/Root/Payload/retrieverBuyer.app/assets/app/assets/images/treats/freedelivery.png /var/folders/qq/kn3mb_ls71z640nps5cfm5yw0000gn/T/IDEIPAProcessor.AppThinning.\~\~\~MoDD6h/universal-iphoneos/Payload/retrieverBuyer.app/assets/app/assets/images/treats/freedelivery.png
2023-02-11 02:20:31 +0000                  copy moretreats.png
$ cp /var/folders/qq/kn3mb_ls71z640nps5cfm5yw0000gn/T/XcodeDistPipeline.\~\~\~TYVn0t/Root/Payload/retrieverBuyer.app/assets/app/assets/images/treats/moretreats.png /var/folders/qq/kn3mb_ls71z640nps5cfm5yw0000gn/T/IDEIPAProcessor.AppThinning.\~\~\~MoDD6h/universal-iphoneos/Payload/retrieverBuyer.app/assets/app/assets/images/treats/moretreats.png
2023-02-11 02:20:31 +0000                  copy treatsonsale.png
$ cp /var/folders/qq/kn3mb_ls71z640nps5cfm5yw0000gn/T/XcodeDistPipeline.\~\~\~TYVn0t/Root/Payload/retrieverBuyer.app/assets/app/assets/images/treats/treatsonsale.png /var/folders/qq/kn3mb_ls71z640nps5cfm5yw0000gn/T/IDEIPAProcessor.AppThinning.\~\~\~MoDD6h/universal-iphoneos/Payload/retrieverBuyer.app/assets/app/assets/images/treats/treatsonsale.png
2023-02-11 02:20:31 +0000                mkdr users/
$ mkdir -p /var/folders/qq/kn3mb_ls71z640nps5cfm5yw0000gn/T/IDEIPAProcessor.AppThinning.\~\~\~MoDD6h/universal-iphoneos/Payload/retrieverBuyer.app/assets/app/assets/images/users
2023-02-11 02:20:31 +0000                  copy person.png
$ cp /var/folders/qq/kn3mb_ls71z640nps5cfm5yw0000gn/T/XcodeDistPipeline.\~\~\~TYVn0t/Root/Payload/retrieverBuyer.app/assets/app/assets/images/users/person.png /var/folders/qq/kn3mb_ls71z640nps5cfm5yw0000gn/T/IDEIPAProcessor.AppThinning.\~\~\~MoDD6h/universal-iphoneos/Payload/retrieverBuyer.app/assets/app/assets/images/users/person.png
2023-02-11 02:20:31 +0000          mkdr node_modules/
$ mkdir -p /var/folders/qq/kn3mb_ls71z640nps5cfm5yw0000gn/T/IDEIPAProcessor.AppThinning.\~\~\~MoDD6h/universal-iphoneos/Payload/retrieverBuyer.app/assets/node_modules
2023-02-11 02:20:31 +0000            mkdr @react-navigation/
$ mkdir -p /var/folders/qq/kn3mb_ls71z640nps5cfm5yw0000gn/T/IDEIPAProcessor.AppThinning.\~\~\~MoDD6h/universal-iphoneos/Payload/retrieverBuyer.app/assets/node_modules/@react-navigation
2023-02-11 02:20:31 +0000              mkdr elements/
$ mkdir -p /var/folders/qq/kn3mb_ls71z640nps5cfm5yw0000gn/T/IDEIPAProcessor.AppThinning.\~\~\~MoDD6h/universal-iphoneos/Payload/retrieverBuyer.app/assets/node_modules/@react-navigation/elements
              mkdr src/
$ mkdir -p /var/folders/qq/kn3mb_ls71z640nps5cfm5yw0000gn/T/IDEIPAProcessor.AppThinning.\~\~\~MoDD6h/universal-iphoneos/Payload/retrieverBuyer.app/assets/node_modules/@react-navigation/elements/src
2023-02-11 02:20:31 +0000                  mkdr assets/
$ mkdir -p /var/folders/qq/kn3mb_ls71z640nps5cfm5yw0000gn/T/IDEIPAProcessor.AppThinning.\~\~\~MoDD6h/universal-iphoneos/Payload/retrieverBuyer.app/assets/node_modules/@react-navigation/elements/src/assets
                  copy back-icon-mask.png
$ cp /var/folders/qq/kn3mb_ls71z640nps5cfm5yw0000gn/T/XcodeDistPipeline.\~\~\~TYVn0t/Root/Payload/retrieverBuyer.app/assets/node_modules/@react-navigation/elements/src/assets/back-icon-mask.png /var/folders/qq/kn3mb_ls71z640nps5cfm5yw0000gn/T/IDEIPAProcessor.AppThinning.\~\~\~MoDD6h/universal-iphoneos/Payload/retrieverBuyer.app/assets/node_modules/@react-navigation/elements/src/assets/back-icon-mask.png
2023-02-11 02:20:31 +0000                    copy back-icon.png
2023-02-11 02:20:31 +0000  $ cp /var/folders/qq/kn3mb_ls71z640nps5cfm5yw0000gn/T/XcodeDistPipeline.\~\~\~TYVn0t/Root/Payload/retrieverBuyer.app/assets/node_modules/@react-navigation/elements/src/assets/back-icon.png /var/folders/qq/kn3mb_ls71z640nps5cfm5yw0000gn/T/IDEIPAProcessor.AppThinning.\~\~\~MoDD6h/universal-iphoneos/Payload/retrieverBuyer.app/assets/node_modules/@react-navigation/elements/src/assets/back-icon.png
2023-02-11 02:20:31 +0000                    copy back-icon@2x.png
$ cp /var/folders/qq/kn3mb_ls71z640nps5cfm5yw0000gn/T/XcodeDistPipeline.\~\~\~TYVn0t/Root/Payload/retrieverBuyer.app/assets/node_modules/@react-navigation/elements/src/assets/back-icon@2x.png /var/folders/qq/kn3mb_ls71z640nps5cfm5yw0000gn/T/IDEIPAProcessor.AppThinning.\~\~\~MoDD6h/universal-iphoneos/Payload/retrieverBuyer.app/assets/node_modules/@react-navigation/elements/src/assets/back-icon@2x.png
2023-02-11 02:20:31 +0000                    copy back-icon@3x.png
$ cp /var/folders/qq/kn3mb_ls71z640nps5cfm5yw0000gn/T/XcodeDistPipeline.\~\~\~TYVn0t/Root/Payload/retrieverBuyer.app/assets/node_modules/@react-navigation/elements/src/assets/back-icon@3x.png /var/folders/qq/kn3mb_ls71z640nps5cfm5yw0000gn/T/IDEIPAProcessor.AppThinning.\~\~\~MoDD6h/universal-iphoneos/Payload/retrieverBuyer.app/assets/node_modules/@react-navigation/elements/src/assets/back-icon@3x.png
2023-02-11 02:20:31 +0000            mkdr react-native-element-dropdown/
2023-02-11 02:20:31 +0000  $ mkdir -p /var/folders/qq/kn3mb_ls71z640nps5cfm5yw0000gn/T/IDEIPAProcessor.AppThinning.\~\~\~MoDD6h/universal-iphoneos/Payload/retrieverBuyer.app/assets/node_modules/react-native-element-dropdown
            mkdr src/
$ mkdir -p /var/folders/qq/kn3mb_ls71z640nps5cfm5yw0000gn/T/IDEIPAProcessor.AppThinning.\~\~\~MoDD6h/universal-iphoneos/Payload/retrieverBuyer.app/assets/node_modules/react-native-element-dropdown/src
2023-02-11 02:20:31 +0000                mkdr assets/
$ mkdir -p /var/folders/qq/kn3mb_ls71z640nps5cfm5yw0000gn/T/IDEIPAProcessor.AppThinning.\~\~\~MoDD6h/universal-iphoneos/Payload/retrieverBuyer.app/assets/node_modules/react-native-element-dropdown/src/assets
                copy close.png
$ cp /var/folders/qq/kn3mb_ls71z640nps5cfm5yw0000gn/T/XcodeDistPipeline.\~\~\~TYVn0t/Root/Payload/retrieverBuyer.app/assets/node_modules/react-native-element-dropdown/src/assets/close.png /var/folders/qq/kn3mb_ls71z640nps5cfm5yw0000gn/T/IDEIPAProcessor.AppThinning.\~\~\~MoDD6h/universal-iphoneos/Payload/retrieverBuyer.app/assets/node_modules/react-native-element-dropdown/src/assets/close.png
2023-02-11 02:20:31 +0000                  copy down.png
2023-02-11 02:20:31 +0000  $ cp /var/folders/qq/kn3mb_ls71z640nps5cfm5yw0000gn/T/XcodeDistPipeline.\~\~\~TYVn0t/Root/Payload/retrieverBuyer.app/assets/node_modules/react-native-element-dropdown/src/assets/down.png /var/folders/qq/kn3mb_ls71z640nps5cfm5yw0000gn/T/IDEIPAProcessor.AppThinning.\~\~\~MoDD6h/universal-iphoneos/Payload/retrieverBuyer.app/assets/node_modules/react-native-element-dropdown/src/assets/down.png
2023-02-11 02:20:31 +0000            mkdr react-native-google-places-autocomplete/
2023-02-11 02:20:31 +0000  $ mkdir -p /var/folders/qq/kn3mb_ls71z640nps5cfm5yw0000gn/T/IDEIPAProcessor.AppThinning.\~\~\~MoDD6h/universal-iphoneos/Payload/retrieverBuyer.app/assets/node_modules/react-native-google-places-autocomplete
2023-02-11 02:20:31 +0000              mkdr images/
$ mkdir -p /var/folders/qq/kn3mb_ls71z640nps5cfm5yw0000gn/T/IDEIPAProcessor.AppThinning.\~\~\~MoDD6h/universal-iphoneos/Payload/retrieverBuyer.app/assets/node_modules/react-native-google-places-autocomplete/images
              copy powered_by_google_on_white.png
$ cp /var/folders/qq/kn3mb_ls71z640nps5cfm5yw0000gn/T/XcodeDistPipeline.\~\~\~TYVn0t/Root/Payload/retrieverBuyer.app/assets/node_modules/react-native-google-places-autocomplete/images/powered_by_google_on_white.png /var/folders/qq/kn3mb_ls71z640nps5cfm5yw0000gn/T/IDEIPAProcessor.AppThinning.\~\~\~MoDD6h/universal-iphoneos/Payload/retrieverBuyer.app/assets/node_modules/react-native-google-places-autocomplete/images/powered_by_google_on_white.png
2023-02-11 02:20:31 +0000                copy powered_by_google_on_white@2x.png
2023-02-11 02:20:31 +0000  $ cp /var/folders/qq/kn3mb_ls71z640nps5cfm5yw0000gn/T/XcodeDistPipeline.\~\~\~TYVn0t/Root/Payload/retrieverBuyer.app/assets/node_modules/react-native-google-places-autocomplete/images/powered_by_google_on_white@2x.png /var/folders/qq/kn3mb_ls71z640nps5cfm5yw0000gn/T/IDEIPAProcessor.AppThinning.\~\~\~MoDD6h/universal-iphoneos/Payload/retrieverBuyer.app/assets/node_modules/react-native-google-places-autocomplete/images/powered_by_google_on_white@2x.png
2023-02-11 02:20:31 +0000                copy powered_by_google_on_white@3x.png
2023-02-11 02:20:31 +0000  $ cp /var/folders/qq/kn3mb_ls71z640nps5cfm5yw0000gn/T/XcodeDistPipeline.\~\~\~TYVn0t/Root/Payload/retrieverBuyer.app/assets/node_modules/react-native-google-places-autocomplete/images/powered_by_google_on_white@3x.png /var/folders/qq/kn3mb_ls71z640nps5cfm5yw0000gn/T/IDEIPAProcessor.AppThinning.\~\~\~MoDD6h/universal-iphoneos/Payload/retrieverBuyer.app/assets/node_modules/react-native-google-places-autocomplete/images/powered_by_google_on_white@3x.png
2023-02-11 02:20:31 +0000            mkdr react-native-paper/
2023-02-11 02:20:31 +0000  $ mkdir -p /var/folders/qq/kn3mb_ls71z640nps5cfm5yw0000gn/T/IDEIPAProcessor.AppThinning.\~\~\~MoDD6h/universal-iphoneos/Payload/retrieverBuyer.app/assets/node_modules/react-native-paper
            mkdr src/
$ mkdir -p /var/folders/qq/kn3mb_ls71z640nps5cfm5yw0000gn/T/IDEIPAProcessor.AppThinning.\~\~\~MoDD6h/universal-iphoneos/Payload/retrieverBuyer.app/assets/node_modules/react-native-paper/src
2023-02-11 02:20:31 +0000                mkdr assets/
$ mkdir -p /var/folders/qq/kn3mb_ls71z640nps5cfm5yw0000gn/T/IDEIPAProcessor.AppThinning.\~\~\~MoDD6h/universal-iphoneos/Payload/retrieverBuyer.app/assets/node_modules/react-native-paper/src/assets
2023-02-11 02:20:31 +0000                  copy back-chevron.png
$ cp /var/folders/qq/kn3mb_ls71z640nps5cfm5yw0000gn/T/XcodeDistPipeline.\~\~\~TYVn0t/Root/Payload/retrieverBuyer.app/assets/node_modules/react-native-paper/src/assets/back-chevron.png /var/folders/qq/kn3mb_ls71z640nps5cfm5yw0000gn/T/IDEIPAProcessor.AppThinning.\~\~\~MoDD6h/universal-iphoneos/Payload/retrieverBuyer.app/assets/node_modules/react-native-paper/src/assets/back-chevron.png
2023-02-11 02:20:31 +0000            mkdr react-native-ratings/
2023-02-11 02:20:31 +0000  $ mkdir -p /var/folders/qq/kn3mb_ls71z640nps5cfm5yw0000gn/T/IDEIPAProcessor.AppThinning.\~\~\~MoDD6h/universal-iphoneos/Payload/retrieverBuyer.app/assets/node_modules/react-native-ratings
            mkdr dist/
$ mkdir -p /var/folders/qq/kn3mb_ls71z640nps5cfm5yw0000gn/T/IDEIPAProcessor.AppThinning.\~\~\~MoDD6h/universal-iphoneos/Payload/retrieverBuyer.app/assets/node_modules/react-native-ratings/dist
2023-02-11 02:20:31 +0000                mkdr images/
$ mkdir -p /var/folders/qq/kn3mb_ls71z640nps5cfm5yw0000gn/T/IDEIPAProcessor.AppThinning.\~\~\~MoDD6h/universal-iphoneos/Payload/retrieverBuyer.app/assets/node_modules/react-native-ratings/dist/images
                copy airbnb-star-selected.png
$ cp /var/folders/qq/kn3mb_ls71z640nps5cfm5yw0000gn/T/XcodeDistPipeline.\~\~\~TYVn0t/Root/Payload/retrieverBuyer.app/assets/node_modules/react-native-ratings/dist/images/airbnb-star-selected.png /var/folders/qq/kn3mb_ls71z640nps5cfm5yw0000gn/T/IDEIPAProcessor.AppThinning.\~\~\~MoDD6h/universal-iphoneos/Payload/retrieverBuyer.app/assets/node_modules/react-native-ratings/dist/images/airbnb-star-selected.png
2023-02-11 02:20:31 +0000                  copy airbnb-star.png
2023-02-11 02:20:31 +0000  $ cp /var/folders/qq/kn3mb_ls71z640nps5cfm5yw0000gn/T/XcodeDistPipeline.\~\~\~TYVn0t/Root/Payload/retrieverBuyer.app/assets/node_modules/react-native-ratings/dist/images/airbnb-star.png /var/folders/qq/kn3mb_ls71z640nps5cfm5yw0000gn/T/IDEIPAProcessor.AppThinning.\~\~\~MoDD6h/universal-iphoneos/Payload/retrieverBuyer.app/assets/node_modules/react-native-ratings/dist/images/airbnb-star.png
2023-02-11 02:20:31 +0000                  copy bell.png
2023-02-11 02:20:31 +0000  $ cp /var/folders/qq/kn3mb_ls71z640nps5cfm5yw0000gn/T/XcodeDistPipeline.\~\~\~TYVn0t/Root/Payload/retrieverBuyer.app/assets/node_modules/react-native-ratings/dist/images/bell.png /var/folders/qq/kn3mb_ls71z640nps5cfm5yw0000gn/T/IDEIPAProcessor.AppThinning.\~\~\~MoDD6h/universal-iphoneos/Payload/retrieverBuyer.app/assets/node_modules/react-native-ratings/dist/images/bell.png
2023-02-11 02:20:31 +0000                  copy heart.png
2023-02-11 02:20:31 +0000  $ cp /var/folders/qq/kn3mb_ls71z640nps5cfm5yw0000gn/T/XcodeDistPipeline.\~\~\~TYVn0t/Root/Payload/retrieverBuyer.app/assets/node_modules/react-native-ratings/dist/images/heart.png /var/folders/qq/kn3mb_ls71z640nps5cfm5yw0000gn/T/IDEIPAProcessor.AppThinning.\~\~\~MoDD6h/universal-iphoneos/Payload/retrieverBuyer.app/assets/node_modules/react-native-ratings/dist/images/heart.png
2023-02-11 02:20:31 +0000                  copy rocket.png
2023-02-11 02:20:31 +0000  $ cp /var/folders/qq/kn3mb_ls71z640nps5cfm5yw0000gn/T/XcodeDistPipeline.\~\~\~TYVn0t/Root/Payload/retrieverBuyer.app/assets/node_modules/react-native-ratings/dist/images/rocket.png /var/folders/qq/kn3mb_ls71z640nps5cfm5yw0000gn/T/IDEIPAProcessor.AppThinning.\~\~\~MoDD6h/universal-iphoneos/Payload/retrieverBuyer.app/assets/node_modules/react-native-ratings/dist/images/rocket.png
2023-02-11 02:20:31 +0000                  copy star.png
$ cp /var/folders/qq/kn3mb_ls71z640nps5cfm5yw0000gn/T/XcodeDistPipeline.\~\~\~TYVn0t/Root/Payload/retrieverBuyer.app/assets/node_modules/react-native-ratings/dist/images/star.png /var/folders/qq/kn3mb_ls71z640nps5cfm5yw0000gn/T/IDEIPAProcessor.AppThinning.\~\~\~MoDD6h/universal-iphoneos/Payload/retrieverBuyer.app/assets/node_modules/react-native-ratings/dist/images/star.png
2023-02-11 02:20:31 +0000        copy embedded.mobileprovision
2023-02-11 02:20:31 +0000  $ cp /var/folders/qq/kn3mb_ls71z640nps5cfm5yw0000gn/T/XcodeDistPipeline.\~\~\~TYVn0t/Root/Payload/retrieverBuyer.app/embedded.mobileprovision /var/folders/qq/kn3mb_ls71z640nps5cfm5yw0000gn/T/IDEIPAProcessor.AppThinning.\~\~\~MoDD6h/universal-iphoneos/Payload/retrieverBuyer.app/embedded.mobileprovision
2023-02-11 02:20:31 +0000        bndl gRPCCertificates-Cpp.bundle (iphoneos)
2023-02-11 02:20:31 +0000  $ mkdir -p /var/folders/qq/kn3mb_ls71z640nps5cfm5yw0000gn/T/IDEIPAProcessor.AppThinning.\~\~\~MoDD6h/universal-iphoneos/Payload/retrieverBuyer.app/gRPCCertificates-Cpp.bundle
        copy Info.plist
$ cp /var/folders/qq/kn3mb_ls71z640nps5cfm5yw0000gn/T/XcodeDistPipeline.\~\~\~TYVn0t/Root/Payload/retrieverBuyer.app/gRPCCertificates-Cpp.bundle/Info.plist /var/folders/qq/kn3mb_ls71z640nps5cfm5yw0000gn/T/IDEIPAProcessor.AppThinning.\~\~\~MoDD6h/universal-iphoneos/Payload/retrieverBuyer.app/gRPCCertificates-Cpp.bundle/Info.plist
2023-02-11 02:20:31 +0000          copy roots.pem
2023-02-11 02:20:31 +0000  $ cp /var/folders/qq/kn3mb_ls71z640nps5cfm5yw0000gn/T/XcodeDistPipeline.\~\~\~TYVn0t/Root/Payload/retrieverBuyer.app/gRPCCertificates-Cpp.bundle/roots.pem /var/folders/qq/kn3mb_ls71z640nps5cfm5yw0000gn/T/IDEIPAProcessor.AppThinning.\~\~\~MoDD6h/universal-iphoneos/Payload/retrieverBuyer.app/gRPCCertificates-Cpp.bundle/roots.pem
2023-02-11 02:20:31 +0000        copy main.jsbundle
2023-02-11 02:20:31 +0000  $ cp /var/folders/qq/kn3mb_ls71z640nps5cfm5yw0000gn/T/XcodeDistPipeline.\~\~\~TYVn0t/Root/Payload/retrieverBuyer.app/main.jsbundle /var/folders/qq/kn3mb_ls71z640nps5cfm5yw0000gn/T/IDEIPAProcessor.AppThinning.\~\~\~MoDD6h/universal-iphoneos/Payload/retrieverBuyer.app/main.jsbundle
2023-02-11 02:20:31 +0000        copy retrieverBuyer
2023-02-11 02:20:31 +0000  $ cp /var/folders/qq/kn3mb_ls71z640nps5cfm5yw0000gn/T/ipatool20230211-36966-16ltzrz/universal-MachOs/Payload/retrieverBuyer.app/retrieverBuyer /var/folders/qq/kn3mb_ls71z640nps5cfm5yw0000gn/T/IDEIPAProcessor.AppThinning.\~\~\~MoDD6h/universal-iphoneos/Payload/retrieverBuyer.app/retrieverBuyer
2023-02-11 02:20:31 +0000  $ rm -f /var/folders/qq/kn3mb_ls71z640nps5cfm5yw0000gn/T/IDEIPAProcessor.AppThinning.\~\~\~MoDD6h/universal-iphoneos/Payload/retrieverBuyer.app/Info.plist
2023-02-11 02:20:31 +0000  /System/Library/Frameworks/Ruby.framework/Versions/2.6/usr/lib/ruby/gems/2.6.0/gems/CFPropertyList-2.3.6/lib/cfpropertylist/rbCFPropertyList.rb:394: warning: File.exists? is a deprecated name, use File.exist? instead
2023-02-11 02:20:31 +0000  Removing temporary directory /var/folders/qq/kn3mb_ls71z640nps5cfm5yw0000gn/T/ipatool20230211-36966-16ltzrz...
$ rm -r /var/folders/qq/kn3mb_ls71z640nps5cfm5yw0000gn/T/ipatool20230211-36966-16ltzrz
2023-02-11 02:20:32 +0000  /Applications/Xcode.app/Contents/Developer/usr/bin/ipatool exited with 0
2023-02-11 02:20:32 +0000  ipatool JSON: {
    alerts =     (
                {
            code = 3834;
            description = "Configuration issue: platform AppleTVSimulator.platform doesn't have any non-simulator SDKs; ignoring it";
            info =             {
            };
            level = WARN;
        },
                {
            code = 4010;
            description = "Couldn't load device traits database for platform 'driverkit' from /Applications/Xcode.app/Contents/Developer/Platforms/DriverKit.platform/usr/standalone/device_traits.db:\n#<SQLite3::CantOpenException: unable to open database file>\n    /Applications/Xcode.app/Contents/Developer/usr/bin/ipatool:3915:in `initialize'\n    /Applications/Xcode.app/Contents/Developer/usr/bin/ipatool:3915:in `new'\n    /Applications/Xcode.app/Contents/Developer/usr/bin/ipatool:3915:in `initialize'\n    /Applications/Xcode.app/Contents/Developer/usr/bin/ipatool:3860:in `new'\n    /Applications/Xcode.app/Contents/Developer/usr/bin/ipatool:3860:in `block in allKnownPlatforms'\n    /Applications/Xcode.app/Contents/Developer/usr/bin/ipatool:3824:in `each'\n    /Applications/Xcode.app/Contents/Developer/usr/bin/ipatool:3824:in `allKnownPlatforms'\n    /Applications/Xcode.app/Contents/Developer/usr/bin/ipatool:4031:in `<main>'";
            info =             {
            };
            level = WARN;
        },
                {
            code = 3834;
            description = "Configuration issue: platform WatchSimulator.platform doesn't have any non-simulator SDKs; ignoring it";
            info =             {
            };
            level = WARN;
        },
                {
            code = 3834;
            description = "Configuration issue: platform iPhoneSimulator.platform doesn't have any non-simulator SDKs; ignoring it";
            info =             {
            };
            level = WARN;
        }
    );
    thinnableAssetCatalogs =     (
        "/var/folders/qq/kn3mb_ls71z640nps5cfm5yw0000gn/T/XcodeDistPipeline.~~~TYVn0t/Root/Payload/retrieverBuyer.app/GoogleMaps.bundle/Assets.car",
        "/var/folders/qq/kn3mb_ls71z640nps5cfm5yw0000gn/T/XcodeDistPipeline.~~~TYVn0t/Root/Payload/retrieverBuyer.app/GoogleMaps.bundle/GMSCoreResources.bundle/Assets.car"
    );
    universalIPA =     {
        path = "/var/folders/qq/kn3mb_ls71z640nps5cfm5yw0000gn/T/IDEIPAProcessor.AppThinning.~~~MoDD6h/universal-iphoneos";
        platform = iphoneos;
    };
    universalIPAs =     (
                {
            path = "/var/folders/qq/kn3mb_ls71z640nps5cfm5yw0000gn/T/IDEIPAProcessor.AppThinning.~~~MoDD6h/universal-iphoneos";
            platform = iphoneos;
        }
    );
}
2023-02-11 02:20:35 +0000  Processing step: IDEDistributionCodeSlimmingStep
2023-02-11 02:20:35 +0000  Processing step: IDEDistributionCopyBCSymbolMapsStep
2023-02-11 02:20:36 +0000  Processing step: IDEDistributionSymbolsStep
2023-02-11 02:20:36 +0000  Skipping step: IDEDistributionSymbolsStep because it said so
2023-02-11 02:20:36 +0000  Skipping step: IDEDistributionSymbolsStep because it said so
2023-02-11 02:20:36 +0000  Processing step: IDEDistributionAppThinningStep
2023-02-11 02:20:36 +0000  Skipping step: IDEDistributionAppThinningStep because it said so
2023-02-11 02:20:36 +0000  Processing step: IDEDistributionArchThinningStep
2023-02-11 02:20:36 +0000  Running /Applications/Xcode.app/Contents/Developer/Toolchains/XcodeDefault.xctoolchain/usr/bin/lipo '/var/folders/qq/kn3mb_ls71z640nps5cfm5yw0000gn/T/XcodeDistPipeline.~~~TYVn0t/Root/Payload/retrieverBuyer.app/Frameworks/hermes.framework/hermes' '-verify_arch' 'arm64e'
2023-02-11 02:20:36 +0000  /Applications/Xcode.app/Contents/Developer/Toolchains/XcodeDefault.xctoolchain/usr/bin/lipo exited with 1
2023-02-11 02:20:36 +0000  Skipping architecture thinning for item "hermes" because arch "arm64e" wasn't found
2023-02-11 02:20:36 +0000  Running /Applications/Xcode.app/Contents/Developer/Toolchains/XcodeDefault.xctoolchain/usr/bin/lipo '/var/folders/qq/kn3mb_ls71z640nps5cfm5yw0000gn/T/XcodeDistPipeline.~~~TYVn0t/Root/Payload/retrieverBuyer.app/retrieverBuyer' '-verify_arch' 'arm64e'
2023-02-11 02:20:36 +0000  /Applications/Xcode.app/Contents/Developer/Toolchains/XcodeDefault.xctoolchain/usr/bin/lipo exited with 1
2023-02-11 02:20:36 +0000  Skipping architecture thinning for item "retrieverBuyer" because arch "arm64e" wasn't found
2023-02-11 02:20:36 +0000  Processing step: IDEDistributionODRStep
2023-02-11 02:20:36 +0000  Processing step: IDEDistributionStripXattrsStep
2023-02-11 02:20:36 +0000  Skipping stripping extended attributes of item: <IDEDistributionItem: 0x7fc9220b6a00; bundleID='dev.hermesengine.iphoneos', path='<DVTFilePath:0x7fc9214741f0:'/Users/retrievertechcorp/Library/Developer/Xcode/Archives/2023-02-11/retrieverBuyer 2-11-23, 10.09 AM.xcarchive/Products/Applications/retrieverBuyer.app/Frameworks/hermes.framework'>', codeSigningInfo='<_DVTCodeSigningInformation_Path: 0x7fc9223ae540; isSigned='1', isAdHocSigned='0', signingCertificate='<DVTSigningCertificate: 0x7fc9220fe250; name='Apple Development: Meonie Sonico (83L6729JDR)', hash='A23A9C44AB52E69C7973A55AB1EFB253D9320D2E', serialNumber='52BDF08777A572C63EB5C2D01A5FEC1E', certificateKinds='(
    "1.2.840.113635.100.6.1.12",
    "1.2.840.113635.100.6.1.2"
), issueDate='2022-11-25 01:06:19 +0000''>', entitlements='(null)', teamID='GMM38QJ4GA', identifier='dev.hermesengine.iphoneos', executablePath='<DVTFilePath:0x7fc9214756f0:'/Users/retrievertechcorp/Library/Developer/Xcode/Archives/2023-02-11/retrieverBuyer 2-11-23, 10.09 AM.xcarchive/Products/Applications/retrieverBuyer.app/Frameworks/hermes.framework/hermes'>', hardenedRuntime='0'>'>
2023-02-11 02:20:36 +0000  Running /usr/bin/xattr '-crs' '/var/folders/qq/kn3mb_ls71z640nps5cfm5yw0000gn/T/XcodeDistPipeline.~~~TYVn0t/Root/Payload/retrieverBuyer.app'
2023-02-11 02:20:36 +0000  /usr/bin/xattr exited with 0
2023-02-11 02:20:36 +0000  Processing step: IDEDistributionCodesignStep
2023-02-11 02:20:36 +0000  Entitlements for <IDEDistributionItem: 0x7fc9220b6a00; bundleID='dev.hermesengine.iphoneos', path='<DVTFilePath:0x7fc9214741f0:'/Users/retrievertechcorp/Library/Developer/Xcode/Archives/2023-02-11/retrieverBuyer 2-11-23, 10.09 AM.xcarchive/Products/Applications/retrieverBuyer.app/Frameworks/hermes.framework'>', codeSigningInfo='<_DVTCodeSigningInformation_Path: 0x7fc9223ae540; isSigned='1', isAdHocSigned='0', signingCertificate='<DVTSigningCertificate: 0x7fc90d9a7020; name='Apple Development: Meonie Sonico (83L6729JDR)', hash='A23A9C44AB52E69C7973A55AB1EFB253D9320D2E', serialNumber='52BDF08777A572C63EB5C2D01A5FEC1E', certificateKinds='(
    "1.2.840.113635.100.6.1.12",
    "1.2.840.113635.100.6.1.2"
), issueDate='2022-11-25 01:06:19 +0000''>', entitlements='(null)', teamID='GMM38QJ4GA', identifier='dev.hermesengine.iphoneos', executablePath='<DVTFilePath:0x7fc9214756f0:'/Users/retrievertechcorp/Library/Developer/Xcode/Archives/2023-02-11/retrieverBuyer 2-11-23, 10.09 AM.xcarchive/Products/Applications/retrieverBuyer.app/Frameworks/hermes.framework/hermes'>', hardenedRuntime='0'>'>: {
}
2023-02-11 02:20:36 +0000  Entitlements for <IDEDistributionItem: 0x7fc9220b6a00; bundleID='dev.hermesengine.iphoneos', path='<DVTFilePath:0x7fc9214741f0:'/Users/retrievertechcorp/Library/Developer/Xcode/Archives/2023-02-11/retrieverBuyer 2-11-23, 10.09 AM.xcarchive/Products/Applications/retrieverBuyer.app/Frameworks/hermes.framework'>', codeSigningInfo='<_DVTCodeSigningInformation_Path: 0x7fc9223ae540; isSigned='1', isAdHocSigned='0', signingCertificate='<DVTSigningCertificate: 0x7fc9226b0f00; name='Apple Development: Meonie Sonico (83L6729JDR)', hash='A23A9C44AB52E69C7973A55AB1EFB253D9320D2E', serialNumber='52BDF08777A572C63EB5C2D01A5FEC1E', certificateKinds='(
    "1.2.840.113635.100.6.1.12",
    "1.2.840.113635.100.6.1.2"
), issueDate='2022-11-25 01:06:19 +0000''>', entitlements='(null)', teamID='GMM38QJ4GA', identifier='dev.hermesengine.iphoneos', executablePath='<DVTFilePath:0x7fc9214756f0:'/Users/retrievertechcorp/Library/Developer/Xcode/Archives/2023-02-11/retrieverBuyer 2-11-23, 10.09 AM.xcarchive/Products/Applications/retrieverBuyer.app/Frameworks/hermes.framework/hermes'>', hardenedRuntime='0'>'> are: {
}
2023-02-11 02:20:36 +0000  Writing entitlements for <IDEDistributionItem: 0x7fc9220b6a00; bundleID='dev.hermesengine.iphoneos', path='<DVTFilePath:0x7fc9214741f0:'/Users/retrievertechcorp/Library/Developer/Xcode/Archives/2023-02-11/retrieverBuyer 2-11-23, 10.09 AM.xcarchive/Products/Applications/retrieverBuyer.app/Frameworks/hermes.framework'>', codeSigningInfo='<_DVTCodeSigningInformation_Path: 0x7fc9223ae540; isSigned='1', isAdHocSigned='0', signingCertificate='<DVTSigningCertificate: 0x7fc9220fe250; name='Apple Development: Meonie Sonico (83L6729JDR)', hash='A23A9C44AB52E69C7973A55AB1EFB253D9320D2E', serialNumber='52BDF08777A572C63EB5C2D01A5FEC1E', certificateKinds='(
    "1.2.840.113635.100.6.1.12",
    "1.2.840.113635.100.6.1.2"
), issueDate='2022-11-25 01:06:19 +0000''>', entitlements='(null)', teamID='GMM38QJ4GA', identifier='dev.hermesengine.iphoneos', executablePath='<DVTFilePath:0x7fc9214756f0:'/Users/retrievertechcorp/Library/Developer/Xcode/Archives/2023-02-11/retrieverBuyer 2-11-23, 10.09 AM.xcarchive/Products/Applications/retrieverBuyer.app/Frameworks/hermes.framework/hermes'>', hardenedRuntime='0'>'> to: /var/folders/qq/kn3mb_ls71z640nps5cfm5yw0000gn/T/XcodeDistPipeline.~~~TYVn0t/entitlements~~~ibyvnh
2023-02-11 02:20:36 +0000  Running /usr/bin/codesign '-vvv' '--force' '--sign' 'A23A9C44AB52E69C7973A55AB1EFB253D9320D2E' '--entitlements' '/var/folders/qq/kn3mb_ls71z640nps5cfm5yw0000gn/T/XcodeDistPipeline.~~~TYVn0t/entitlements~~~ibyvnh' '--generate-entitlement-der' '--preserve-metadata=identifier,flags,runtime' '/var/folders/qq/kn3mb_ls71z640nps5cfm5yw0000gn/T/XcodeDistPipeline.~~~TYVn0t/Root/Payload/retrieverBuyer.app/Frameworks/hermes.framework'
2023-02-11 02:20:36 +0000  /var/folders/qq/kn3mb_ls71z640nps5cfm5yw0000gn/T/XcodeDistPipeline.~~~TYVn0t/Root/Payload/retrieverBuyer.app/Frameworks/hermes.framework: signed bundle with Mach-O thin (arm64) [dev.hermesengine.iphoneos]
2023-02-11 02:20:36 +0000  /usr/bin/codesign exited with 0
2023-02-11 02:20:36 +0000  Entitlements for <IDEDistributionItem: 0x7fc9227c2fa0; bundleID='com.retrieverbuyer', path='<DVTFilePath:0x7fc91fade480:'/Users/retrievertechcorp/Library/Developer/Xcode/Archives/2023-02-11/retrieverBuyer 2-11-23, 10.09 AM.xcarchive/Products/Applications/retrieverBuyer.app'>', codeSigningInfo='<_DVTCodeSigningInformation_Path: 0x7fc92b5e3dc0; isSigned='1', isAdHocSigned='0', signingCertificate='<DVTSigningCertificate: 0x7fc92125d3e0; name='Apple Development: Meonie Sonico (83L6729JDR)', hash='A23A9C44AB52E69C7973A55AB1EFB253D9320D2E', serialNumber='52BDF08777A572C63EB5C2D01A5FEC1E', certificateKinds='(
    "1.2.840.113635.100.6.1.12",
    "1.2.840.113635.100.6.1.2"
), issueDate='2022-11-25 01:06:19 +0000''>', entitlements='{
    "application-identifier" = "GMM38QJ4GA.com.retrieverbuyer";
    "aps-environment" = development;
    "com.apple.developer.team-identifier" = GMM38QJ4GA;
    "get-task-allow" = 1;
}', teamID='GMM38QJ4GA', identifier='com.retrieverbuyer', executablePath='<DVTFilePath:0x7fc91f6610b0:'/Users/retrievertechcorp/Library/Developer/Xcode/Archives/2023-02-11/retrieverBuyer 2-11-23, 10.09 AM.xcarchive/Products/Applications/retrieverBuyer.app/retrieverBuyer'>', hardenedRuntime='0'>'>: {
    "application-identifier" = "GMM38QJ4GA.com.retrieverbuyer";
    "aps-environment" = development;
    "com.apple.developer.team-identifier" = GMM38QJ4GA;
    "get-task-allow" = 1;
}
2023-02-11 02:20:36 +0000  Entitlements for <IDEDistributionItem: 0x7fc9227c2fa0; bundleID='com.retrieverbuyer', path='<DVTFilePath:0x7fc91fade480:'/Users/retrievertechcorp/Library/Developer/Xcode/Archives/2023-02-11/retrieverBuyer 2-11-23, 10.09 AM.xcarchive/Products/Applications/retrieverBuyer.app'>', codeSigningInfo='<_DVTCodeSigningInformation_Path: 0x7fc92b5e3dc0; isSigned='1', isAdHocSigned='0', signingCertificate='<DVTSigningCertificate: 0x7fc9226fa6b0; name='Apple Development: Meonie Sonico (83L6729JDR)', hash='A23A9C44AB52E69C7973A55AB1EFB253D9320D2E', serialNumber='52BDF08777A572C63EB5C2D01A5FEC1E', certificateKinds='(
    "1.2.840.113635.100.6.1.12",
    "1.2.840.113635.100.6.1.2"
), issueDate='2022-11-25 01:06:19 +0000''>', entitlements='{
    "application-identifier" = "GMM38QJ4GA.com.retrieverbuyer";
    "aps-environment" = development;
    "com.apple.developer.team-identifier" = GMM38QJ4GA;
    "get-task-allow" = 1;
}', teamID='GMM38QJ4GA', identifier='com.retrieverbuyer', executablePath='<DVTFilePath:0x7fc91f6610b0:'/Users/retrievertechcorp/Library/Developer/Xcode/Archives/2023-02-11/retrieverBuyer 2-11-23, 10.09 AM.xcarchive/Products/Applications/retrieverBuyer.app/retrieverBuyer'>', hardenedRuntime='0'>'> are: {
    "application-identifier" = "GMM38QJ4GA.com.retrieverbuyer";
    "aps-environment" = development;
    "com.apple.developer.team-identifier" = GMM38QJ4GA;
    "get-task-allow" = 1;
}
2023-02-11 02:20:36 +0000  Writing entitlements for <IDEDistributionItem: 0x7fc9227c2fa0; bundleID='com.retrieverbuyer', path='<DVTFilePath:0x7fc91fade480:'/Users/retrievertechcorp/Library/Developer/Xcode/Archives/2023-02-11/retrieverBuyer 2-11-23, 10.09 AM.xcarchive/Products/Applications/retrieverBuyer.app'>', codeSigningInfo='<_DVTCodeSigningInformation_Path: 0x7fc92b5e3dc0; isSigned='1', isAdHocSigned='0', signingCertificate='<DVTSigningCertificate: 0x7fc9226f8bc0; name='Apple Development: Meonie Sonico (83L6729JDR)', hash='A23A9C44AB52E69C7973A55AB1EFB253D9320D2E', serialNumber='52BDF08777A572C63EB5C2D01A5FEC1E', certificateKinds='(
    "1.2.840.113635.100.6.1.12",
    "1.2.840.113635.100.6.1.2"
), issueDate='2022-11-25 01:06:19 +0000''>', entitlements='{
    "application-identifier" = "GMM38QJ4GA.com.retrieverbuyer";
    "aps-environment" = development;
    "com.apple.developer.team-identifier" = GMM38QJ4GA;
    "get-task-allow" = 1;
}', teamID='GMM38QJ4GA', identifier='com.retrieverbuyer', executablePath='<DVTFilePath:0x7fc91f6610b0:'/Users/retrievertechcorp/Library/Developer/Xcode/Archives/2023-02-11/retrieverBuyer 2-11-23, 10.09 AM.xcarchive/Products/Applications/retrieverBuyer.app/retrieverBuyer'>', hardenedRuntime='0'>'> to: /var/folders/qq/kn3mb_ls71z640nps5cfm5yw0000gn/T/XcodeDistPipeline.~~~TYVn0t/entitlements~~~Q6kmvd
2023-02-11 02:20:36 +0000  Running /usr/bin/codesign '-vvv' '--force' '--sign' 'A23A9C44AB52E69C7973A55AB1EFB253D9320D2E' '--entitlements' '/var/folders/qq/kn3mb_ls71z640nps5cfm5yw0000gn/T/XcodeDistPipeline.~~~TYVn0t/entitlements~~~Q6kmvd' '--generate-entitlement-der' '--preserve-metadata=identifier,flags,runtime' '/var/folders/qq/kn3mb_ls71z640nps5cfm5yw0000gn/T/XcodeDistPipeline.~~~TYVn0t/Root/Payload/retrieverBuyer.app'
2023-02-11 02:20:36 +0000  /var/folders/qq/kn3mb_ls71z640nps5cfm5yw0000gn/T/XcodeDistPipeline.~~~TYVn0t/Root/Payload/retrieverBuyer.app: replacing existing signature
2023-02-11 02:20:37 +0000  /var/folders/qq/kn3mb_ls71z640nps5cfm5yw0000gn/T/XcodeDistPipeline.~~~TYVn0t/Root/Payload/retrieverBuyer.app: signed app bundle with Mach-O thin (arm64) [com.retrieverbuyer]
2023-02-11 02:20:37 +0000  /usr/bin/codesign exited with 0
2023-02-11 02:20:37 +0000  Processing step: IDEDistributionZipODRItemStep
2023-02-11 02:20:37 +0000  Skipping step: IDEDistributionZipODRItemStep because it said so
2023-02-11 02:20:37 +0000  Skipping step: IDEDistributionZipODRItemStep because it said so
2023-02-11 02:20:37 +0000  Processing step: IDEDistributionCreateIPAStep
2023-02-11 02:20:37 +0000  Running /usr/bin/ditto '-V' '-c' '-k' '--norsrc' '/var/folders/qq/kn3mb_ls71z640nps5cfm5yw0000gn/T/XcodeDistPipeline.~~~TYVn0t/Root' '/var/folders/qq/kn3mb_ls71z640nps5cfm5yw0000gn/T/XcodeDistPipeline.~~~TYVn0t/Packages/retrieverBuyer.ipa'
2023-02-11 02:20:37 +0000  >>> Copying /var/folders/qq/kn3mb_ls71z640nps5cfm5yw0000gn/T/XcodeDistPipeline.~~~TYVn0t/Root 
2023-02-11 02:20:37 +0000  copying file ./Payload/retrieverBuyer.app/HKGrotesk-SemiBoldLegacy.ttf ... 
2023-02-11 02:20:37 +0000  86340 bytes for ./Payload/retrieverBuyer.app/HKGrotesk-SemiBoldLegacy.ttf
2023-02-11 02:20:37 +0000  copying file ./Payload/retrieverBuyer.app/_CodeSignature/CodeResources ... 
2023-02-11 02:20:37 +0000  130702 bytes for ./Payload/retrieverBuyer.app/_CodeSignature/CodeResources
2023-02-11 02:20:37 +0000  copying file ./Payload/retrieverBuyer.app/Fontisto.ttf ... 
2023-02-11 02:20:37 +0000  313528 bytes for ./Payload/retrieverBuyer.app/Fontisto.ttf
2023-02-11 02:20:37 +0000  copying file ./Payload/retrieverBuyer.app/Octicons.ttf ... 
2023-02-11 02:20:37 +0000  49404 bytes for ./Payload/retrieverBuyer.app/Octicons.ttf
2023-02-11 02:20:37 +0000  copying file ./Payload/retrieverBuyer.app/Feather.ttf ... 
2023-02-11 02:20:37 +0000  56228 bytes for ./Payload/retrieverBuyer.app/Feather.ttf
2023-02-11 02:20:37 +0000  copying file ./Payload/retrieverBuyer.app/HKGrotesk-MediumItalic.ttf ... 
2023-02-11 02:20:37 +0000  87908 bytes for ./Payload/retrieverBuyer.app/HKGrotesk-MediumItalic.ttf
2023-02-11 02:20:37 +0000  copying file ./Payload/retrieverBuyer.app/Entypo.ttf ... 
2023-02-11 02:20:37 +0000  66200 bytes for ./Payload/retrieverBuyer.app/Entypo.ttf
2023-02-11 02:20:37 +0000  copying file ./Payload/retrieverBuyer.app/HKGrotesk-LegacyItalic.ttf ... 
2023-02-11 02:20:37 +0000  88948 bytes for ./Payload/retrieverBuyer.app/HKGrotesk-LegacyItalic.ttf
2023-02-11 02:20:37 +0000  copying file ./Payload/retrieverBuyer.app/GoogleMaps.bundle/bubble_left@3x.png ... 
2386 bytes for ./Payload/retrieverBuyer.app/GoogleMaps.bundle/bubble_left@3x.png
copying file ./Payload/retrieverBuyer.app/GoogleMaps.bundle/bubble_left.png ... 
2023-02-11 02:20:37 +0000  451 bytes for ./Payload/retrieverBuyer.app/GoogleMaps.bundle/bubble_left.png
copying file ./Payload/retrieverBuyer.app/GoogleMaps.bundle/bubble_left@2x.png ... 
2023-02-11 02:20:37 +0000  1055 bytes for ./Payload/retrieverBuyer.app/GoogleMaps.bundle/bubble_left@2x.png
copying file ./Payload/retrieverBuyer.app/GoogleMaps.bundle/bubble_right@3x.png ... 
2374 bytes for ./Payload/retrieverBuyer.app/GoogleMaps.bundle/bubble_right@3x.png
copying file ./Payload/retrieverBuyer.app/GoogleMaps.bundle/ic_error.png ... 
2023-02-11 02:20:37 +0000  236 bytes for ./Payload/retrieverBuyer.app/GoogleMaps.bundle/ic_error.png
copying file ./Payload/retrieverBuyer.app/GoogleMaps.bundle/bubble_right@2x.png ... 
2023-02-11 02:20:37 +0000  1051 bytes for ./Payload/retrieverBuyer.app/GoogleMaps.bundle/bubble_right@2x.png
copying file ./Payload/retrieverBuyer.app/GoogleMaps.bundle/GMSCoreResources.bundle/de.lproj/GMSCore.strings ... 
2023-02-11 02:20:37 +0000  4308 bytes for ./Payload/retrieverBuyer.app/GoogleMaps.bundle/GMSCoreResources.bundle/de.lproj/GMSCore.strings
2023-02-11 02:20:37 +0000  copying file ./Payload/retrieverBuyer.app/GoogleMaps.bundle/GMSCoreResources.bundle/he.lproj/GMSCore.strings ... 
4436 bytes for ./Payload/retrieverBuyer.app/GoogleMaps.bundle/GMSCoreResources.bundle/he.lproj/GMSCore.strings
2023-02-11 02:20:37 +0000  copying file ./Payload/retrieverBuyer.app/GoogleMaps.bundle/GMSCoreResources.bundle/en_AU.lproj/GMSCore.strings ... 
2023-02-11 02:20:37 +0000  4078 bytes for ./Payload/retrieverBuyer.app/GoogleMaps.bundle/GMSCoreResources.bundle/en_AU.lproj/GMSCore.strings
copying file ./Payload/retrieverBuyer.app/GoogleMaps.bundle/GMSCoreResources.bundle/ic_covid_medical_waypoint_alert_32pt@2x.png ... 
943 bytes for ./Payload/retrieverBuyer.app/GoogleMaps.bundle/GMSCoreResources.bundle/ic_covid_medical_waypoint_alert_32pt@2x.png
2023-02-11 02:20:37 +0000  copying file ./Payload/retrieverBuyer.app/GoogleMaps.bundle/GMSCoreResources.bundle/ar.lproj/GMSCore.strings ... 
2023-02-11 02:20:37 +0000  5230 bytes for ./Payload/retrieverBuyer.app/GoogleMaps.bundle/GMSCoreResources.bundle/ar.lproj/GMSCore.strings
copying file ./Payload/retrieverBuyer.app/GoogleMaps.bundle/GMSCoreResources.bundle/el.lproj/GMSCore.strings ... 
2023-02-11 02:20:37 +0000  4694 bytes for ./Payload/retrieverBuyer.app/GoogleMaps.bundle/GMSCoreResources.bundle/el.lproj/GMSCore.strings
copying file ./Payload/retrieverBuyer.app/GoogleMaps.bundle/GMSCoreResources.bundle/ja.lproj/GMSCore.strings ... 
2023-02-11 02:20:37 +0000  3880 bytes for ./Payload/retrieverBuyer.app/GoogleMaps.bundle/GMSCoreResources.bundle/ja.lproj/GMSCore.strings
copying file ./Payload/retrieverBuyer.app/GoogleMaps.bundle/GMSCoreResources.bundle/ic_covid_checkpoint_waypoint_alert_night_32pt.png ... 
2023-02-11 02:20:37 +0000  602 bytes for ./Payload/retrieverBuyer.app/GoogleMaps.bundle/GMSCoreResources.bundle/ic_covid_checkpoint_waypoint_alert_night_32pt.png
copying file ./Payload/retrieverBuyer.app/GoogleMaps.bundle/GMSCoreResources.bundle/sq.lproj/GMSCore.strings ... 
2023-02-11 02:20:37 +0000  4410 bytes for ./Payload/retrieverBuyer.app/GoogleMaps.bundle/GMSCoreResources.bundle/sq.lproj/GMSCore.strings
2023-02-11 02:20:37 +0000  copying file ./Payload/retrieverBuyer.app/GoogleMaps.bundle/GMSCoreResources.bundle/ic_qu_direction_mylocation@2x.png ... 
663 bytes for ./Payload/retrieverBuyer.app/GoogleMaps.bundle/GMSCoreResources.bundle/ic_qu_direction_mylocation@2x.png
2023-02-11 02:20:37 +0000  copying file ./Payload/retrieverBuyer.app/GoogleMaps.bundle/GMSCoreResources.bundle/en.lproj/GMSCore.strings ... 
2023-02-11 02:20:37 +0000  4061 bytes for ./Payload/retrieverBuyer.app/GoogleMaps.bundle/GMSCoreResources.bundle/en.lproj/GMSCore.strings
copying file ./Payload/retrieverBuyer.app/GoogleMaps.bundle/GMSCoreResources.bundle/ic_covid_border_waypoint_alert_32pt.png ... 
2023-02-11 02:20:37 +0000  422 bytes for ./Payload/retrieverBuyer.app/GoogleMaps.bundle/GMSCoreResources.bundle/ic_covid_border_waypoint_alert_32pt.png
copying file ./Payload/retrieverBuyer.app/GoogleMaps.bundle/GMSCoreResources.bundle/uk.lproj/GMSCore.strings ... 
2023-02-11 02:20:37 +0000  4963 bytes for ./Payload/retrieverBuyer.app/GoogleMaps.bundle/GMSCoreResources.bundle/uk.lproj/GMSCore.strings
copying file ./Payload/retrieverBuyer.app/GoogleMaps.bundle/GMSCoreResources.bundle/ic_qu_direction_mylocation.png ... 
2023-02-11 02:20:37 +0000  362 bytes for ./Payload/retrieverBuyer.app/GoogleMaps.bundle/GMSCoreResources.bundle/ic_qu_direction_mylocation.png
copying file ./Payload/retrieverBuyer.app/GoogleMaps.bundle/GMSCoreResources.bundle/es_419.lproj/GMSCore.strings ... 
2023-02-11 02:20:37 +0000  4376 bytes for ./Payload/retrieverBuyer.app/GoogleMaps.bundle/GMSCoreResources.bundle/es_419.lproj/GMSCore.strings
2023-02-11 02:20:37 +0000  copying file ./Payload/retrieverBuyer.app/GoogleMaps.bundle/GMSCoreResources.bundle/GMSSprites-0-1x.png ... 
2023-02-11 02:20:37 +0000  13906 bytes for ./Payload/retrieverBuyer.app/GoogleMaps.bundle/GMSCoreResources.bundle/GMSSprites-0-1x.png
2023-02-11 02:20:37 +0000  copying file ./Payload/retrieverBuyer.app/GoogleMaps.bundle/GMSCoreResources.bundle/ic_compass_needle_large@2x.png ... 
2446 bytes for ./Payload/retrieverBuyer.app/GoogleMaps.bundle/GMSCoreResources.bundle/ic_compass_needle_large@2x.png
2023-02-11 02:20:37 +0000  copying file ./Payload/retrieverBuyer.app/GoogleMaps.bundle/GMSCoreResources.bundle/ic_compass_needle_large@3x.png ... 
2023-02-11 02:20:37 +0000  3304 bytes for ./Payload/retrieverBuyer.app/GoogleMaps.bundle/GMSCoreResources.bundle/ic_compass_needle_large@3x.png
copying file ./Payload/retrieverBuyer.app/GoogleMaps.bundle/GMSCoreResources.bundle/es_MX.lproj/GMSCore.strings ... 
2023-02-11 02:20:37 +0000  4376 bytes for ./Payload/retrieverBuyer.app/GoogleMaps.bundle/GMSCoreResources.bundle/es_MX.lproj/GMSCore.strings
2023-02-11 02:20:37 +0000  copying file ./Payload/retrieverBuyer.app/GoogleMaps.bundle/GMSCoreResources.bundle/ic_compass_needle_large.png ... 
1114 bytes for ./Payload/retrieverBuyer.app/GoogleMaps.bundle/GMSCoreResources.bundle/ic_compass_needle_large.png
2023-02-11 02:20:37 +0000  copying file ./Payload/retrieverBuyer.app/GoogleMaps.bundle/GMSCoreResources.bundle/zh_CN.lproj/GMSCore.strings ... 
2023-02-11 02:20:37 +0000  3871 bytes for ./Payload/retrieverBuyer.app/GoogleMaps.bundle/GMSCoreResources.bundle/zh_CN.lproj/GMSCore.strings
copying file ./Payload/retrieverBuyer.app/GoogleMaps.bundle/GMSCoreResources.bundle/ic_qu_direction_mylocation@3x.png ... 
2023-02-11 02:20:37 +0000  1240 bytes for ./Payload/retrieverBuyer.app/GoogleMaps.bundle/GMSCoreResources.bundle/ic_qu_direction_mylocation@3x.png
copying file ./Payload/retrieverBuyer.app/GoogleMaps.bundle/GMSCoreResources.bundle/DroidSansMerged-Regular.ttf ... 
2023-02-11 02:20:37 +0000  392092 bytes for ./Payload/retrieverBuyer.app/GoogleMaps.bundle/GMSCoreResources.bundle/DroidSansMerged-Regular.ttf
2023-02-11 02:20:37 +0000  copying file ./Payload/retrieverBuyer.app/GoogleMaps.bundle/GMSCoreResources.bundle/nb.lproj/GMSCore.strings ... 
4211 bytes for ./Payload/retrieverBuyer.app/GoogleMaps.bundle/GMSCoreResources.bundle/nb.lproj/GMSCore.strings
2023-02-11 02:20:37 +0000  copying file ./Payload/retrieverBuyer.app/GoogleMaps.bundle/GMSCoreResources.bundle/es.lproj/GMSCore.strings ... 
2023-02-11 02:20:37 +0000  4377 bytes for ./Payload/retrieverBuyer.app/GoogleMaps.bundle/GMSCoreResources.bundle/es.lproj/GMSCore.strings
copying file ./Payload/retrieverBuyer.app/GoogleMaps.bundle/GMSCoreResources.bundle/sw.lproj/GMSCore.strings ... 
2023-02-11 02:20:37 +0000  4171 bytes for ./Payload/retrieverBuyer.app/GoogleMaps.bundle/GMSCoreResources.bundle/sw.lproj/GMSCore.strings
copying file ./Payload/retrieverBuyer.app/GoogleMaps.bundle/GMSCoreResources.bundle/ic_covid_medical_waypoint_alert_32pt@3x.png ... 
2023-02-11 02:20:37 +0000  1203 bytes for ./Payload/retrieverBuyer.app/GoogleMaps.bundle/GMSCoreResources.bundle/ic_covid_medical_waypoint_alert_32pt@3x.png
2023-02-11 02:20:37 +0000  copying file ./Payload/retrieverBuyer.app/GoogleMaps.bundle/GMSCoreResources.bundle/pt_BR.lproj/GMSCore.strings ... 
2023-02-11 02:20:37 +0000  4388 bytes for ./Payload/retrieverBuyer.app/GoogleMaps.bundle/GMSCoreResources.bundle/pt_BR.lproj/GMSCore.strings
2023-02-11 02:20:37 +0000  copying file ./Payload/retrieverBuyer.app/GoogleMaps.bundle/GMSCoreResources.bundle/da.lproj/GMSCore.strings ... 
2023-02-11 02:20:37 +0000  4321 bytes for ./Payload/retrieverBuyer.app/GoogleMaps.bundle/GMSCoreResources.bundle/da.lproj/GMSCore.strings
copying file ./Payload/retrieverBuyer.app/GoogleMaps.bundle/GMSCoreResources.bundle/ic_location_off@3x.png ... 
2023-02-11 02:20:37 +0000  1577 bytes for ./Payload/retrieverBuyer.app/GoogleMaps.bundle/GMSCoreResources.bundle/ic_location_off@3x.png
copying file ./Payload/retrieverBuyer.app/GoogleMaps.bundle/GMSCoreResources.bundle/it.lproj/GMSCore.strings ... 
2023-02-11 02:20:37 +0000  4115 bytes for ./Payload/retrieverBuyer.app/GoogleMaps.bundle/GMSCoreResources.bundle/it.lproj/GMSCore.strings
2023-02-11 02:20:37 +0000  copying file ./Payload/retrieverBuyer.app/GoogleMaps.bundle/GMSCoreResources.bundle/sk.lproj/GMSCore.strings ... 
2023-02-11 02:20:37 +0000  4441 bytes for ./Payload/retrieverBuyer.app/GoogleMaps.bundle/GMSCoreResources.bundle/sk.lproj/GMSCore.strings
2023-02-11 02:20:37 +0000  copying file ./Payload/retrieverBuyer.app/GoogleMaps.bundle/GMSCoreResources.bundle/GMSNavSprites-0-3x.png ... 
2023-02-11 02:20:37 +0000  20924 bytes for ./Payload/retrieverBuyer.app/GoogleMaps.bundle/GMSCoreResources.bundle/GMSNavSprites-0-3x.png
2023-02-11 02:20:37 +0000  copying file ./Payload/retrieverBuyer.app/GoogleMaps.bundle/GMSCoreResources.bundle/pt_PT.lproj/GMSCore.strings ... 
2023-02-11 02:20:37 +0000  4389 bytes for ./Payload/retrieverBuyer.app/GoogleMaps.bundle/GMSCoreResources.bundle/pt_PT.lproj/GMSCore.strings
copying file ./Payload/retrieverBuyer.app/GoogleMaps.bundle/GMSCoreResources.bundle/button_compass_night.png ... 
2023-02-11 02:20:37 +0000  720 bytes for ./Payload/retrieverBuyer.app/GoogleMaps.bundle/GMSCoreResources.bundle/button_compass_night.png
2023-02-11 02:20:37 +0000  copying file ./Payload/retrieverBuyer.app/GoogleMaps.bundle/GMSCoreResources.bundle/button_my_location.png ... 
2023-02-11 02:20:37 +0000  492 bytes for ./Payload/retrieverBuyer.app/GoogleMaps.bundle/GMSCoreResources.bundle/button_my_location.png
copying file ./Payload/retrieverBuyer.app/GoogleMaps.bundle/GMSCoreResources.bundle/road_16-4.png ... 
2023-02-11 02:20:37 +0000  127 bytes for ./Payload/retrieverBuyer.app/GoogleMaps.bundle/GMSCoreResources.bundle/road_16-4.png
copying file ./Payload/retrieverBuyer.app/GoogleMaps.bundle/GMSCoreResources.bundle/sr.lproj/GMSCore.strings ... 
2023-02-11 02:20:37 +0000  4754 bytes for ./Payload/retrieverBuyer.app/GoogleMaps.bundle/GMSCoreResources.bundle/sr.lproj/GMSCore.strings
2023-02-11 02:20:37 +0000  copying file ./Payload/retrieverBuyer.app/GoogleMaps.bundle/GMSCoreResources.bundle/ms.lproj/GMSCore.strings ... 
2023-02-11 02:20:37 +0000  4033 bytes for ./Payload/retrieverBuyer.app/GoogleMaps.bundle/GMSCoreResources.bundle/ms.lproj/GMSCore.strings
copying file ./Payload/retrieverBuyer.app/GoogleMaps.bundle/GMSCoreResources.bundle/road_256-64.png ... 
2023-02-11 02:20:37 +0000  1934 bytes for ./Payload/retrieverBuyer.app/GoogleMaps.bundle/GMSCoreResources.bundle/road_256-64.png
copying file ./Payload/retrieverBuyer.app/GoogleMaps.bundle/GMSCoreResources.bundle/button_compass.png ... 
2023-02-11 02:20:37 +0000  631 bytes for ./Payload/retrieverBuyer.app/GoogleMaps.bundle/GMSCoreResources.bundle/button_compass.png
2023-02-11 02:20:37 +0000  copying file ./Payload/retrieverBuyer.app/GoogleMaps.bundle/GMSCoreResources.bundle/sv.lproj/GMSCore.strings ... 
2023-02-11 02:20:37 +0000  4451 bytes for ./Payload/retrieverBuyer.app/GoogleMaps.bundle/GMSCoreResources.bundle/sv.lproj/GMSCore.strings
copying file ./Payload/retrieverBuyer.app/GoogleMaps.bundle/GMSCoreResources.bundle/road_8-2.png ... 
2023-02-11 02:20:37 +0000  93 bytes for ./Payload/retrieverBuyer.app/GoogleMaps.bundle/GMSCoreResources.bundle/road_8-2.png
copying file ./Payload/retrieverBuyer.app/GoogleMaps.bundle/GMSCoreResources.bundle/ic_closed_place_waypoint_alert_32pt.png ... 
494 bytes for ./Payload/retrieverBuyer.app/GoogleMaps.bundle/GMSCoreResources.bundle/ic_closed_place_waypoint_alert_32pt.png
copying file ./Payload/retrieverBuyer.app/GoogleMaps.bundle/GMSCoreResources.bundle/cs.lproj/GMSCore.strings ... 
2023-02-11 02:20:37 +0000  4667 bytes for ./Payload/retrieverBuyer.app/GoogleMaps.bundle/GMSCoreResources.bundle/cs.lproj/GMSCore.strings
2023-02-11 02:20:37 +0000  copying file ./Payload/retrieverBuyer.app/GoogleMaps.bundle/GMSCoreResources.bundle/button_background.png ... 
334 bytes for ./Payload/retrieverBuyer.app/GoogleMaps.bundle/GMSCoreResources.bundle/button_background.png
copying file ./Payload/retrieverBuyer.app/GoogleMaps.bundle/GMSCoreResources.bundle/GMSNavNightModeSprites-0-1x.png ... 
2023-02-11 02:20:37 +0000  3393 bytes for ./Payload/retrieverBuyer.app/GoogleMaps.bundle/GMSCoreResources.bundle/GMSNavNightModeSprites-0-1x.png
copying file ./Payload/retrieverBuyer.app/GoogleMaps.bundle/GMSCoreResources.bundle/button_my_location@2x.png ... 
2023-02-11 02:20:37 +0000  1229 bytes for ./Payload/retrieverBuyer.app/GoogleMaps.bundle/GMSCoreResources.bundle/button_my_location@2x.png
2023-02-11 02:20:37 +0000  copying file ./Payload/retrieverBuyer.app/GoogleMaps.bundle/GMSCoreResources.bundle/en_IN.lproj/GMSCore.strings ... 
2023-02-11 02:20:37 +0000  4078 bytes for ./Payload/retrieverBuyer.app/GoogleMaps.bundle/GMSCoreResources.bundle/en_IN.lproj/GMSCore.strings
2023-02-11 02:20:37 +0000  copying file ./Payload/retrieverBuyer.app/GoogleMaps.bundle/GMSCoreResources.bundle/ko.lproj/GMSCore.strings ... 
2023-02-11 02:20:37 +0000  3904 bytes for ./Payload/retrieverBuyer.app/GoogleMaps.bundle/GMSCoreResources.bundle/ko.lproj/GMSCore.strings
copying file ./Payload/retrieverBuyer.app/GoogleMaps.bundle/GMSCoreResources.bundle/GMSNavSprites-0-2x.png ... 
2023-02-11 02:20:37 +0000  13321 bytes for ./Payload/retrieverBuyer.app/GoogleMaps.bundle/GMSCoreResources.bundle/GMSNavSprites-0-2x.png
2023-02-11 02:20:37 +0000  copying file ./Payload/retrieverBuyer.app/GoogleMaps.bundle/GMSCoreResources.bundle/ic_location_off@2x.png ... 
860 bytes for ./Payload/retrieverBuyer.app/GoogleMaps.bundle/GMSCoreResources.bundle/ic_location_off@2x.png
2023-02-11 02:20:37 +0000  copying file ./Payload/retrieverBuyer.app/GoogleMaps.bundle/GMSCoreResources.bundle/my.lproj/GMSCore.strings ... 
2023-02-11 02:20:37 +0000  4524 bytes for ./Payload/retrieverBuyer.app/GoogleMaps.bundle/GMSCoreResources.bundle/my.lproj/GMSCore.strings
copying file ./Payload/retrieverBuyer.app/GoogleMaps.bundle/GMSCoreResources.bundle/ic_covid_checkpoint_waypoint_alert_32pt@2x.png ... 
2023-02-11 02:20:37 +0000  1373 bytes for ./Payload/retrieverBuyer.app/GoogleMaps.bundle/GMSCoreResources.bundle/ic_covid_checkpoint_waypoint_alert_32pt@2x.png
2023-02-11 02:20:37 +0000  copying file ./Payload/retrieverBuyer.app/GoogleMaps.bundle/GMSCoreResources.bundle/GMSNavSprites-0-1x.png ... 
2023-02-11 02:20:37 +0000  5684 bytes for ./Payload/retrieverBuyer.app/GoogleMaps.bundle/GMSCoreResources.bundle/GMSNavSprites-0-1x.png
copying file ./Payload/retrieverBuyer.app/GoogleMaps.bundle/GMSCoreResources.bundle/Tharlon-Regular.ttf ... 
2023-02-11 02:20:37 +0000  353228 bytes for ./Payload/retrieverBuyer.app/GoogleMaps.bundle/GMSCoreResources.bundle/Tharlon-Regular.ttf
2023-02-11 02:20:37 +0000  copying file ./Payload/retrieverBuyer.app/GoogleMaps.bundle/GMSCoreResources.bundle/hu.lproj/GMSCore.strings ... 
4195 bytes for ./Payload/retrieverBuyer.app/GoogleMaps.bundle/GMSCoreResources.bundle/hu.lproj/GMSCore.strings
2023-02-11 02:20:37 +0000  copying file ./Payload/retrieverBuyer.app/GoogleMaps.bundle/GMSCoreResources.bundle/zh_HK.lproj/GMSCore.strings ... 
2023-02-11 02:20:37 +0000  3832 bytes for ./Payload/retrieverBuyer.app/GoogleMaps.bundle/GMSCoreResources.bundle/zh_HK.lproj/GMSCore.strings
copying file ./Payload/retrieverBuyer.app/GoogleMaps.bundle/GMSCoreResources.bundle/road_4-1.png ... 
74 bytes for ./Payload/retrieverBuyer.app/GoogleMaps.bundle/GMSCoreResources.bundle/road_4-1.png
2023-02-11 02:20:37 +0000  copying file ./Payload/retrieverBuyer.app/GoogleMaps.bundle/GMSCoreResources.bundle/ka.lproj/GMSCore.strings ... 
4322 bytes for ./Payload/retrieverBuyer.app/GoogleMaps.bundle/GMSCoreResources.bundle/ka.lproj/GMSCore.strings
2023-02-11 02:20:37 +0000  copying file ./Payload/retrieverBuyer.app/GoogleMaps.bundle/GMSCoreResources.bundle/button_background@2x.png ... 
433 bytes for ./Payload/retrieverBuyer.app/GoogleMaps.bundle/GMSCoreResources.bundle/button_background@2x.png
copying file ./Payload/retrieverBuyer.app/GoogleMaps.bundle/GMSCoreResources.bundle/ic_compass_needle_32pt.png ... 
2023-02-11 02:20:37 +0000  742 bytes for ./Payload/retrieverBuyer.app/GoogleMaps.bundle/GMSCoreResources.bundle/ic_compass_needle_32pt.png
copying file ./Payload/retrieverBuyer.app/GoogleMaps.bundle/GMSCoreResources.bundle/ic_compass_needle@2x.png ... 
992 bytes for ./Payload/retrieverBuyer.app/GoogleMaps.bundle/GMSCoreResources.bundle/ic_compass_needle@2x.png
copying file ./Payload/retrieverBuyer.app/GoogleMaps.bundle/GMSCoreResources.bundle/Assets.car ... 
2023-02-11 02:20:37 +0000  48575 bytes for ./Payload/retrieverBuyer.app/GoogleMaps.bundle/GMSCoreResources.bundle/Assets.car
2023-02-11 02:20:37 +0000  copying file ./Payload/retrieverBuyer.app/GoogleMaps.bundle/GMSCoreResources.bundle/tr.lproj/GMSCore.strings ... 
2023-02-11 02:20:37 +0000  4175 bytes for ./Payload/retrieverBuyer.app/GoogleMaps.bundle/GMSCoreResources.bundle/tr.lproj/GMSCore.strings
2023-02-11 02:20:37 +0000  copying file ./Payload/retrieverBuyer.app/GoogleMaps.bundle/GMSCoreResources.bundle/pl.lproj/GMSCore.strings ... 
2023-02-11 02:20:37 +0000  4491 bytes for ./Payload/retrieverBuyer.app/GoogleMaps.bundle/GMSCoreResources.bundle/pl.lproj/GMSCore.strings
2023-02-11 02:20:37 +0000  copying file ./Payload/retrieverBuyer.app/GoogleMaps.bundle/GMSCoreResources.bundle/zh_TW.lproj/GMSCore.strings ... 
2023-02-11 02:20:37 +0000  3857 bytes for ./Payload/retrieverBuyer.app/GoogleMaps.bundle/GMSCoreResources.bundle/zh_TW.lproj/GMSCore.strings
2023-02-11 02:20:37 +0000  copying file ./Payload/retrieverBuyer.app/GoogleMaps.bundle/GMSCoreResources.bundle/ic_closed_place_waypoint_alert_32pt@3x.png ... 
2023-02-11 02:20:37 +0000  1643 bytes for ./Payload/retrieverBuyer.app/GoogleMaps.bundle/GMSCoreResources.bundle/ic_closed_place_waypoint_alert_32pt@3x.png
copying file ./Payload/retrieverBuyer.app/GoogleMaps.bundle/GMSCoreResources.bundle/GMSNavNightModeSprites-0-2x.png ... 
2023-02-11 02:20:37 +0000  7660 bytes for ./Payload/retrieverBuyer.app/GoogleMaps.bundle/GMSCoreResources.bundle/GMSNavNightModeSprites-0-2x.png
2023-02-11 02:20:37 +0000  copying file ./Payload/retrieverBuyer.app/GoogleMaps.bundle/GMSCoreResources.bundle/GMSNavNightModeSprites-0-3x.png ... 
2023-02-11 02:20:37 +0000  12519 bytes for ./Payload/retrieverBuyer.app/GoogleMaps.bundle/GMSCoreResources.bundle/GMSNavNightModeSprites-0-3x.png
copying file ./Payload/retrieverBuyer.app/GoogleMaps.bundle/GMSCoreResources.bundle/ic_closed_place_waypoint_alert_32pt@2x.png ... 
1210 bytes for ./Payload/retrieverBuyer.app/GoogleMaps.bundle/GMSCoreResources.bundle/ic_closed_place_waypoint_alert_32pt@2x.png
copying file ./Payload/retrieverBuyer.app/GoogleMaps.bundle/GMSCoreResources.bundle/en_GB.lproj/GMSCore.strings ... 
4078 bytes for ./Payload/retrieverBuyer.app/GoogleMaps.bundle/GMSCoreResources.bundle/en_GB.lproj/GMSCore.strings
copying file ./Payload/retrieverBuyer.app/GoogleMaps.bundle/GMSCoreResources.bundle/dav_one_way_16_256.png ... 
315 bytes for ./Payload/retrieverBuyer.app/GoogleMaps.bundle/GMSCoreResources.bundle/dav_one_way_16_256.png
copying file ./Payload/retrieverBuyer.app/GoogleMaps.bundle/GMSCoreResources.bundle/road_2-1.png ... 
84 bytes for ./Payload/retrieverBuyer.app/GoogleMaps.bundle/GMSCoreResources.bundle/road_2-1.png
copying file ./Payload/retrieverBuyer.app/GoogleMaps.bundle/GMSCoreResources.bundle/vi.lproj/GMSCore.strings ... 
4232 bytes for ./Payload/retrieverBuyer.app/GoogleMaps.bundle/GMSCoreResources.bundle/vi.lproj/GMSCore.strings
copying file ./Payload/retrieverBuyer.app/GoogleMaps.bundle/GMSCoreResources.bundle/button_background@3x.png ... 
515 bytes for ./Payload/retrieverBuyer.app/GoogleMaps.bundle/GMSCoreResources.bundle/button_background@3x.png
copying file ./Payload/retrieverBuyer.app/GoogleMaps.bundle/GMSCoreResources.bundle/road_32-8.png ... 
223 bytes for ./Payload/retrieverBuyer.app/GoogleMaps.bundle/GMSCoreResources.bundle/road_32-8.png
copying file ./Payload/retrieverBuyer.app/GoogleMaps.bundle/GMSCoreResources.bundle/lv.lproj/GMSCore.strings ... 
4617 bytes for ./Payload/retrieverBuyer.app/GoogleMaps.bundle/GMSCoreResources.bundle/lv.lproj/GMSCore.strings
copying file ./Payload/retrieverBuyer.app/GoogleMaps.bundle/GMSCoreResources.bundle/lt.lproj/GMSCore.strings ... 
4321 bytes for ./Payload/retrieverBuyer.app/GoogleMaps.bundle/GMSCoreResources.bundle/lt.lproj/GMSCore.strings
copying file ./Payload/retrieverBuyer.app/GoogleMaps.bundle/GMSCoreResources.bundle/ru.lproj/GMSCore.strings ... 
4771 bytes for ./Payload/retrieverBuyer.app/GoogleMaps.bundle/GMSCoreResources.bundle/ru.lproj/GMSCore.strings
copying file ./Payload/retrieverBuyer.app/GoogleMaps.bundle/GMSCoreResources.bundle/GMSShaders.metallib ... 
208148 bytes for ./Payload/retrieverBuyer.app/GoogleMaps.bundle/GMSCoreResources.bundle/GMSShaders.metallib
copying file ./Payload/retrieverBuyer.app/GoogleMaps.bundle/GMSCoreResources.bundle/polyline_colors_texture_dim.png ... 
7485 bytes for ./Payload/retrieverBuyer.app/GoogleMaps.bundle/GMSCoreResources.bundle/polyline_colors_texture_dim.png
copying file ./Payload/retrieverBuyer.app/GoogleMaps.bundle/GMSCoreResources.bundle/ic_covid_checkpoint_waypoint_alert_32pt@3x.png ... 
1826 bytes for ./Payload/retrieverBuyer.app/GoogleMaps.bundle/GMSCoreResources.bundle/ic_covid_checkpoint_waypoint_alert_32pt@3x.png
copying file ./Payload/retrieverBuyer.app/GoogleMaps.bundle/GMSCoreResources.bundle/ic_closed_place_waypoint_alert_night_32pt.png ... 
435 bytes for ./Payload/retrieverBuyer.app/GoogleMaps.bundle/GMSCoreResources.bundle/ic_closed_place_waypoint_alert_night_32pt.png
copying file ./Payload/retrieverBuyer.app/GoogleMaps.bundle/GMSCoreResources.bundle/fr_CA.lproj/GMSCore.strings ... 
4335 bytes for ./Payload/retrieverBuyer.app/GoogleMaps.bundle/GMSCoreResources.bundle/fr_CA.lproj/GMSCore.strings
copying file ./Payload/retrieverBuyer.app/GoogleMaps.bundle/GMSCoreResources.bundle/ic_covid_checkpoint_waypoint_alert_night_32pt@3x.png ... 
1841 bytes for ./Payload/retrieverBuyer.app/GoogleMaps.bundle/GMSCoreResources.bundle/ic_covid_checkpoint_waypoint_alert_night_32pt@3x.png
copying file ./Payload/retrieverBuyer.app/GoogleMaps.bundle/GMSCoreResources.bundle/ic_compass_needle_32pt@2x.png ... 
1360 bytes for ./Payload/retrieverBuyer.app/GoogleMaps.bundle/GMSCoreResources.bundle/ic_compass_needle_32pt@2x.png
co
2023-02-11 02:20:37 +0000  pying file ./Payload/retrieverBuyer.app/GoogleMaps.bundle/GMSCoreResources.bundle/road_128-32.png ... 
1029 bytes for ./Payload/retrieverBuyer.app/GoogleMaps.bundle/GMSCoreResources.bundle/road_128-32.png
copying file ./Payload/retrieverBuyer.app/GoogleMaps.bundle/GMSCoreResources.bundle/ic_covid_medical_waypoint_alert_32pt.png ... 
441 bytes for ./Payload/retrieverBuyer.app/GoogleMaps.bundle/GMSCoreResources.bundle/ic_covid_medical_waypoint_alert_32pt.png
copying file ./Payload/retrieverBuyer.app/GoogleMaps.bundle/GMSCoreResources.bundle/fr.lproj/GMSCore.strings ... 
4633 bytes for ./Payload/retrieverBuyer.app/GoogleMaps.bundle/GMSCoreResources.bundle/fr.lproj/GMSCore.strings
copying file ./Payload/retrieverBuyer.app/GoogleMaps.bundle/GMSCoreResources.bundle/fi.lproj/GMSCore.strings ... 
4286 bytes for ./Payload/retrieverBuyer.app/GoogleMaps.bundle/GMSCoreResources.bundle/fi.lproj/GMSCore.strings
copying file ./Payload/retrieverBuyer.app/GoogleMaps.bundle/GMSCoreResources.bundle/id.lproj/GMSCore.strings ... 
3954 bytes for ./Payload/retrieverBuyer.app/GoogleMaps.bundle/GMSCoreResources.bundle/id.lproj/GMSCore.strings
copying file ./Payload/retrieverBuyer.app/GoogleMaps.bundle/GMSCoreResources.bundle/nl.lproj/GMSCore.strings ... 
4144 bytes for ./Payload/retrieverBuyer.app/GoogleMaps.bundle/GMSCoreResources.bundle/nl.lproj/GMSCore.strings
copying file ./Payload/retrieverBuyer.app/GoogleMaps.bundle/GMSCoreResources.bundle/th.lproj/GMSCore.strings ... 
4157 bytes for ./Payload/retrieverBuyer.app/GoogleMaps.bundle/GMSCoreResources.bundle/th.lproj/GMSCore.strings
copying file ./Payload/retrieverBuyer.app/GoogleMaps.bundle/GMSCoreResources.bundle/ic_covid_medical_waypoint_alert_night_32pt@3x.png ... 
1066 bytes for ./Payload/retrieverBuyer.app/GoogleMaps.bundle/GMSCoreResources.bundle/ic_covid_medical_waypoint_alert_night_32pt@3x.png
copying file ./Payload/retrieverBuyer.app/GoogleMaps.bundle/GMSCoreResources.bundle/road_64-16.png ... 
425 bytes for ./Payload/retrieverBuyer.app/GoogleMaps.bundle/GMSCoreResources.bundle/road_64-16.png
copying file ./Payload/retrieverBuyer.app/GoogleMaps.bundle/GMSCoreResources.bundle/GMSSprites-0-3x.png ... 
61437 bytes for ./Payload/retrieverBuyer.app/GoogleMaps.bundle/GMSCoreResources.bundle/GMSSprites-0-3x.png
copying file ./Payload/retrieverBuyer.app/GoogleMaps.bundle/GMSCoreResources.bundle/polyline_colors_texture.png ... 
7433 bytes for ./Payload/retrieverBuyer.app/GoogleMaps.bundle/GMSCoreResources.bundle/polyline_colors_texture.png
copying file ./Payload/retrieverBuyer.app/GoogleMaps.bundle/GMSCoreResources.bundle/ic_compass_needle.png ... 
483 bytes for ./Payload/retrieverBuyer.app/GoogleMaps.bundle/GMSCoreResources.bundle/ic_compass_needle.png
copying file ./Payload/retrieverBuyer.app/GoogleMaps.bundle/GMSCoreResources.bundle/pt.lproj/GMSCore.strings ... 
4388 bytes for ./Payload/retrieverBuyer.app/GoogleMaps.bundle/GMSCoreResources.bundle/pt.lproj/GMSCore.strings
copying file ./Payload/retrieverBuyer.app/GoogleMaps.bundle/GMSCoreResources.bundle/GMSShadersSim.metallib ... 
209092 bytes for ./Payload/retrieverBuyer.app/GoogleMaps.bundle/GMSCoreResources.bundle/GMSShadersSim.metallib
copying file ./Payload/retrieverBuyer.app/GoogleMaps.bundle/GMSCoreResources.bundle/ic_covid_border_waypoint_alert_32pt@2x.png ... 
1012 bytes for ./Payload/retrieverBuyer.app/GoogleMaps.bundle/GMSCoreResources.bundle/ic_covid_border_waypoint_alert_32pt@2x.png
copying file ./Payload/retrieverBuyer.app/GoogleMaps.bundle/GMSCoreResources.bundle/ic_closed_place_waypoint_alert_night_32pt@2x.png ... 
1069 bytes for ./Payload/retrieverBuyer.app/GoogleMaps.bundle/GMSCoreResources.bundle/ic_closed_place_waypoint_alert_night_32pt@2x.png
copying file ./Payload/retrieverBuyer.app/GoogleMaps.bundle/GMSCoreResources.bundle/road_1-1.png ... 
95 bytes for ./Payload/retrieverBuyer.app/GoogleMaps.bundle/GMSCoreResources.bundle/road_1-1.png
copying file ./Payload/retrieverBuyer.app/GoogleMaps.bundle/GMSCoreResources.bundle/ic_location_off.png ... 
498 bytes for ./Payload/retrieverBuyer.app/GoogleMaps.bundle/GMSCoreResource
2023-02-11 02:20:37 +0000  s.bundle/ic_location_off.png
copying file ./Payload/retrieverBuyer.app/GoogleMaps.bundle/GMSCoreResources.bundle/ic_covid_border_waypoint_alert_32pt@3x.png ... 
1353 bytes for ./Payload/retrieverBuyer.app/GoogleMaps.bundle/GMSCoreResources.bundle/ic_covid_border_waypoint_alert_32pt@3x.png
copying file ./Payload/retrieverBuyer.app/GoogleMaps.bundle/GMSCoreResources.bundle/ic_closed_place_waypoint_alert_night_32pt@3x.png ... 
1472 bytes for ./Payload/retrieverBuyer.app/GoogleMaps.bundle/GMSCoreResources.bundle/ic_closed_place_waypoint_alert_night_32pt@3x.png
copying file ./Payload/retrieverBuyer.app/GoogleMaps.bundle/GMSCoreResources.bundle/ro.lproj/GMSCore.strings ... 
4491 bytes for ./Payload/retrieverBuyer.app/GoogleMaps.bundle/GMSCoreResources.bundle/ro.lproj/GMSCore.strings
copying file ./Payload/retrieverBuyer.app/GoogleMaps.bundle/GMSCoreResources.bundle/Info.plist ... 
364 bytes for ./Payload/retrieverBuyer.app/GoogleMaps.bundle/GMSCoreResources.bundle/Info.plist
copying file ./Payload/retrieverBuyer.app/GoogleMaps.bundle/GMSCoreResources.bundle/GMSSprites-0-2x.png ... 
40485 bytes for ./Payload/retrieverBuyer.app/GoogleMaps.bundle/GMSCoreResources.bundle/GMSSprites-0-2x.png
copying file ./Payload/retrieverBuyer.app/GoogleMaps.bundle/GMSCoreResources.bundle/ic_covid_medical_waypoint_alert_night_32pt.png ... 
382 bytes for ./Payload/retrieverBuyer.app/GoogleMaps.bundle/GMSCoreResources.bundle/ic_covid_medical_waypoint_alert_night_32pt.png
copying file ./Payload/retrieverBuyer.app/GoogleMaps.bundle/GMSCoreResources.bundle/ic_covid_checkpoint_waypoint_alert_32pt.png ... 
601 bytes for ./Payload/retrieverBuyer.app/GoogleMaps.bundle/GMSCoreResources.bundle/ic_covid_checkpoint_waypoint_alert_32pt.png
copying file ./Payload/retrieverBuyer.app/GoogleMaps.bundle/GMSCoreResources.bundle/ic_covid_medical_waypoint_alert_night_32pt@2x.png ... 
825 bytes for ./Payload/retrieverBuyer.app/GoogleMaps.bundle/GMSCoreResources.bundle/ic_covid_medical_waypoint_alert_night_32pt@2x.png
copying file ./Payload/retrieverBuyer.app/GoogleMaps.bundle/GMSCoreResources.bundle/button_compass_night@2x.png ... 
2221 bytes for ./Payload/retrieverBuyer.app/GoogleMaps.bundle/GMSCoreResources.bundle/button_compass_night@2x.png
copying file ./Payload/retrieverBuyer.app/GoogleMaps.bundle/GMSCoreResources.bundle/button_compass@2x.png ... 
2560 bytes for ./Payload/retrieverBuyer.app/GoogleMaps.bundle/GMSCoreResources.bundle/button_compass@2x.png
copying file ./Payload/retrieverBuyer.app/GoogleMaps.bundle/GMSCoreResources.bundle/hr.lproj/GMSCore.strings ... 
4264 bytes for ./Payload/retrieverBuyer.app/GoogleMaps.bundle/GMSCoreResources.bundle/hr.lproj/GMSCore.strings
copying file ./Payload/retrieverBuyer.app/GoogleMaps.bundle/GMSCoreResources.bundle/hi.lproj/GMSCore.strings ... 
4242 bytes for ./Payload/retrieverBuyer.app/GoogleMaps.bundle/GMSCoreResources.bundle/hi.lproj/GMSCore.strings
copying file ./Payload/retrieverBuyer.app/GoogleMaps.bundle/GMSCoreResources.bundle/ca.lproj/GMSCore.strings ... 
4274 bytes for ./Payload/retrieverBuyer.app/GoogleMaps.bundle/GMSCoreResources.bundle/ca.lproj/GMSCore.strings
copying file ./Payload/retrieverBuyer.app/GoogleMaps.bundle/GMSCoreResources.bundle/ic_compass_needle_32pt@3x.png ... 
1962 bytes for ./Payload/retrieverBuyer.app/GoogleMaps.bundle/GMSCoreResources.bundle/ic_compass_needle_32pt@3x.png
copying file ./Payload/retrieverBuyer.app/GoogleMaps.bundle/GMSCoreResources.bundle/ic_covid_checkpoint_waypoint_alert_night_32pt@2x.png ... 
1380 bytes for ./Payload/retrieverBuyer.app/GoogleMaps.bundle/GMSCoreResources.bundle/ic_covid_checkpoint_waypoint_alert_night_32pt@2x.png
copying file ./Payload/retrieverBuyer.app/GoogleMaps.bundle/default_marker.png ... 
1379 bytes for ./Payload/retrieverBuyer.app/GoogleMaps.bundle/default_marker.png
copying file ./Payload/retrieverBuyer.app/GoogleMaps.bundle/ic_error@3x.png ... 
743 bytes for ./Payload/retrieverBuyer.app/GoogleMaps.bundle/ic_error@3x.png
copying file ./Payload/retrieverBuyer.app/GoogleMaps.bundle/oss_licenses_maps.txt.gz ... 
22338 bytes for ./Payload/retrieverBuy
2023-02-11 02:20:37 +0000  er.app/GoogleMaps.bundle/oss_licenses_maps.txt.gz
copying file ./Payload/retrieverBuyer.app/GoogleMaps.bundle/Assets.car ... 
31375 bytes for ./Payload/retrieverBuyer.app/GoogleMaps.bundle/Assets.car
copying file ./Payload/retrieverBuyer.app/GoogleMaps.bundle/bubble_right.png ... 
455 bytes for ./Payload/retrieverBuyer.app/GoogleMaps.bundle/bubble_right.png
copying file ./Payload/retrieverBuyer.app/GoogleMaps.bundle/default_marker@3x.png ... 
4275 bytes for ./Payload/retrieverBuyer.app/GoogleMaps.bundle/default_marker@3x.png
copying file ./Payload/retrieverBuyer.app/GoogleMaps.bundle/default_marker@2x.png ... 
2023-02-11 02:20:37 +0000  2815 bytes for ./Payload/retrieverBuyer.app/GoogleMaps.bundle/default_marker@2x.png
copying file ./Payload/retrieverBuyer.app/GoogleMaps.bundle/ic_error@2x.png ... 
2023-02-11 02:20:37 +0000  454 bytes for ./Payload/retrieverBuyer.app/GoogleMaps.bundle/ic_error@2x.png
2023-02-11 02:20:37 +0000  copying file ./Payload/retrieverBuyer.app/GoogleMaps.bundle/GMSCacheStorage.momd/Storage.mom ... 
2023-02-11 02:20:37 +0000  4615 bytes for ./Payload/retrieverBuyer.app/GoogleMaps.bundle/GMSCacheStorage.momd/Storage.mom
2023-02-11 02:20:37 +0000  copying file ./Payload/retrieverBuyer.app/GoogleMaps.bundle/GMSCacheStorage.momd/VersionInfo.plist ... 
1197 bytes for ./Payload/retrieverBuyer.app/GoogleMaps.bundle/GMSCacheStorage.momd/VersionInfo.plist
2023-02-11 02:20:37 +0000  copying file ./Payload/retrieverBuyer.app/GoogleMaps.bundle/GMSCacheStorage.momd/StorageWithTileProto.mom ... 
2023-02-11 02:20:37 +0000  5211 bytes for ./Payload/retrieverBuyer.app/GoogleMaps.bundle/GMSCacheStorage.momd/StorageWithTileProto.mom
copying file ./Payload/retrieverBuyer.app/GoogleMaps.bundle/GMSCacheStorage.momd/StorageWithTileVersionID.mom ... 
2023-02-11 02:20:37 +0000  4721 bytes for ./Payload/retrieverBuyer.app/GoogleMaps.bundle/GMSCacheStorage.momd/StorageWithTileVersionID.mom
2023-02-11 02:20:37 +0000  copying file ./Payload/retrieverBuyer.app/GoogleMaps.bundle/Info.plist ... 
367 bytes for ./Payload/retrieverBuyer.app/GoogleMaps.bundle/Info.plist
2023-02-11 02:20:37 +0000  copying file ./Payload/retrieverBuyer.app/gRPCCertificates-Cpp.bundle/roots.pem ... 
2023-02-11 02:20:37 +0000  264440 bytes for ./Payload/retrieverBuyer.app/gRPCCertificates-Cpp.bundle/roots.pem
copying file ./Payload/retrieverBuyer.app/gRPCCertificates-Cpp.bundle/Info.plist ... 
2023-02-11 02:20:37 +0000  788 bytes for ./Payload/retrieverBuyer.app/gRPCCertificates-Cpp.bundle/Info.plist
2023-02-11 02:20:37 +0000  copying file ./Payload/retrieverBuyer.app/QBImagePicker.bundle/de.lproj/QBImagePicker.strings ... 
1131 bytes for ./Payload/retrieverBuyer.app/QBImagePicker.bundle/de.lproj/QBImagePicker.strings
2023-02-11 02:20:37 +0000  copying file ./Payload/retrieverBuyer.app/QBImagePicker.bundle/zh-Hans.lproj/QBImagePicker.strings ... 
1119 bytes for ./Payload/retrieverBuyer.app/QBImagePicker.bundle/zh-Hans.lproj/QBImagePicker.strings
copying file ./Payload/retrieverBuyer.app/QBImagePicker.bundle/ja.lproj/QBImagePicker.strings ... 
2023-02-11 02:20:37 +0000  1214 bytes for ./Payload/retrieverBuyer.app/QBImagePicker.bundle/ja.lproj/QBImagePicker.strings
copying file ./Payload/retrieverBuyer.app/QBImagePicker.bundle/en.lproj/QBImagePicker.strings ... 
2023-02-11 02:20:37 +0000  1064 bytes for ./Payload/retrieverBuyer.app/QBImagePicker.bundle/en.lproj/QBImagePicker.strings
copying file ./Payload/retrieverBuyer.app/QBImagePicker.bundle/uk.lproj/QBImagePicker.strings ... 
2023-02-11 02:20:37 +0000  1398 bytes for ./Payload/retrieverBuyer.app/QBImagePicker.bundle/uk.lproj/QBImagePicker.strings
copying file ./Payload/retrieverBuyer.app/QBImagePicker.bundle/QBImagePicker.storyboardc/QiH-NZ-ZGN-view-sD2-zK-ryo.nib/runtime.nib ... 
2023-02-11 02:20:37 +0000  10163 bytes for ./Payload/retrieverBuyer.app/QBImagePicker.bundle/QBImagePicker.storyboardc/QiH-NZ-ZGN-view-sD2-zK-ryo.nib/runtime.nib
copying file ./Payload/retrieverBuyer.app/QBImagePicker.bundle/QBImagePicker.storyboardc/QiH-NZ-ZGN-view-sD2-zK-ryo.nib/objects-12.3+.nib ... 
2023-02-11 02:20:37 +0000  10390 bytes for ./Payload/retrieverBuyer.app/QBImagePicker.bundle/QBImagePicker.storyboardc/QiH-NZ-ZGN-view-sD2-zK-ryo.nib/objects-12.3+.nib
2023-02-11 02:20:37 +0000  copying file ./Payload/retrieverBuyer.app/QBImagePicker.bundle/QBImagePicker.storyboardc/QBAlbumsViewController.nib/runtime.nib ... 
2023-02-11 02:20:37 +0000  1775 bytes for ./Payload/retrieverBuyer.app/QBImagePicker.bundle/QBImagePicker.storyboardc/QBAlbumsViewController.nib/runtime.nib
copying file ./Payload/retrieverBuyer.app/QBImagePicker.bundle/QBImagePicker.storyboardc/QBAlbumsViewController.nib/objects-12.3+.nib ... 
2023-02-11 02:20:37 +0000  1775 bytes for ./Payload/retrieverBuyer.app/QBImagePicker.bundle/QBImagePicker.storyboardc/QBAlbumsViewController.nib/objects-12.3+.nib
copying file ./Payload/retrieverBuyer.app/QBImagePicker.bundle/QBImagePicker.storyboardc/QBAssetsViewController.nib/runtime.nib ... 
2023-02-11 02:20:37 +0000  1368 bytes for ./Payload/retrieverBuyer.app/QBImagePicker.bundle/QBImagePicker.storyboardc/QBAssetsViewController.nib/runtime.nib
copying file ./Payload/retrieverBuyer.app/QBImagePicker.bundle/QBImagePicker.storyboardc/QBAssetsViewController.nib/objects-12.3+.nib ... 
2023-02-11 02:20:37 +0000  1368 bytes for ./Payload/retrieverBuyer.app/QBImagePicker.bundle/QBImagePicker.storyboardc/QBAssetsViewController.nib/objects-12.3+.nib
copying file ./Payload/retrieverBuyer.app/QBImagePicker.bundle/QBImagePicker.storyboardc/QL5-wR-LYt-view-66K-TS-Yoc.nib/runtime.nib ... 
2023-02-11 02:20:37 +0000  7159 bytes for ./Payload/retrieverBuyer.app/QBImagePicker.bundle/QBImagePicker.storyboardc/QL5-wR-LYt-view-66K-TS-Yoc.nib/runtime.nib
copying file ./Payload/retrieverBuyer.app/QBImagePicker.bundle/QBImagePicker.storyboardc/QL5-wR-LYt-view-66K-TS-Yoc.nib/objects-12.3+.nib ... 
2023-02-11 02:20:37 +0000  7159 bytes for ./Payload/retrieverBuyer.app/QBImagePicker.bundle/QBImagePicker.storyboardc/QL5-wR-LYt-view-66K-TS-Yoc.nib/objects-12.3+.nib
2023-02-11 02:20:37 +0000  copying file ./Payload/retrieverBuyer.app/QBImagePicker.bundle/QBImagePicker.storyboardc/QBAlbumsNavigationController.nib/runtime.nib ... 
2023-02-11 02:20:37 +0000  2592 bytes for ./Payload/retrieverBuyer.app/QBImagePicker.bundle/QBImagePicker.storyboardc/QBAlbumsNavigationController.nib/runtime.nib
copying file ./Payload/retrieverBuyer.app/QBImagePicker.bundle/QBImagePicker.storyboardc/QBAlbumsNavigationController.nib/objects-12.3+.nib ... 
2023-02-11 02:20:37 +0000  2592 bytes for ./Payload/retrieverBuyer.app/QBImagePicker.bundle/QBImagePicker.storyboardc/QBAlbumsNavigationController.nib/objects-12.3+.nib
copying file ./Payload/retrieverBuyer.app/QBImagePicker.bundle/QBImagePicker.storyboardc/Info.plist ... 
2023-02-11 02:20:37 +0000  289 bytes for ./Payload/retrieverBuyer.app/QBImagePicker.bundle/QBImagePicker.storyboardc/Info.plist
copying file ./Payload/retrieverBuyer.app/QBImagePicker.bundle/nb.lproj/QBImagePicker.strings ... 
2023-02-11 02:20:37 +0000  1076 bytes for ./Payload/retrieverBuyer.app/QBImagePicker.bundle/nb.lproj/QBImagePicker.strings
copying file ./Payload/retrieverBuyer.app/QBImagePicker.bundle/es.lproj/QBImagePicker.strings ... 
2023-02-11 02:20:37 +0000  1113 bytes for ./Payload/retrieverBuyer.app/QBImagePicker.bundle/es.lproj/QBImagePicker.strings
copying file ./Payload/retrieverBuyer.app/QBImagePicker.bundle/it.lproj/QBImagePicker.strings ... 
2023-02-11 02:20:37 +0000  1088 bytes for ./Payload/retrieverBuyer.app/QBImagePicker.bundle/it.lproj/QBImagePicker.strings
copying file ./Payload/retrieverBuyer.app/QBImagePicker.bundle/sv.lproj/QBImagePicker.strings ... 
2023-02-11 02:20:37 +0000  1082 bytes for ./Payload/retrieverBuyer.app/QBImagePicker.bundle/sv.lproj/QBImagePicker.strings
copying file ./Payload/retrieverBuyer.app/QBImagePicker.bundle/ko.lproj/QBImagePicker.strings ... 
2023-02-11 02:20:37 +0000  1139 bytes for ./Payload/retrieverBuyer.app/QBImagePicker.bundle/ko.lproj/QBImagePicker.strings
copying file ./Payload/retrieverBuyer.app/QBImagePicker.bundle/zh-Hant.lproj/QBImagePicker.strings ... 
2023-02-11 02:20:37 +0000  1119 bytes for ./Payload/retrieverBuyer.app/QBImagePicker.bundle/zh-Hant.lproj/QBImagePicker.strings
copying file ./Payload/retrieverBuyer.app/QBImagePicker.bundle/tr.lproj/QBImagePicker.strings ... 
2023-02-11 02:20:37 +0000  1104 bytes for ./Payload/retrieverBuyer.app/QBImagePicker.bundle/tr.lproj/QBImagePicker.strings
copying file ./Payload/retrieverBuyer.app/QBImagePicker.bundle/pl.lproj/QBImagePicker.strings ... 
2023-02-11 02:20:37 +0000  1119 bytes for ./Payload/retrieverBuyer.app/QBImagePicker.bundle/pl.lproj/QBImagePicker.strings
2023-02-11 02:20:37 +0000  copying file ./Payload/retrieverBuyer.app/QBImagePicker.bundle/vi.lproj/QBImagePicker.strings ... 
1143 bytes for ./Payload/retrieverBuyer.app/QBImagePicker.bundle/vi.lproj/QBImagePicker.strings
2023-02-11 02:20:37 +0000  copying file ./Payload/retrieverBuyer.app/QBImagePicker.bundle/ru.lproj/QBImagePicker.strings ... 
1433 bytes for ./Payload/retrieverBuyer.app/QBImagePicker.bundle/ru.lproj/QBImagePicker.strings
2023-02-11 02:20:37 +0000  copying file ./Payload/retrieverBuyer.app/QBImagePicker.bundle/fr.lproj/QBImagePicker.strings ... 
1153 bytes for ./Payload/retrieverBuyer.app/QBImagePicker.bundle/fr.lproj/QBImagePicker.strings
2023-02-11 02:20:37 +0000  copying file ./Payload/retrieverBuyer.app/QBImagePicker.bundle/pt.lproj/QBImagePicker.strings ... 
1112 bytes for ./Payload/retrieverBuyer.app/QBImagePicker.bundle/pt.lproj/QBImagePicker.strings
copying file ./Payload/retrieverBuyer.app/QBImagePicker.bundle/ro.lproj/QBImagePicker.strings ... 
2023-02-11 02:20:37 +0000  1127 bytes for ./Payload/retrieverBuyer.app/QBImagePicker.bundle/ro.lproj/QBImagePicker.strings
copying file ./Payload/retrieverBuyer.app/QBImagePicker.bundle/Info.plist ... 
2023-02-11 02:20:37 +0000  772 bytes for ./Payload/retrieverBuyer.app/QBImagePicker.bundle/Info.plist
copying file ./Payload/retrieverBuyer.app/FontAwesome5_Brands.ttf ... 
2023-02-11 02:20:37 +0000  134040 bytes for ./Payload/retrieverBuyer.app/FontAwesome5_Brands.ttf
copying file ./Payload/retrieverBuyer.app/MaterialCommunityIcons.ttf ... 
2023-02-11 02:20:37 +0000  1147844 bytes for ./Payload/retrieverBuyer.app/MaterialCommunityIcons.ttf
2023-02-11 02:20:37 +0000  copying file ./Payload/retrieverBuyer.app/HKGrotesk-LightLegacy.ttf ... 
2023-02-11 02:20:37 +0000  87352 bytes for ./Payload/retrieverBuyer.app/HKGrotesk-LightLegacy.ttf
copying file ./Payload/retrieverBuyer.app/HKGrotesk-MediumLegacy.ttf ... 
2023-02-11 02:20:37 +0000  85936 bytes for ./Payload/retrieverBuyer.app/HKGrotesk-MediumLegacy.ttf
copying file ./Payload/retrieverBuyer.app/HKGrotesk-SemiBoldItalic.ttf ... 
2023-02-11 02:20:37 +0000  88588 bytes for ./Payload/retrieverBuyer.app/HKGrotesk-SemiBoldItalic.ttf
copying file ./Payload/retrieverBuyer.app/AntDesign.ttf ... 
2023-02-11 02:20:37 +0000  70344 bytes for ./Payload/retrieverBuyer.app/AntDesign.ttf
copying file ./Payload/retrieverBuyer.app/HKGrotesk-Italic.ttf ... 
2023-02-11 02:20:37 +0000  88800 bytes for ./Payload/retrieverBuyer.app/HKGrotesk-Italic.ttf
copying file ./Payload/retrieverBuyer.app/Foundation.ttf ... 
2023-02-11 02:20:37 +0000  56976 bytes for ./Payload/retrieverBuyer.app/Foundation.ttf
copying file ./Payload/retrieverBuyer.app/Ionicons.ttf ... 
2023-02-11 02:20:37 +0000  247192 bytes for ./Payload/retrieverBuyer.app/Ionicons.ttf
copying file ./Payload/retrieverBuyer.app/FontAwesome5_Solid.ttf ... 
2023-02-11 02:20:37 +0000  202744 bytes for ./Payload/retrieverBuyer.app/FontAwesome5_Solid.ttf
2023-02-11 02:20:37 +0000  copying file ./Payload/retrieverBuyer.app/FontAwesome5_Regular.ttf ... 
2023-02-11 02:20:37 +0000  33736 bytes for ./Payload/retrieverBuyer.app/FontAwesome5_Regular.ttf
2023-02-11 02:20:37 +0000  copying file ./Payload/retrieverBuyer.app/HKGrotesk-LightItalic.ttf ... 
2023-02-11 02:20:37 +0000  89952 bytes for ./Payload/retrieverBuyer.app/HKGrotesk-LightItalic.ttf
2023-02-11 02:20:37 +0000  copying file ./Payload/retrieverBuyer.app/AccessibilityResources.bundle/en.lproj/Localizable.strings ... 
518 bytes for ./Payload/retrieverBuyer.app/AccessibilityResources.bundle/en.lproj/Localizable.strings
2023-02-11 02:20:37 +0000  copying file ./Payload/retrieverBuyer.app/AccessibilityResources.bundle/Info.plist ... 
792 bytes for ./Payload/retrieverBuyer.app/AccessibilityResources.bundle/Info.plist
copying file ./Payload/retrieverBuyer.app/GoogleService-Info.plist ... 
2023-02-11 02:20:37 +0000  765 bytes for ./Payload/retrieverBuyer.app/GoogleService-Info.plist
copying file ./Payload/retrieverBuyer.app/FontAwesome.ttf ... 
2023-02-11 02:20:37 +0000  165548 bytes for ./Payload/retrieverBuyer.app/FontAwesome.ttf
2023-02-11 02:20:37 +0000  copying file ./Payload/retrieverBuyer.app/GoogleSignIn.bundle/de.lproj/GoogleSignIn.strings ... 
1703 bytes for ./Payload/retrieverBuyer.app/GoogleSignIn.bundle/de.lproj/GoogleSignIn.strings
2023-02-11 02:20:37 +0000  copying file ./Payload/retrieverBuyer.app/GoogleSignIn.bundle/he.lproj/GoogleSignIn.strings ... 
1780 bytes for ./Payload/retrieverBuyer.app/GoogleSignIn.bundle/he.lproj/GoogleSignIn.strings
2023-02-11 02:20:37 +0000  copying file ./Payload/retrieverBuyer.app/GoogleSignIn.bundle/ar.lproj/GoogleSignIn.strings ... 
1759 bytes for ./Payload/retrieverBuyer.app/GoogleSignIn.bundle/ar.lproj/GoogleSignIn.strings
2023-02-11 02:20:37 +0000  copying file ./Payload/retrieverBuyer.app/GoogleSignIn.bundle/el.lproj/GoogleSignIn.strings ... 
2103 bytes for ./Payload/retrieverBuyer.app/GoogleSignIn.bundle/el.lproj/GoogleSignIn.strings
copying file ./Payload/retrieverBuyer.app/GoogleSignIn.bundle/ja.lproj/GoogleSignIn.strings ... 
2023-02-11 02:20:37 +0000  1711 bytes for ./Payload/retrieverBuyer.app/GoogleSignIn.bundle/ja.lproj/GoogleSignIn.strings
copying file ./Payload/retrieverBuyer.app/GoogleSignIn.bundle/en.lproj/GoogleSignIn.strings ... 
2023-02-11 02:20:37 +0000  1547 bytes for ./Payload/retrieverBuyer.app/GoogleSignIn.bundle/en.lproj/GoogleSignIn.strings
copying file ./Payload/retrieverBuyer.app/GoogleSignIn.bundle/uk.lproj/GoogleSignIn.strings ... 
2023-02-11 02:20:37 +0000  1864 bytes for ./Payload/retrieverBuyer.app/GoogleSignIn.bundle/uk.lproj/GoogleSignIn.strings
copying file ./Payload/retrieverBuyer.app/GoogleSignIn.bundle/es_MX.lproj/GoogleSignIn.strings ... 
2023-02-11 02:20:37 +0000  1607 bytes for ./Payload/retrieverBuyer.app/GoogleSignIn.bundle/es_MX.lproj/GoogleSignIn.strings
copying file ./Payload/retrieverBuyer.app/GoogleSignIn.bundle/zh_CN.lproj/GoogleSignIn.strings ... 
2023-02-11 02:20:37 +0000  1489 bytes for ./Payload/retrieverBuyer.app/GoogleSignIn.bundle/zh_CN.lproj/GoogleSignIn.strings
copying file ./Payload/retrieverBuyer.app/GoogleSignIn.bundle/nb.lproj/GoogleSignIn.strings ... 
2023-02-11 02:20:37 +0000  1593 bytes for ./Payload/retrieverBuyer.app/GoogleSignIn.bundle/nb.lproj/GoogleSignIn.strings
copying file ./Payload/retrieverBuyer.app/GoogleSignIn.bundle/es.lproj/GoogleSignIn.strings ... 
2023-02-11 02:20:37 +0000  1678 bytes for ./Payload/retrieverBuyer.app/GoogleSignIn.bundle/es.lproj/GoogleSignIn.strings
copying file ./Payload/retrieverBuyer.app/GoogleSignIn.bundle/pt_BR.lproj/GoogleSignIn.strings ... 
2023-02-11 02:20:37 +0000  1608 bytes for ./Payload/retrieverBuyer.app/GoogleSignIn.bundle/pt_BR.lproj/GoogleSignIn.strings
copying file ./Payload/retrieverBuyer.app/GoogleSignIn.bundle/da.lproj/GoogleSignIn.strings ... 
1611 bytes for ./Payload/retrieverBuyer.app/GoogleSignIn.bundle/da.lproj/GoogleSignIn.strings
2023-02-11 02:20:37 +0000  copying file ./Payload/retrieverBuyer.app/GoogleSignIn.bundle/it.lproj/GoogleSignIn.strings ... 
1570 bytes for ./Payload/retrieverBuyer.app/GoogleSignIn.bundle/it.lproj/GoogleSignIn.strings
copying file ./Payload/retrieverBuyer.app/GoogleSignIn.bundle/sk.lproj/GoogleSignIn.strings ... 
2023-02-11 02:20:37 +0000  1665 bytes for ./Payload/retrieverBuyer.app/GoogleSignIn.bundle/sk.lproj/GoogleSignIn.strings
copying file ./Payload/retrieverBuyer.app/GoogleSignIn.bundle/pt_PT.lproj/GoogleSignIn.strings ... 
2023-02-11 02:20:37 +0000  1646 bytes for ./Payload/retrieverBuyer.app/GoogleSignIn.bundle/pt_PT.lproj/GoogleSignIn.strings
copying file ./Payload/retrieverBuyer.app/GoogleSignIn.bundle/google@3x.png ... 
2023-02-11 02:20:37 +0000  1773 bytes for ./Payload/retrieverBuyer.app/GoogleSignIn.bundle/google@3x.png
copying file ./Payload/retrieverBuyer.app/GoogleSignIn.bundle/ms.lproj/GoogleSignIn.strings ... 
1565 bytes for ./Payload/retrieverBuyer.app/GoogleSignIn.bundle/ms.lproj/GoogleSignIn.strings
2023-02-11 02:20:37 +0000  copying file ./Payload/retrieverBuyer.app/GoogleSignIn.bundle/sv.lproj/GoogleSignIn.strings ... 
1579 bytes for ./Payload/retrieverBuyer.app/GoogleSignIn.bundle/sv.lproj/GoogleSignIn.strings
2023-02-11 02:20:37 +0000  copying file ./Payload/retrieverBuyer.app/GoogleSignIn.bundle/cs.lproj/GoogleSignIn.strings ... 
1615 bytes for ./Payload/retrieverBuyer.app/GoogleSignIn.bundle/cs.lproj/GoogleSignIn.strings
copying file ./Payload/retrieverBuyer.app/GoogleSignIn.bundle/google@2x.png ... 
2023-02-11 02:20:37 +0000  1166 bytes for ./Payload/retrieverBuyer.app/GoogleSignIn.bundle/google@2x.png
copying file ./Payload/retrieverBuyer.app/GoogleSignIn.bundle/ko.lproj/GoogleSignIn.strings ... 
2023-02-11 02:20:37 +0000  1634 bytes for ./Payload/retrieverBuyer.app/GoogleSignIn.bundle/ko.lproj/GoogleSignIn.strings
copying file ./Payload/retrieverBuyer.app/GoogleSignIn.bundle/hu.lproj/GoogleSignIn.strings ... 
1663 bytes for ./Payload/retrieverBuyer.app/GoogleSignIn.bundle/hu.lproj/GoogleSignIn.strings
2023-02-11 02:20:37 +0000  copying file ./Payload/retrieverBuyer.app/GoogleSignIn.bundle/tr.lproj/GoogleSignIn.strings ... 
1596 bytes for ./Payload/retrieverBuyer.app/GoogleSignIn.bundle/tr.lproj/GoogleSignIn.strings
2023-02-11 02:20:37 +0000  copying file ./Payload/retrieverBuyer.app/GoogleSignIn.bundle/pl.lproj/GoogleSignIn.strings ... 
1578 bytes for ./Payload/retrieverBuyer.app/GoogleSignIn.bundle/pl.lproj/GoogleSignIn.strings
copying file ./Payload/retrieverBuyer.app/GoogleSignIn.bundle/zh_TW.lproj/GoogleSignIn.strings ... 
2023-02-11 02:20:37 +0000  1525 bytes for ./Payload/retrieverBuyer.app/GoogleSignIn.bundle/zh_TW.lproj/GoogleSignIn.strings
copying file ./Payload/retrieverBuyer.app/GoogleSignIn.bundle/en_GB.lproj/GoogleSignIn.strings ... 
2023-02-11 02:20:37 +0000  1547 bytes for ./Payload/retrieverBuyer.app/GoogleSignIn.bundle/en_GB.lproj/GoogleSignIn.strings
copying file ./Payload/retrieverBuyer.app/GoogleSignIn.bundle/vi.lproj/GoogleSignIn.strings ... 
2023-02-11 02:20:37 +0000  1717 bytes for ./Payload/retrieverBuyer.app/GoogleSignIn.bundle/vi.lproj/GoogleSignIn.strings
copying file ./Payload/retrieverBuyer.app/GoogleSignIn.bundle/ru.lproj/GoogleSignIn.strings ... 
1954 bytes for ./Payload/retrieverBuyer.app/GoogleSignIn.bundle/ru.lproj/GoogleSignIn.strings
2023-02-11 02:20:37 +0000  copying file ./Payload/retrieverBuyer.app/GoogleSignIn.bundle/fr_CA.lproj/GoogleSignIn.strings ... 
1657 bytes for ./Payload/retrieverBuyer.app/GoogleSignIn.bundle/fr_CA.lproj/GoogleSignIn.strings
2023-02-11 02:20:37 +0000  copying file ./Payload/retrieverBuyer.app/GoogleSignIn.bundle/fr.lproj/GoogleSignIn.strings ... 
1676 bytes for ./Payload/retrieverBuyer.app/GoogleSignIn.bundle/fr.lproj/GoogleSignIn.strings
copying file ./Payload/retrieverBuyer.app/GoogleSignIn.bundle/fi.lproj/GoogleSignIn.strings ... 
2023-02-11 02:20:37 +0000  1640 bytes for ./Payload/retrieverBuyer.app/GoogleSignIn.bundle/fi.lproj/GoogleSignIn.strings
copying file ./Payload/retrieverBuyer.app/GoogleSignIn.bundle/id.lproj/GoogleSignIn.strings ... 
2023-02-11 02:20:37 +0000  1553 bytes for ./Payload/retrieverBuyer.app/GoogleSignIn.bundle/id.lproj/GoogleSignIn.strings
copying file ./Payload/retrieverBuyer.app/GoogleSignIn.bundle/nl.lproj/GoogleSignIn.strings ... 
2023-02-11 02:20:37 +0000  1606 bytes for ./Payload/retrieverBuyer.app/GoogleSignIn.bundle/nl.lproj/GoogleSignIn.strings
copying file ./Payload/retrieverBuyer.app/GoogleSignIn.bundle/th.lproj/GoogleSignIn.strings ... 
2023-02-11 02:20:37 +0000  2133 bytes for ./Payload/retrieverBuyer.app/GoogleSignIn.bundle/th.lproj/GoogleSignIn.strings
copying file ./Payload/retrieverBuyer.app/GoogleSignIn.bundle/pt.lproj/GoogleSignIn.strings ... 
2023-02-11 02:20:37 +0000  1608 bytes for ./Payload/retrieverBuyer.app/GoogleSignIn.bundle/pt.lproj/GoogleSignIn.strings
copying file ./Payload/retrieverBuyer.app/GoogleSignIn.bundle/google.png ... 
2023-02-11 02:20:37 +0000  643 bytes for ./Payload/retrieverBuyer.app/GoogleSignIn.bundle/google.png
copying file ./Payload/retrieverBuyer.app/GoogleSignIn.bundle/Roboto-Bold.ttf ... 
2023-02-11 02:20:37 +0000  127744 bytes for ./Payload/retrieverBuyer.app/GoogleSignIn.bundle/Roboto-Bold.ttf
2023-02-11 02:20:37 +0000  copying file ./Payload/retrieverBuyer.app/GoogleSignIn.bundle/ro.lproj/GoogleSignIn.strings ... 
1598 bytes for ./Payload/retrieverBuyer.app/GoogleSignIn.bundle/ro.lproj/GoogleSignIn.strings
copying file ./Payload/retrieverBuyer.app/GoogleSignIn.bundle/Info.plist ... 
2023-02-11 02:20:37 +0000  769 bytes for ./Payload/retrieverBuyer.app/GoogleSignIn.bundle/Info.plist
copying file ./Payload/retrieverBuyer.app/GoogleSignIn.bundle/hr.lproj/GoogleSignIn.strings ... 
2023-02-11 02:20:37 +0000  1621 bytes for ./Payload/retrieverBuyer.app/GoogleSignIn.bundle/hr.lproj/GoogleSignIn.strings
copying file ./Payload/retrieverBuyer.app/GoogleSignIn.bundle/hi.lproj/GoogleSignIn.strings ... 
2023-02-11 02:20:37 +0000  2286 bytes for ./Payload/retrieverBuyer.app/GoogleSignIn.bundle/hi.lproj/GoogleSignIn.strings
copying file ./Payload/retrieverBuyer.app/GoogleSignIn.bundle/ca.lproj/GoogleSignIn.strings ... 
1669 bytes for ./Payload/retrieverBuyer.app/GoogleSignIn.bundle/ca.lproj/GoogleSignIn.strings
2023-02-11 02:20:37 +0000  copying file ./Payload/retrieverBuyer.app/HKGrotesk-Medium.ttf ... 
2023-02-11 02:20:37 +0000  87048 bytes for ./Payload/retrieverBuyer.app/HKGrotesk-Medium.ttf
copying file ./Payload/retrieverBuyer.app/Zocial.ttf ... 
2023-02-11 02:20:37 +0000  25788 bytes for ./Payload/retrieverBuyer.app/Zocial.ttf
copying file ./Payload/retrieverBuyer.app/HKGrotesk-Regular.ttf ... 
2023-02-11 02:20:37 +0000  87624 bytes for ./Payload/retrieverBuyer.app/HKGrotesk-Regular.ttf
2023-02-11 02:20:37 +0000  copying file ./Payload/retrieverBuyer.app/HKGrotesk-Bold.ttf ... 
2023-02-11 02:20:37 +0000  84980 bytes for ./Payload/retrieverBuyer.app/HKGrotesk-Bold.ttf
2023-02-11 02:20:37 +0000  copying file ./Payload/retrieverBuyer.app/HKGrotesk-SemiBold.ttf ... 
2023-02-11 02:20:37 +0000  87404 bytes for ./Payload/retrieverBuyer.app/HKGrotesk-SemiBold.ttf
2023-02-11 02:20:37 +0000  copying file ./Payload/retrieverBuyer.app/EvilIcons.ttf ... 
2023-02-11 02:20:37 +0000  13456 bytes for ./Payload/retrieverBuyer.app/EvilIcons.ttf
2023-02-11 02:20:37 +0000  copying file ./Payload/retrieverBuyer.app/HKGrotesk-LightLegacyItalic.ttf ... 
2023-02-11 02:20:37 +0000  90044 bytes for ./Payload/retrieverBuyer.app/HKGrotesk-LightLegacyItalic.ttf
2023-02-11 02:20:37 +0000  copying file ./Payload/retrieverBuyer.app/HKGrotesk-Light.ttf ... 
2023-02-11 02:20:37 +0000  88388 bytes for ./Payload/retrieverBuyer.app/HKGrotesk-Light.ttf
copying file ./Payload/retrieverBuyer.app/main.jsbundle ... 
2023-02-11 02:20:38 +0000  4651030 bytes for ./Payload/retrieverBuyer.app/main.jsbundle
copying file ./Payload/retrieverBuyer.app/HKGrotesk-BoldItalic.ttf ... 
2023-02-11 02:20:38 +0000  86556 bytes for ./Payload/retrieverBuyer.app/HKGrotesk-BoldItalic.ttf
copying file ./Payload/retrieverBuyer.app/LaunchScreen.storyboardc/01J-lp-oVM-view-Ze5-6b-2t3.nib ... 
3776 bytes for ./Payload/retrieverBuyer.app/LaunchScreen.storyboardc/01J-lp-oVM-view-Ze5-6b-2t3.nib
copying file ./Payload/retrieverBuyer.app/LaunchScreen.storyboardc/UIViewController-01J-lp-oVM.nib ... 
896 bytes for ./Payload/retrieverBuyer.app/LaunchScreen.storyboardc/UIViewController-01J-lp-oVM.nib
copying file ./Payload/retrieverBuyer.app/LaunchScreen.storyboardc/Info.plist ... 
258 bytes for ./Payload/retrieverBuyer.app/LaunchScreen.storyboardc/Info.plist
copying file ./Payload/retrieverBuyer.app/retrieverBuyer ... 
2023-02-11 02:20:39 +0000  25218656 bytes for ./Payload/retrieverBuyer.app/retrieverBuyer
2023-02-11 02:20:39 +0000  copying file ./Payload/retrieverBuyer.app/HKGrotesk-SemiBoldLegacyItalic.ttf ... 
2023-02-11 02:20:39 +0000  88712 bytes for ./Payload/retrieverBuyer.app/HKGrotesk-SemiBoldLegacyItalic.ttf
copying file ./Payload/retrieverBuyer.app/HKGrotesk-MediumLegacyItalic.ttf ... 
2023-02-11 02:20:39 +0000  88008 bytes for ./Payload/retrieverBuyer.app/HKGrotesk-MediumLegacyItalic.ttf
2023-02-11 02:20:39 +0000  copying file ./Payload/retrieverBuyer.app/TOCropViewControllerBundle.bundle/de.lproj/TOCropViewControllerLocalizable.strings ... 
2023-02-11 02:20:39 +0000  189 bytes for ./Payload/retrieverBuyer.app/TOCropViewControllerBundle.bundle/de.lproj/TOCropViewControllerLocalizable.strings
copying file ./Payload/retrieverBuyer.app/TOCropViewControllerBundle.bundle/ar.lproj/TOCropViewControllerLocalizable.strings ... 
2023-02-11 02:20:39 +0000  207 bytes for ./Payload/retrieverBuyer.app/TOCropViewControllerBundle.bundle/ar.lproj/TOCropViewControllerLocalizable.strings
copying file ./Payload/retrieverBuyer.app/TOCropViewControllerBundle.bundle/zh-Hans.lproj/TOCropViewControllerLocalizable.strings ... 
2023-02-11 02:20:39 +0000  172 bytes for ./Payload/retrieverBuyer.app/TOCropViewControllerBundle.bundle/zh-Hans.lproj/TOCropViewControllerLocalizable.strings
copying file ./Payload/retrieverBuyer.app/TOCropViewControllerBundle.bundle/ja.lproj/TOCropViewControllerLocalizable.strings ... 
2023-02-11 02:20:39 +0000  210 bytes for ./Payload/retrieverBuyer.app/TOCropViewControllerBundle.bundle/ja.lproj/TOCropViewControllerLocalizable.strings
copying file ./Payload/retrieverBuyer.app/TOCropViewControllerBundle.bundle/fa.lproj/TOCropViewControllerLocalizable.strings ... 
2023-02-11 02:20:39 +0000  210 bytes for ./Payload/retrieverBuyer.app/TOCropViewControllerBundle.bundle/fa.lproj/TOCropViewControllerLocalizable.strings
copying file ./Payload/retrieverBuyer.app/TOCropViewControllerBundle.bundle/en.lproj/TOCropViewControllerLocalizable.strings ... 
168 bytes for ./Payload/retrieverBuyer.app/TOCropViewControllerBundle.bundle/en.lproj/TOCropViewControllerLocalizable.strings
copying file ./Payload/retrieverBuyer.app/TOCropViewControllerBundle.bundle/es.lproj/TOCropViewControllerLocalizable.strings ... 
2023-02-11 02:20:39 +0000  179 bytes for ./Payload/retrieverBuyer.app/TOCropViewControllerBundle.bundle/es.lproj/TOCropViewControllerLocalizable.strings
2023-02-11 02:20:39 +0000  copying file ./Payload/retrieverBuyer.app/TOCropViewControllerBundle.bundle/it.lproj/TOCropViewControllerLocalizable.strings ... 
181 bytes for ./Payload/retrieverBuyer.app/TOCropViewControllerBundle.bundle/it.lproj/TOCropViewControllerLocalizable.strings
copying file ./Payload/retrieverBuyer.app/TOCropViewControllerBundle.bundle/sk.lproj/TOCropViewControllerLocalizable.strings ... 
2023-02-11 02:20:39 +0000  176 bytes for ./Payload/retrieverBuyer.app/TOCropViewControllerBundle.bundle/sk.lproj/TOCropViewControllerLocalizable.strings
copying file ./Payload/retrieverBuyer.app/TOCropViewControllerBundle.bundle/ms.lproj/TOCropViewControllerLocalizable.strings ... 
173 bytes for ./Payload/retrieverBuyer.app/TOCropViewControllerBundle.bundle/ms.lproj/TOCropViewControllerLocalizable.strings
2023-02-11 02:20:39 +0000  copying file ./Payload/retrieverBuyer.app/TOCropViewControllerBundle.bundle/cs.lproj/TOCropViewControllerLocalizable.strings ... 
173 bytes for ./Payload/retrieverBuyer.app/TOCropViewControllerBundle.bundle/cs.lproj/TOCropViewControllerLocalizable.strings
copying file ./Payload/retrieverBuyer.app/TOCropViewControllerBundle.bundle/ko.lproj/TOCropViewControllerLocalizable.strings ... 
2023-02-11 02:20:39 +0000  187 bytes for ./Payload/retrieverBuyer.app/TOCropViewControllerBundle.bundle/ko.lproj/TOCropViewControllerLocalizable.strings
copying file ./Payload/retrieverBuyer.app/TOCropViewControllerBundle.bundle/Base.lproj/TOCropViewControllerLocalizable.strings ... 
168 bytes for ./Payload/retrieverBuyer.app/TOCropViewControllerBundle.bundle/Base.lproj/TOCropViewControllerLocalizable.strings
2023-02-11 02:20:39 +0000  copying file ./Payload/retrieverBuyer.app/TOCropViewControllerBundle.bundle/zh-Hant.lproj/TOCropViewControllerLocalizable.strings ... 
175 bytes for ./Payload/retrieverBuyer.app/TOCropViewControllerBundle.bundle/zh-Hant.lproj/TOCropViewControllerLocalizable.strings
2023-02-11 02:20:39 +0000  copying file ./Payload/retrieverBuyer.app/TOCropViewControllerBundle.bundle/fa-IR.lproj/TOCropViewControllerLocalizable.strings ... 
210 bytes for ./Payload/retrieverBuyer.app/TOCropViewControllerBundle.bundle/fa-IR.lproj/TOCropViewControllerLocalizable.strings
copying file ./Payload/retrieverBuyer.app/TOCropViewControllerBundle.bundle/hu.lproj/TOCropViewControllerLocalizable.strings ... 
2023-02-11 02:20:39 +0000  194 bytes for ./Payload/retrieverBuyer.app/TOCropViewControllerBundle.bundle/hu.lproj/TOCropViewControllerLocalizable.strings
copying file ./Payload/retrieverBuyer.app/TOCropViewControllerBundle.bundle/da-DK.lproj/TOCropViewControllerLocalizable.strings ... 
2023-02-11 02:20:39 +0000  174 bytes for ./Payload/retrieverBuyer.app/TOCropViewControllerBundle.bundle/da-DK.lproj/TOCropViewControllerLocalizable.strings
copying file ./Payload/retrieverBuyer.app/TOCropViewControllerBundle.bundle/tr.lproj/TOCropViewControllerLocalizable.strings ... 
2023-02-11 02:20:39 +0000  183 bytes for ./Payload/retrieverBuyer.app/TOCropViewControllerBundle.bundle/tr.lproj/TOCropViewControllerLocalizable.strings
copying file ./Payload/retrieverBuyer.app/TOCropViewControllerBundle.bundle/pl.lproj/TOCropViewControllerLocalizable.strings ... 
171 bytes for ./Payload/retrieverBuyer.app/TOCropViewControllerBundle.bundle/pl.lproj/TOCropViewControllerLocalizable.strings
2023-02-11 02:20:39 +0000  copying file ./Payload/retrieverBuyer.app/TOCropViewControllerBundle.bundle/pt-BR.lproj/TOCropViewControllerLocalizable.strings ... 
181 bytes for ./Payload/retrieverBuyer.app/TOCropViewControllerBundle.bundle/pt-BR.lproj/TOCropViewControllerLocalizable.strings
copying file ./Payload/retrieverBuyer.app/TOCropViewControllerBundle.bundle/vi.lproj/TOCropViewControllerLocalizable.strings ... 
2023-02-11 02:20:39 +0000  178 bytes for ./Payload/retrieverBuyer.app/TOCropViewControllerBundle.bundle/vi.lproj/TOCropViewControllerLocalizable.strings
copying file ./Payload/retrieverBuyer.app/TOCropViewControllerBundle.bundle/ru.lproj/TOCropViewControllerLocalizable.strings ... 
2023-02-11 02:20:39 +0000  237 bytes for ./Payload/retrieverBuyer.app/TOCropViewControllerBundle.bundle/ru.lproj/TOCropViewControllerLocalizable.strings
copying file ./Payload/retrieverBuyer.app/TOCropViewControllerBundle.bundle/fr.lproj/TOCropViewControllerLocalizable.strings ... 
193 bytes for ./Payload/retrieverBuyer.app/TOCropViewControllerBundle.bundle/fr.lproj/TOCropViewControllerLocalizable.strings
2023-02-11 02:20:39 +0000  copying file ./Payload/retrieverBuyer.app/TOCropViewControllerBundle.bundle/fi.lproj/TOCropViewControllerLocalizable.strings ... 
179 bytes for ./Payload/retrieverBuyer.app/TOCropViewControllerBundle.bundle/fi.lproj/TOCropViewControllerLocalizable.strings
2023-02-11 02:20:39 +0000  copying file ./Payload/retrieverBuyer.app/TOCropViewControllerBundle.bundle/id.lproj/TOCropViewControllerLocalizable.strings ... 
178 bytes for ./Payload/retrieverBuyer.app/TOCropViewControllerBundle.bundle/id.lproj/TOCropViewControllerLocalizable.strings
copying file ./Payload/retrieverBuyer.app/TOCropViewControllerBundle.bundle/nl.lproj/TOCropViewControllerLocalizable.strings ... 
2023-02-11 02:20:39 +0000  178 bytes for ./Payload/retrieverBuyer.app/TOCropViewControllerBundle.bundle/nl.lproj/TOCropViewControllerLocalizable.strings
copying file ./Payload/retrieverBuyer.app/TOCropViewControllerBundle.bundle/pt.lproj/TOCropViewControllerLocalizable.strings ... 
181 bytes for ./Payload/retrieverBuyer.app/TOCropViewControllerBundle.bundle/pt.lproj/TOCropViewControllerLocalizable.strings
2023-02-11 02:20:39 +0000  copying file ./Payload/retrieverBuyer.app/TOCropViewControllerBundle.bundle/ro.lproj/TOCropViewControllerLocalizable.strings ... 
181 bytes for ./Payload/retrieverBuyer.app/TOCropViewControllerBundle.bundle/ro.lproj/TOCropViewControllerLocalizable.strings
copying file ./Payload/retrieverBuyer.app/TOCropViewControllerBundle.bundle/Info.plist ... 
2023-02-11 02:20:39 +0000  799 bytes for ./Payload/retrieverBuyer.app/TOCropViewControllerBundle.bundle/Info.plist
copying file ./Payload/retrieverBuyer.app/TOCropViewControllerBundle.bundle/ca.lproj/TOCropViewControllerLocalizable.strings ... 
177 bytes for ./Payload/retrieverBuyer.app/TOCropViewControllerBundle.bundle/ca.lproj/TOCropViewControllerLocalizable.strings
2023-02-11 02:20:39 +0000  copying file ./Payload/retrieverBuyer.app/Frameworks/hermes.framework/_CodeSignature/CodeResources ... 
2023-02-11 02:20:39 +0000  1798 bytes for ./Payload/retrieverBuyer.app/Frameworks/hermes.framework/_CodeSignature/CodeResources
copying file ./Payload/retrieverBuyer.app/Frameworks/hermes.framework/hermes ... 
2023-02-11 02:20:39 +0000  3119536 bytes for ./Payload/retrieverBuyer.app/Frameworks/hermes.framework/hermes
2023-02-11 02:20:39 +0000  copying file ./Payload/retrieverBuyer.app/Frameworks/hermes.framework/Info.plist ... 
2023-02-11 02:20:39 +0000  815 bytes for ./Payload/retrieverBuyer.app/Frameworks/hermes.framework/Info.plist
copying file ./Payload/retrieverBuyer.app/SimpleLineIcons.ttf ... 
2023-02-11 02:20:39 +0000  54056 bytes for ./Payload/retrieverBuyer.app/SimpleLineIcons.ttf
2023-02-11 02:20:39 +0000  copying file ./Payload/retrieverBuyer.app/HKGrotesk-RegularLegacy.ttf ... 
2023-02-11 02:20:39 +0000  86668 bytes for ./Payload/retrieverBuyer.app/HKGrotesk-RegularLegacy.ttf
2023-02-11 02:20:39 +0000  copying file ./Payload/retrieverBuyer.app/embedded.mobileprovision ... 
2023-02-11 02:20:39 +0000  16355 bytes for ./Payload/retrieverBuyer.app/embedded.mobileprovision
2023-02-11 02:20:39 +0000  copying file ./Payload/retrieverBuyer.app/assets/app/assets/images/ads/ads.jpg ... 
2023-02-11 02:20:39 +0000  139018 bytes for ./Payload/retrieverBuyer.app/assets/app/assets/images/ads/ads.jpg
2023-02-11 02:20:39 +0000  copying file ./Payload/retrieverBuyer.app/assets/app/assets/images/blogs/blog.jpg ... 
2023-02-11 02:20:39 +0000  194307 bytes for ./Payload/retrieverBuyer.app/assets/app/assets/images/blogs/blog.jpg
2023-02-11 02:20:39 +0000  copying file ./Payload/retrieverBuyer.app/assets/app/assets/images/buyerbackground.png ... 
2023-02-11 02:20:39 +0000  68767 bytes for ./Payload/retrieverBuyer.app/assets/app/assets/images/buyerbackground.png
2023-02-11 02:20:39 +0000  copying file ./Payload/retrieverBuyer.app/assets/app/assets/images/card/cvvinfo.png ... 
2023-02-11 02:20:39 +0000  70170 bytes for ./Payload/retrieverBuyer.app/assets/app/assets/images/card/cvvinfo.png
copying file ./Payload/retrieverBuyer.app/assets/app/assets/images/card/expiryinfo.png ... 
2023-02-11 02:20:39 +0000  104764 bytes for ./Payload/retrieverBuyer.app/assets/app/assets/images/card/expiryinfo.png
copying file ./Payload/retrieverBuyer.app/assets/app/assets/images/loginscreenheader.png ... 
2023-02-11 02:20:39 +0000  6339 bytes for ./Payload/retrieverBuyer.app/assets/app/assets/images/loginscreenheader.png
2023-02-11 02:20:39 +0000  copying file ./Payload/retrieverBuyer.app/assets/app/assets/images/toast/welcome-toast.png ... 
2023-02-11 02:20:39 +0000  25580 bytes for ./Payload/retrieverBuyer.app/assets/app/assets/images/toast/welcome-toast.png
2023-02-11 02:20:39 +0000  copying file ./Payload/retrieverBuyer.app/assets/app/assets/images/stores/coffee.jpg ... 
2023-02-11 02:20:39 +0000  635247 bytes for ./Payload/retrieverBuyer.app/assets/app/assets/images/stores/coffee.jpg
2023-02-11 02:20:39 +0000  copying file ./Payload/retrieverBuyer.app/assets/app/assets/images/stores/manokan.jpg ... 
2023-02-11 02:20:39 +0000  275765 bytes for ./Payload/retrieverBuyer.app/assets/app/assets/images/stores/manokan.jpg
copying file ./Payload/retrieverBuyer.app/assets/app/assets/images/stores/hayashi.jpg ... 
2023-02-11 02:20:39 +0000  166301 bytes for ./Payload/retrieverBuyer.app/assets/app/assets/images/stores/hayashi.jpg
copying file ./Payload/retrieverBuyer.app/assets/app/assets/images/stores/sample.png ... 
2023-02-11 02:20:39 +0000  15598 bytes for ./Payload/retrieverBuyer.app/assets/app/assets/images/stores/sample.png
copying file ./Payload/retrieverBuyer.app/assets/app/assets/images/stores/leylam.jpg ... 
2023-02-11 02:20:39 +0000  155784 bytes for ./Payload/retrieverBuyer.app/assets/app/assets/images/stores/leylam.jpg
2023-02-11 02:20:39 +0000  copying file ./Payload/retrieverBuyer.app/assets/app/assets/images/food1.png ... 
4029 bytes for ./Payload/retrieverBuyer.app/assets/app/assets/images/food1.png
2023-02-11 02:20:39 +0000  copying file ./Payload/retrieverBuyer.app/assets/app/assets/images/carousel/carouselimage.jpg ... 
2023-02-11 02:20:39 +0000  118423 bytes for ./Payload/retrieverBuyer.app/assets/app/assets/images/carousel/carouselimage.jpg
2023-02-11 02:20:39 +0000  copying file ./Payload/retrieverBuyer.app/assets/app/assets/images/navigations/wallet.png ... 
2023-02-11 02:20:39 +0000  965 bytes for ./Payload/retrieverBuyer.app/assets/app/assets/images/navigations/wallet.png
2023-02-11 02:20:39 +0000  copying file ./Payload/retrieverBuyer.app/assets/app/assets/images/navigations/arrowright.png ... 
2023-02-11 02:20:39 +0000  664 bytes for ./Payload/retrieverBuyer.app/assets/app/assets/images/navigations/arrowright.png
2023-02-11 02:20:39 +0000  copying file ./Payload/retrieverBuyer.app/assets/app/assets/images/navigations/question.png ... 
2023-02-11 02:20:39 +0000  2403 bytes for ./Payload/retrieverBuyer.app/assets/app/assets/images/navigations/question.png
2023-02-11 02:20:39 +0000  copying file ./Payload/retrieverBuyer.app/assets/app/assets/images/navigations/cog.png ... 
2023-02-11 02:20:39 +0000  2333 bytes for ./Payload/retrieverBuyer.app/assets/app/assets/images/navigations/cog.png
copying file ./Payload/retrieverBuyer.app/assets/app/assets/images/navigations/history.png ... 
2023-02-11 02:20:39 +0000  590 bytes for ./Payload/retrieverBuyer.app/assets/app/assets/images/navigations/history.png
copying file ./Payload/retrieverBuyer.app/assets/app/assets/images/navigations/profile.png ... 
2023-02-11 02:20:39 +0000  1942 bytes for ./Payload/retrieverBuyer.app/assets/app/assets/images/navigations/profile.png
2023-02-11 02:20:39 +0000  copying file ./Payload/retrieverBuyer.app/assets/app/assets/images/navigations/wavehand.png ... 
2023-02-11 02:20:39 +0000  2299 bytes for ./Payload/retrieverBuyer.app/assets/app/assets/images/navigations/wavehand.png
copying file ./Payload/retrieverBuyer.app/assets/app/assets/images/treats/treatsonsale.png ... 
2023-02-11 02:20:39 +0000  2805 bytes for ./Payload/retrieverBuyer.app/assets/app/assets/images/treats/treatsonsale.png
copying file ./Payload/retrieverBuyer.app/assets/app/assets/images/treats/freedelivery.png ... 
2023-02-11 02:20:39 +0000  3679 bytes for ./Payload/retrieverBuyer.app/assets/app/assets/images/treats/freedelivery.png
2023-02-11 02:20:39 +0000  copying file ./Payload/retrieverBuyer.app/assets/app/assets/images/treats/moretreats.png ... 
2023-02-11 02:20:39 +0000  3102 bytes for ./Payload/retrieverBuyer.app/assets/app/assets/images/treats/moretreats.png
copying file ./Payload/retrieverBuyer.app/assets/app/assets/images/users/person.png ... 
2023-02-11 02:20:39 +0000  74113 bytes for ./Payload/retrieverBuyer.app/assets/app/assets/images/users/person.png
2023-02-11 02:20:39 +0000  copying file ./Payload/retrieverBuyer.app/assets/app/assets/images/menus/menu3.png ... 
2023-02-11 02:20:39 +0000  324020 bytes for ./Payload/retrieverBuyer.app/assets/app/assets/images/menus/menu3.png
2023-02-11 02:20:39 +0000  copying file ./Payload/retrieverBuyer.app/assets/app/assets/images/menus/menu2.png ... 
2023-02-11 02:20:39 +0000  300476 bytes for ./Payload/retrieverBuyer.app/assets/app/assets/images/menus/menu2.png
copying file ./Payload/retrieverBuyer.app/assets/app/assets/images/menus/menu1.png ... 
2023-02-11 02:20:39 +0000  360775 bytes for ./Payload/retrieverBuyer.app/assets/app/assets/images/menus/menu1.png
copying file ./Payload/retrieverBuyer.app/assets/app/assets/images/menus/menu5.png ... 
2023-02-11 02:20:39 +0000  240538 bytes for ./Payload/retrieverBuyer.app/assets/app/assets/images/menus/menu5.png
copying file ./Payload/retrieverBuyer.app/assets/app/assets/images/menus/menu4.png ... 
2023-02-11 02:20:39 +0000  204118 bytes for ./Payload/retrieverBuyer.app/assets/app/assets/images/menus/menu4.png
2023-02-11 02:20:39 +0000  copying file ./Payload/retrieverBuyer.app/assets/app/assets/images/menus/menu6.png ... 
2023-02-11 02:20:39 +0000  265802 bytes for ./Payload/retrieverBuyer.app/assets/app/assets/images/menus/menu6.png
2023-02-11 02:20:39 +0000  copying file ./Payload/retrieverBuyer.app/assets/app/assets/images/receiptbackground.png ... 
2023-02-11 02:20:39 +0000  23835 bytes for ./Payload/retrieverBuyer.app/assets/app/assets/images/receiptbackground.png
2023-02-11 02:20:39 +0000  copying file ./Payload/retrieverBuyer.app/assets/app/assets/images/retriever_logo/logo.png ... 
2023-02-11 02:20:39 +0000  26073 bytes for ./Payload/retrieverBuyer.app/assets/app/assets/images/retriever_logo/logo.png
2023-02-11 02:20:39 +0000  copying file ./Payload/retrieverBuyer.app/assets/app/assets/images/about_us/website.png ... 
2023-02-11 02:20:39 +0000  2096 bytes for ./Payload/retrieverBuyer.app/assets/app/assets/images/about_us/website.png
copying file ./Payload/retrieverBuyer.app/assets/app/assets/images/about_us/terms.png ... 
1278 bytes for ./Payload/retrieverBuyer.app/assets/app/assets/images/about_us/terms.png
2023-02-11 02:20:39 +0000  copying file ./Payload/retrieverBuyer.app/assets/app/assets/images/about_us/privacy.png ... 
1345 bytes for ./Payload/retrieverBuyer.app/assets/app/assets/images/about_us/privacy.png
copying file ./Payload/retrieverBuyer.app/assets/app/assets/images/about_us/discord.png ... 
2023-02-11 02:20:39 +0000  1546 bytes for ./Payload/retrieverBuyer.app/assets/app/assets/images/about_us/discord.png
copying file ./Payload/retrieverBuyer.app/assets/app/assets/images/about_us/feedback.png ... 
2023-02-11 02:20:39 +0000  1378 bytes for ./Payload/retrieverBuyer.app/assets/app/assets/images/about_us/feedback.png
2023-02-11 02:20:39 +0000  copying file ./Payload/retrieverBuyer.app/assets/app/assets/images/services/tools.png ... 
2023-02-11 02:20:39 +0000  2107 bytes for ./Payload/retrieverBuyer.app/assets/app/assets/images/services/tools.png
copying file ./Payload/retrieverBuyer.app/assets/app/assets/images/services/food.png ... 
2023-02-11 02:20:39 +0000  3115 bytes for ./Payload/retrieverBuyer.app/assets/app/assets/images/services/food.png
2023-02-11 02:20:39 +0000  copying file ./Payload/retrieverBuyer.app/assets/app/assets/images/services/errands.png ... 
2023-02-11 02:20:39 +0000  2793 bytes for ./Payload/retrieverBuyer.app/assets/app/assets/images/services/errands.png
copying file ./Payload/retrieverBuyer.app/assets/app/assets/images/promo/promo2.png ... 
2023-02-11 02:20:39 +0000  7250 bytes for ./Payload/retrieverBuyer.app/assets/app/assets/images/promo/promo2.png
2023-02-11 02:20:39 +0000  copying file ./Payload/retrieverBuyer.app/assets/app/assets/images/promo/promo1.png ... 
2023-02-11 02:20:39 +0000  7563 bytes for ./Payload/retrieverBuyer.app/assets/app/assets/images/promo/promo1.png
2023-02-11 02:20:39 +0000  copying file ./Payload/retrieverBuyer.app/assets/app/assets/icons/info.png ... 
2023-02-11 02:20:39 +0000  1380 bytes for ./Payload/retrieverBuyer.app/assets/app/assets/icons/info.png
copying file ./Payload/retrieverBuyer.app/assets/app/assets/icons/card.png ... 
2023-02-11 02:20:39 +0000  691 bytes for ./Payload/retrieverBuyer.app/assets/app/assets/icons/card.png
copying file ./Payload/retrieverBuyer.app/assets/app/assets/icons/note.png ... 
2023-02-11 02:20:39 +0000  853 bytes for ./Payload/retrieverBuyer.app/assets/app/assets/icons/note.png
copying file ./Payload/retrieverBuyer.app/assets/app/assets/icons/time.png ... 
864 bytes for ./Payload/retrieverBuyer.app/assets/app/assets/icons/time.png
copying file ./Payload/retrieverBuyer.app/assets/app/assets/icons/cart2.png ... 
2023-02-11 02:20:39 +0000  972 bytes for ./Payload/retrieverBuyer.app/assets/app/assets/icons/cart2.png
copying file ./Payload/retrieverBuyer.app/assets/app/assets/icons/cart1.png ... 
2023-02-11 02:20:39 +0000  1253 bytes for ./Payload/retrieverBuyer.app/assets/app/assets/icons/cart1.png
copying file ./Payload/retrieverBuyer.app/assets/app/assets/icons/editicon.png ... 
2023-02-11 02:20:39 +0000  1113 bytes for ./Payload/retrieverBuyer.app/assets/app/assets/icons/editicon.png
copying file ./Payload/retrieverBuyer.app/assets/app/assets/icons/lock.png ... 
2023-02-11 02:20:39 +0000  490 bytes for ./Payload/retrieverBuyer.app/assets/app/assets/icons/lock.png
copying file ./Payload/retrieverBuyer.app/assets/app/assets/icons/map-marker.png ... 
2023-02-11 02:20:39 +0000  1454 bytes for ./Payload/retrieverBuyer.app/assets/app/assets/icons/map-marker.png
2023-02-11 02:20:39 +0000  copying file ./Payload/retrieverBuyer.app/assets/app/assets/icons/searchfilter/cake.png ... 
2023-02-11 02:20:39 +0000  1361 bytes for ./Payload/retrieverBuyer.app/assets/app/assets/icons/searchfilter/cake.png
copying file ./Payload/retrieverBuyer.app/assets/app/assets/icons/searchfilter/coffee.png ... 
2023-02-11 02:20:39 +0000  1694 bytes for ./Payload/retrieverBuyer.app/assets/app/assets/icons/searchfilter/coffee.png
copying file ./Payload/retrieverBuyer.app/assets/app/assets/icons/searchfilter/tag.png ... 
2023-02-11 02:20:39 +0000  994 bytes for ./Payload/retrieverBuyer.app/assets/app/assets/icons/searchfilter/tag.png
copying file ./Payload/retrieverBuyer.app/assets/app/assets/icons/searchfilter/brunch.png ... 
2023-02-11 02:20:39 +0000  1230 bytes for ./Payload/retrieverBuyer.app/assets/app/assets/icons/searchfilter/brunch.png
copying file ./Payload/retrieverBuyer.app/assets/app/assets/icons/searchfilter/clock.png ... 
2023-02-11 02:20:39 +0000  1409 bytes for ./Payload/retrieverBuyer.app/assets/app/assets/icons/searchfilter/clock.png
copying file ./Payload/retrieverBuyer.app/assets/app/assets/icons/searchfilter/asian.png ... 
2023-02-11 02:20:39 +0000  1460 bytes for ./Payload/retrieverBuyer.app/assets/app/assets/icons/searchfilter/asian.png
copying file ./Payload/retrieverBuyer.app/assets/app/assets/icons/searchfilter/burger.png ... 
2023-02-11 02:20:39 +0000  1339 bytes for ./Payload/retrieverBuyer.app/assets/app/assets/icons/searchfilter/burger.png
copying file ./Payload/retrieverBuyer.app/assets/app/assets/icons/wallet2.png ... 
2023-02-11 02:20:39 +0000  724 bytes for ./Payload/retrieverBuyer.app/assets/app/assets/icons/wallet2.png
copying file ./Payload/retrieverBuyer.app/assets/app/assets/icons/payment/retrieverwallet.png ... 
2023-02-11 02:20:39 +0000  2587 bytes for ./Payload/retrieverBuyer.app/assets/app/assets/icons/payment/retrieverwallet.png
copying file ./Payload/retrieverBuyer.app/assets/app/assets/icons/payment/gcash.png ... 
2997 bytes for ./Payload/retrieverBuyer.app/assets/app/assets/icons/payment/gcash.png
2023-02-11 02:20:39 +0000  copying file ./Payload/retrieverBuyer.app/assets/app/assets/icons/payment/money.png ... 
1234 bytes for ./Payload/retrieverBuyer.app/assets/app/assets/icons/payment/money.png
copying file ./Payload/retrieverBuyer.app/assets/app/assets/icons/promo1.png ... 
2023-02-11 02:20:39 +0000  1393 bytes for ./Payload/retrieverBuyer.app/assets/app/assets/icons/promo1.png
copying file ./Payload/retrieverBuyer.app/assets/app/assets/icons/wallet1.png ... 
729 bytes for ./Payload/retrieverBuyer.app/assets/app/assets/icons/wallet1.png
2023-02-11 02:20:39 +0000  copying file ./Payload/retrieverBuyer.app/assets/app/assets/icons/user.png ... 
2023-02-11 02:20:39 +0000  9860 bytes for ./Payload/retrieverBuyer.app/assets/app/assets/icons/user.png
copying file ./Payload/retrieverBuyer.app/assets/app/assets/icons/distance.png ... 
759 bytes for ./Payload/retrieverBuyer.app/assets/app/assets/icons/distance.png
2023-02-11 02:20:39 +0000  copying file ./Payload/retrieverBuyer.app/assets/app/assets/icons/promo.png ... 
807 bytes for ./Payload/retrieverBuyer.app/assets/app/assets/icons/promo.png
copying file ./Payload/retrieverBuyer.app/assets/app/assets/icons/sort.png ... 
2023-02-11 02:20:39 +0000  573 bytes for ./Payload/retrieverBuyer.app/assets/app/assets/icons/sort.png
copying file ./Payload/retrieverBuyer.app/assets/app/assets/icons/distance1.png ... 
940 bytes for ./Payload/retrieverBuyer.app/assets/app/assets/icons/distance1.png
copying file ./Payload/retrieverBuyer.app/assets/app/assets/icons/success.png ... 
2023-02-11 02:20:39 +0000  14557 bytes for ./Payload/retrieverBuyer.app/assets/app/assets/icons/success.png
2023-02-11 02:20:39 +0000  copying file ./Payload/retrieverBuyer.app/assets/app/assets/icons/info1.png ... 
929 bytes for ./Payload/retrieverBuyer.app/assets/app/assets/icons/info1.png
copying file ./Payload/retrieverBuyer.app/assets/app/assets/icons/track1.png ... 
2023-02-11 02:20:39 +0000  605 bytes for ./Payload/retrieverBuyer.app/assets/app/assets/icons/track1.png
copying file ./Payload/retrieverBuyer.app/assets/app/assets/icons/star.png ... 
697 bytes for ./Payload/retrieverBuyer.app/assets/app/assets/icons/star.png
2023-02-11 02:20:39 +0000  copying file ./Payload/retrieverBuyer.app/assets/app/assets/icons/send.png ... 
1174 bytes for ./Payload/retrieverBuyer.app/assets/app/assets/icons/send.png
copying file ./Payload/retrieverBuyer.app/assets/app/assets/icons/rating.png ... 
2023-02-11 02:20:39 +0000  2225 bytes for ./Payload/retrieverBuyer.app/assets/app/assets/icons/rating.png
copying file ./Payload/retrieverBuyer.app/assets/app/assets/icons/check-circle-background.png ... 
2023-02-11 02:20:39 +0000  1171 bytes for ./Payload/retrieverBuyer.app/assets/app/assets/icons/check-circle-background.png
copying file ./Payload/retrieverBuyer.app/assets/app/assets/icons/check-circle.png ... 
2023-02-11 02:20:39 +0000  669 bytes for ./Payload/retrieverBuyer.app/assets/app/assets/icons/check-circle.png
copying file ./Payload/retrieverBuyer.app/assets/app/assets/icons/copy.png ... 
1133 bytes for ./Payload/retrieverBuyer.app/assets/app/assets/icons/copy.png
2023-02-11 02:20:39 +0000  copying file ./Payload/retrieverBuyer.app/assets/node_modules/react-native-ratings/dist/images/bell.png ... 
2023-02-11 02:20:39 +0000  2989 bytes for ./Payload/retrieverBuyer.app/assets/node_modules/react-native-ratings/dist/images/bell.png
2023-02-11 02:20:39 +0000  copying file ./Payload/retrieverBuyer.app/assets/node_modules/react-native-ratings/dist/images/airbnb-star-selected.png ... 
934 bytes for ./Payload/retrieverBuyer.app/assets/node_modules/react-native-ratings/dist/images/airbnb-star-selected.png
copying file ./Payload/retrieverBuyer.app/assets/node_modules/react-native-ratings/dist/images/heart.png ... 
2023-02-11 02:20:39 +0000  1928 bytes for ./Payload/retrieverBuyer.app/assets/node_modules/react-native-ratings/dist/images/heart.png
2023-02-11 02:20:39 +0000  copying file ./Payload/retrieverBuyer.app/assets/node_modules/react-native-ratings/dist/images/airbnb-star.png ... 
930 bytes for ./Payload/retrieverBuyer.app/assets/node_modules/react-native-ratings/dist/images/airbnb-star.png
copying file ./Payload/retrieverBuyer.app/assets/node_modules/react-native-ratings/dist/images/rocket.png ... 
2023-02-11 02:20:39 +0000  4050 bytes for ./Payload/retrieverBuyer.app/assets/node_modules/react-native-ratings/dist/images/rocket.png
2023-02-11 02:20:39 +0000  copying file ./Payload/retrieverBuyer.app/assets/node_modules/react-native-ratings/dist/images/star.png ... 
2023-02-11 02:20:39 +0000  1961 bytes for ./Payload/retrieverBuyer.app/assets/node_modules/react-native-ratings/dist/images/star.png
2023-02-11 02:20:39 +0000  copying file ./Payload/retrieverBuyer.app/assets/node_modules/@react-navigation/elements/src/assets/back-icon@3x.png ... 
2023-02-11 02:20:39 +0000  761 bytes for ./Payload/retrieverBuyer.app/assets/node_modules/@react-navigation/elements/src/assets/back-icon@3x.png
copying file ./Payload/retrieverBuyer.app/assets/node_modules/@react-navigation/elements/src/assets/back-icon@2x.png ... 
2023-02-11 02:20:39 +0000  405 bytes for ./Payload/retrieverBuyer.app/assets/node_modules/@react-navigation/elements/src/assets/back-icon@2x.png
copying file ./Payload/retrieverBuyer.app/assets/node_modules/@react-navigation/elements/src/assets/back-icon.png ... 
2023-02-11 02:20:39 +0000  290 bytes for ./Payload/retrieverBuyer.app/assets/node_modules/@react-navigation/elements/src/assets/back-icon.png
copying file ./Payload/retrieverBuyer.app/assets/node_modules/@react-navigation/elements/src/assets/back-icon-mask.png ... 
2023-02-11 02:20:39 +0000  913 bytes for ./Payload/retrieverBuyer.app/assets/node_modules/@react-navigation/elements/src/assets/back-icon-mask.png
2023-02-11 02:20:39 +0000  copying file ./Payload/retrieverBuyer.app/assets/node_modules/react-native-paper/src/assets/back-chevron.png ... 
2023-02-11 02:20:39 +0000  489 bytes for ./Payload/retrieverBuyer.app/assets/node_modules/react-native-paper/src/assets/back-chevron.png
2023-02-11 02:20:39 +0000  copying file ./Payload/retrieverBuyer.app/assets/node_modules/react-native-element-dropdown/src/assets/down.png ... 
2023-02-11 02:20:39 +0000  186 bytes for ./Payload/retrieverBuyer.app/assets/node_modules/react-native-element-dropdown/src/assets/down.png
copying file ./Payload/retrieverBuyer.app/assets/node_modules/react-native-element-dropdown/src/assets/close.png ... 
2023-02-11 02:20:39 +0000  208 bytes for ./Payload/retrieverBuyer.app/assets/node_modules/react-native-element-dropdown/src/assets/close.png
2023-02-11 02:20:39 +0000  copying file ./Payload/retrieverBuyer.app/assets/node_modules/react-native-google-places-autocomplete/images/powered_by_google_on_white@2x.png ... 
1731 bytes for ./Payload/retrieverBuyer.app/assets/node_modules/react-native-google-places-autocomplete/images/powered_by_google_on_white@2x.png
2023-02-11 02:20:39 +0000  copying file ./Payload/retrieverBuyer.app/assets/node_modules/react-native-google-places-autocomplete/images/powered_by_google_on_white@3x.png ... 
2023-02-11 02:20:39 +0000  4232 bytes for ./Payload/retrieverBuyer.app/assets/node_modules/react-native-google-places-autocomplete/images/powered_by_google_on_white@3x.png
copying file ./Payload/retrieverBuyer.app/assets/node_modules/react-native-google-places-autocomplete/images/powered_by_google_on_white.png ... 
2023-02-11 02:20:39 +0000  1563 bytes for ./Payload/retrieverBuyer.app/assets/node_modules/react-native-google-places-autocomplete/images/powered_by_google_on_white.png
2023-02-11 02:20:39 +0000  copying file ./Payload/retrieverBuyer.app/HKGrotesk-BoldLegacy.ttf ... 
2023-02-11 02:20:39 +0000  83976 bytes for ./Payload/retrieverBuyer.app/HKGrotesk-BoldLegacy.ttf
copying file ./Payload/retrieverBuyer.app/Info.plist ... 
2023-02-11 02:20:39 +0000  4957 bytes for ./Payload/retrieverBuyer.app/Info.plist
copying file ./Payload/retrieverBuyer.app/HKGrotesk-BoldLegacyItalic.ttf ... 
2023-02-11 02:20:39 +0000  86712 bytes for ./Payload/retrieverBuyer.app/HKGrotesk-BoldLegacyItalic.ttf
copying file ./Payload/retrieverBuyer.app/PkgInfo ... 
2023-02-11 02:20:39 +0000  8 bytes for ./Payload/retrieverBuyer.app/PkgInfo
copying file ./Payload/retrieverBuyer.app/MaterialIcons.ttf ... 
2023-02-11 02:20:39 +0000  230384 bytes for ./Payload/retrieverBuyer.app/MaterialIcons.ttf
2023-02-11 02:20:39 +0000  /usr/bin/ditto exited with 0
2023-02-11 02:20:39 +0000  Processing step: IDEDistributionAppStoreInformationStep
2023-02-11 02:20:39 +0000  Skipping step: IDEDistributionAppStoreInformationStep because it said so
2023-02-11 02:20:39 +0000  Processing step: IDEDistributionGenerateProcessedDistributionItems
2023-02-11 02:20:40 +0000  IDEDistributionItem init <DVTFilePath:0x7fc92da746f0:'/var/folders/qq/kn3mb_ls71z640nps5cfm5yw0000gn/T/XcodeDistPipeline.~~~TYVn0t/Root/Payload/retrieverBuyer.app/Frameworks/hermes.framework'>
2023-02-11 02:20:40 +0000  IDEDistributionItem init <DVTFilePath:0x7fc9564b8540:'/var/folders/qq/kn3mb_ls71z640nps5cfm5yw0000gn/T/XcodeDistPipeline.~~~TYVn0t/Root/Payload/retrieverBuyer.app'>
2023-02-11 02:20:40 +0000  Processing step: IDEDistributionCreateManifestStep
